yahoo_symbol,fundamentalsFetchedAtUtc,fundamentalsFetchStatus,fundamentalsFetchHttpStatus,fundamentalsFetchError,priceSource,priceFetchedAtUtc,code,name,sector,industry,asset_type,universe_source,payoutRatio,fiveYearAvgDividendYield,exDividendDate,trailingAnnualDividendRate,trailingAnnualDividendYield,dividendRate,dividendYield,beta,marketCap,enterpriseValue,enterpriseToEbitda,pegRatio,sharesOutstanding,floatShares,heldPercentInsiders,heldPercentInstitutions,shortPercentOfFloat,shortRatio,sharesShort,sharesShortPriorMonth,dateShortInterest,bookValue,priceToBook,trailingEps,forwardEps,freeCashflow,operatingCashflow,ebitda,totalCash,totalDebt,debtToEquity,currentRatio,quickRatio,grossMargins,operatingMargins,profitMargins,returnOnAssets,returnOnEquity,revenueGrowth,earningsGrowth,totalRevenue,targetMeanPrice,targetHighPrice,targetLowPrice,recommendationMean,recommendationKey,numberOfAnalystOpinions,sector_yahoo,industry_yahoo,website,country,fullTimeEmployees,currency,exchangeName,quoteType,earningsDate,netDebt
"# ASX universe tickers (Yahoo symbols, .AX)",,,,,,,,,,,,,,,,,,,,,,,,,,,,,,,,,,,,,,,,,,,,,,,,,,,,,,,,,,,,,,,,,,,,,
# last_extracted_awst: 2026-02-09 13:48 AWST,,,,,,,,,,,,,,,,,,,,,,,,,,,,,,,,,,,,,,,,,,,,,,,,,,,,,,,,,,,,,,,,,,,,,
# last_extracted_utc: 2026-02-09T05:48:35Z,,,,,,,,,,,,,,,,,,,,,,,,,,,,,,,,,,,,,,,,,,,,,,,,,,,,,,,,,,,,,,,,,,,,,
# one symbol per line,,,,,,,,,,,,,,,,,,,,,,,,,,,,,,,,,,,,,,,,,,,,,,,,,,,,,,,,,,,,,,,,,,,,,
10X.AX,,,,,,,10X,EXULTANT MINING LIMITED,Materials,Materials,EQUITY,ASXListedCompanies.csv,,,,,,,,,,,,,,,,,,,,,,,,,,,,,,,,,,,,,,,,,,,,,,,,,,,,,,,,,
14D.AX,,,,,,,14D,1414 DEGREES LIMITED,Industrials,Capital Goods,EQUITY,ASXListedCompanies.csv,,,,,,,,,,,,,,,,,,,,,,,,,,,,,,,,,,,,,,,,,,,,,,,,,,,,,,,,,
1AD.AX,,,,,,,1AD,ADALTA LIMITED,Health Care,"Pharmaceuticals, Biotechnology & Life Sciences",EQUITY,ASXListedCompanies.csv,,,,,,,,,,,,,,,,,,,,,,,,,,,,,,,,,,,,,,,,,,,,,,,,,,,,,,,,,
1AE.AX,,,,,,,1AE,AURORA ENERGY METALS LIMITED,Materials,Materials,EQUITY,ASXListedCompanies.csv,,,,,,,,,,,,,,,,,,,,,,,,,,,,,,,,,,,,,,,,,,,,,,,,,,,,,,,,,
1AI.AX,,,,,,,1AI,ALGORAE PHARMACEUTICALS LIMITED,Health Care,"Pharmaceuticals, Biotechnology & Life Sciences",EQUITY,ASXListedCompanies.csv,,,,,,,,,,,,,,,,,,,,,,,,,,,,,,,,,,,,,,,,,,,,,,,,,,,,,,,,,
1CG.AX,,,,,,,1CG,ONE CLICK GROUP LIMITED,Industrials,Capital Goods,EQUITY,ASXListedCompanies.csv,,,,,,,,,,,,,,,,,,,,,,,,,,,,,,,,,,,,,,,,,,,,,,,,,,,,,,,,,
1GOV.AX,,,,,,,1GOV,VanEck 1-5 Year Australian Government Bond ETF,,Spotlight ETP List,ETF/ETP,ASXInvestmentProductsMonthlyReport,,,,,,,,,,,,,,,,,,,,,,,,,,,,,,,,,,,,,,,,,,,,,,,,,,,,,,,,,
1MC.AX,,,,,,,1MC,MORELLA CORPORATION LIMITED,Materials,Materials,EQUITY,ASXListedCompanies.csv,,,,,,,,,,,,,,,,,,,,,,,,,,,,,,,,,,,,,,,,,,,,,,,,,,,,,,,,,
1TT.AX,,,,,,,1TT,THRIVE TRIBE TECHNOLOGIES LIMITED,Information Technology,Software & Services,EQUITY,ASXListedCompanies.csv,,,,,,,,,,,,,,,,,,,,,,,,,,,,,,,,,,,,,,,,,,,,,,,,,,,,,,,,,
28BB.AX,,,,,,,28BB,Betashares 2028 Fixed Term Corporate Bond Active ETF,,Spotlight ETP List,ETF/ETP,ASXInvestmentProductsMonthlyReport,,,,,,,,,,,,,,,,,,,,,,,,,,,,,,,,,,,,,,,,,,,,,,,,,,,,,,,,,
29BB.AX,,,,,,,29BB,Betashares 2029 Fixed Term Corporate Bond Active ETF,,Spotlight ETP List,ETF/ETP,ASXInvestmentProductsMonthlyReport,,,,,,,,,,,,,,,,,,,,,,,,,,,,,,,,,,,,,,,,,,,,,,,,,,,,,,,,,
29M.AX,,,,,,,29M,29METALS LIMITED,Materials,Materials,EQUITY,ASXListedCompanies.csv,,,,,,,,,,,,,,,,,,,,,,,,,,,,,,,,,,,,,,,,,,,,,,,,,,,,,,,,,
30BB.AX,,,,,,,30BB,Betashares 2030 Fixed Term Corporate Bond Active ETF,,Spotlight ETP List,ETF/ETP,ASXInvestmentProductsMonthlyReport,,,,,,,,,,,,,,,,,,,,,,,,,,,,,,,,,,,,,,,,,,,,,,,,,,,,,,,,,
360.AX,,,,,,,360,LIFE360 INC.,Information Technology,Software & Services,EQUITY,ASXListedCompanies.csv,,,,,,,,,,,,,,,,,,,,,,,,,,,,,,,,,,,,,,,,,,,,,,,,,,,,,,,,,
3DA.AX,,,,,,,3DA,AMAERO LTD,Industrials,Capital Goods,EQUITY,ASXListedCompanies.csv,,,,,,,,,,,,,,,,,,,,,,,,,,,,,,,,,,,,,,,,,,,,,,,,,,,,,,,,,
3DP.AX,,,,,,,3DP,POINTERRA LIMITED,Information Technology,Software & Services,EQUITY,ASXListedCompanies.csv,,,,,,,,,,,,,,,,,,,,,,,,,,,,,,,,,,,,,,,,,,,,,,,,,,,,,,,,,
3PL.AX,,,,,,,3PL,3P LEARNING LIMITED..,Consumer Discretionary,Consumer Services,EQUITY,ASXListedCompanies.csv,,,,,,,,,,,,,,,,,,,,,,,,,,,,,,,,,,,,,,,,,,,,,,,,,,,,,,,,,
49M.AX,,,,,,,49M,49 METALS LIMITED,,Class Pend,EQUITY,ASXListedCompanies.csv,,,,,,,,,,,,,,,,,,,,,,,,,,,,,,,,,,,,,,,,,,,,,,,,,,,,,,,,,
4DI01.AX,,,,,,,4DI01,4D Global Infrastructure Fund (Unhedged),,Spotlight mFund List,ETF/ETP,ASXInvestmentProductsMonthlyReport,,,,,,,,,,,,,,,,,,,,,,,,,,,,,,,,,,,,,,,,,,,,,,,,,,,,,,,,,
4DS.AX,,,,,,,4DS,4DS MEMORY LIMITED,Information Technology,Semiconductors & Semiconductor Equipment,EQUITY,ASXListedCompanies.csv,,,,,,,,,,,,,,,,,,,,,,,,,,,,,,,,,,,,,,,,,,,,,,,,,,,,,,,,,
4DX.AX,,,,,,,4DX,4DMEDICAL LIMITED,Health Care,Health Care Equipment & Services,EQUITY,ASXListedCompanies.csv,,,,,,,,,,,,,,,,,,,,,,,,,,,,,,,,,,,,,,,,,,,,,,,,,,,,,,,,,
5EA.AX,,,,,,,5EA,5E ADVANCED MATERIALS INC.,Materials,Materials,EQUITY,ASXListedCompanies.csv,,,,,,,,,,,,,,,,,,,,,,,,,,,,,,,,,,,,,,,,,,,,,,,,,,,,,,,,,
5GG.AX,,,,,,,5GG,PENTANET LIMITED,Communication Services,Telecommunication Services,EQUITY,ASXListedCompanies.csv,,,,,,,,,,,,,,,,,,,,,,,,,,,,,,,,,,,,,,,,,,,,,,,,,,,,,,,,,
5GN.AX,,,,,,,5GN,5G NETWORKS LIMITED.,Information Technology,Software & Services,EQUITY,ASXListedCompanies.csv,,,,,,,,,,,,,,,,,,,,,,,,,,,,,,,,,,,,,,,,,,,,,,,,,,,,,,,,,
5GOV.AX,,,,,,,5GOV,VanEck 5-10 Year Australian Government Bond ETF,,Spotlight ETP List,ETF/ETP,ASXInvestmentProductsMonthlyReport,,,,,,,,,,,,,,,,,,,,,,,,,,,,,,,,,,,,,,,,,,,,,,,,,,,,,,,,,
6KA.AX,,,,,,,6KA,"6K ADDITIVE, INC.",Materials,Materials,EQUITY,ASXListedCompanies.csv,,,,,,,,,,,,,,,,,,,,,,,,,,,,,,,,,,,,,,,,,,,,,,,,,,,,,,,,,
88E.AX,,,,,,,88E,88 ENERGY LIMITED,Energy,Energy,EQUITY,ASXListedCompanies.csv,,,,,,,,,,,,,,,,,,,,,,,,,,,,,,,,,,,,,,,,,,,,,,,,,,,,,,,,,
8CO.AX,,,,,,,8CO,8COMMON LIMITED,Information Technology,Software & Services,EQUITY,ASXListedCompanies.csv,,,,,,,,,,,,,,,,,,,,,,,,,,,,,,,,,,,,,,,,,,,,,,,,,,,,,,,,,
8IH.AX,,,,,,,8IH,8I HOLDINGS LTD,Financials,Financial Services,EQUITY,ASXListedCompanies.csv,,,,,,,,,,,,,,,,,,,,,,,,,,,,,,,,,,,,,,,,,,,,,,,,,,,,,,,,,
A11.AX,,,,,,,A11,ATLANTIC LITHIUM LIMITED,Materials,Materials,EQUITY,ASXListedCompanies.csv,,,,,,,,,,,,,,,,,,,,,,,,,,,,,,,,,,,,,,,,,,,,,,,,,,,,,,,,,
A1G.AX,,,,,,,A1G,AFRICAN GOLD LTD.,Materials,Materials,EQUITY,ASXListedCompanies.csv,,,,,,,,,,,,,,,,,,,,,,,,,,,,,,,,,,,,,,,,,,,,,,,,,,,,,,,,,
A1M.AX,,,,,,,A1M,AIC MINES LIMITED,Materials,Materials,EQUITY,ASXListedCompanies.csv,,,,,,,,,,,,,,,,,,,,,,,,,,,,,,,,,,,,,,,,,,,,,,,,,,,,,,,,,
A1N.AX,,,,,,,A1N,ARN MEDIA LIMITED,Communication Services,Media & Entertainment,EQUITY,ASXListedCompanies.csv,,,,,,,,,,,,,,,,,,,,,,,,,,,,,,,,,,,,,,,,,,,,,,,,,,,,,,,,,
A200.AX,,,,,,,A200,Betashares Australia 200 ETF,,Spotlight ETP List,ETF/ETP,ASXInvestmentProductsMonthlyReport,,,,,,,,,,,,,,,,,,,,,,,,,,,,,,,,,,,,,,,,,,,,,,,,,,,,,,,,,
A2M.AX,,,,,,,A2M,THE A2 MILK COMPANY LIMITED,Consumer Staples,"Food, Beverage & Tobacco",EQUITY,ASXListedCompanies.csv,,,,,,,,,,,,,,,,,,,,,,,,,,,,,,,,,,,,,,,,,,,,,,,,,,,,,,,,,
A300.AX,,,,,,,A300,Global X Australia 300 ETF,,Spotlight ETP List,ETF/ETP,ASXInvestmentProductsMonthlyReport,,,,,,,,,,,,,,,,,,,,,,,,,,,,,,,,,,,,,,,,,,,,,,,,,,,,,,,,,
A3D.AX,,,,,,,A3D,AURORA LABS LIMITED,Industrials,Capital Goods,EQUITY,ASXListedCompanies.csv,,,,,,,,,,,,,,,,,,,,,,,,,,,,,,,,,,,,,,,,,,,,,,,,,,,,,,,,,
A4N.AX,,,,,,,A4N,ALPHA HPA LIMITED,Materials,Materials,EQUITY,ASXListedCompanies.csv,,,,,,,,,,,,,,,,,,,,,,,,,,,,,,,,,,,,,,,,,,,,,,,,,,,,,,,,,
A8G.AX,,,,,,,A8G,AUSTRALASIAN METALS LIMITED,Materials,Materials,EQUITY,ASXListedCompanies.csv,,,,,,,,,,,,,,,,,,,,,,,,,,,,,,,,,,,,,,,,,,,,,,,,,,,,,,,,,
AA2.AX,,,,,,,AA2,ARIANA RESOURCES PLC,Materials,Materials,EQUITY,ASXListedCompanies.csv,,,,,,,,,,,,,,,,,,,,,,,,,,,,,,,,,,,,,,,,,,,,,,,,,,,,,,,,,
AAA.AX,,,,,,,AAA,Betashares Australian High Interest Cash ETF,,Spotlight ETP List,ETF/ETP,ASXInvestmentProductsMonthlyReport,,,,,,,,,,,,,,,,,,,,,,,,,,,,,,,,,,,,,,,,,,,,,,,,,,,,,,,,,
AAC.AX,,,,,,,AAC,AUSTRALIAN AGRICULTURAL COMPANY LIMITED.,Consumer Staples,"Food, Beverage & Tobacco",EQUITY,ASXListedCompanies.csv,,,,,,,,,,,,,,,,,,,,,,,,,,,,,,,,,,,,,,,,,,,,,,,,,,,,,,,,,
AAI.AX,,,,,,,AAI,ALCOA CORPORATION,Materials,Materials,EQUITY,ASXListedCompanies.csv,,,,,,,,,,,,,,,,,,,,,,,,,,,,,,,,,,,,,,,,,,,,,,,,,,,,,,,,,
AAJ.AX,,,,,,,AAJ,ARUMA RESOURCES LIMITED,Materials,Materials,EQUITY,ASXListedCompanies.csv,,,,,,,,,,,,,,,,,,,,,,,,,,,,,,,,,,,,,,,,,,,,,,,,,,,,,,,,,
AAL.AX,,,,,,,AAL,ALFABS AUSTRALIA LIMITED,Industrials,Capital Goods,EQUITY,ASXListedCompanies.csv,,,,,,,,,,,,,,,,,,,,,,,,,,,,,,,,,,,,,,,,,,,,,,,,,,,,,,,,,
AAM.AX,,,,,,,AAM,AUMEGA METALS LTD,Materials,Materials,EQUITY,ASXListedCompanies.csv,,,,,,,,,,,,,,,,,,,,,,,,,,,,,,,,,,,,,,,,,,,,,,,,,,,,,,,,,
AAP.AX,,,,,,,AAP,AUSTRALIAN AGRICULTURAL PROJECTS LIMITED,Consumer Staples,"Food, Beverage & Tobacco",EQUITY,ASXListedCompanies.csv,,,,,,,,,,,,,,,,,,,,,,,,,,,,,,,,,,,,,,,,,,,,,,,,,,,,,,,,,
AAR.AX,,,,,,,AAR,ASTRAL RESOURCES NL,Materials,Materials,EQUITY,ASXListedCompanies.csv,,,,,,,,,,,,,,,,,,,,,,,,,,,,,,,,,,,,,,,,,,,,,,,,,,,,,,,,,
AASF.AX,,,,,,,AASF,Airlie Australian Share Fund - Active ETF,,Spotlight ETP List,ETF/ETP,ASXInvestmentProductsMonthlyReport,,,,,,,,,,,,,,,,,,,,,,,,,,,,,,,,,,,,,,,,,,,,,,,,,,,,,,,,,
AAU.AX,,,,,,,AAU,ANTILLES GOLD LIMITED,Materials,Materials,EQUITY,ASXListedCompanies.csv,,,,,,,,,,,,,,,,,,,,,,,,,,,,,,,,,,,,,,,,,,,,,,,,,,,,,,,,,
ABB.AX,,,,,,,ABB,AUSSIE BROADBAND LIMITED,Communication Services,Telecommunication Services,EQUITY,ASXListedCompanies.csv,,,,,,,,,,,,,,,,,,,,,,,,,,,,,,,,,,,,,,,,,,,,,,,,,,,,,,,,,
ABE.AX,,,,,,,ABE,AUSTRALIAN BOND EXCHANGE HOLDINGS LIMITED,Financials,Financial Services,EQUITY,ASXListedCompanies.csv,,,,,,,,,,,,,,,,,,,,,,,,,,,,,,,,,,,,,,,,,,,,,,,,,,,,,,,,,
ABG.AX,,,,,,,ABG,ABACUS GROUP,Real Estate,Equity Real Estate Investment Trusts (REITs),EQUITY,ASXListedCompanies.csv,,,,,,,,,,,,,,,,,,,,,,,,,,,,,,,,,,,,,,,,,,,,,,,,,,,,,,,,,
ABR.AX,,,,,,,ABR,ALBRIGHT METALS LTD,Materials,Materials,EQUITY,ASXListedCompanies.csv,,,,,,,,,,,,,,,,,,,,,,,,,,,,,,,,,,,,,,,,,,,,,,,,,,,,,,,,,
ABV.AX,,,,,,,ABV,ADVANCED BRAKING TECHNOLOGY LTD,Consumer Discretionary,Automobiles & Components,EQUITY,ASXListedCompanies.csv,,,,,,,,,,,,,,,,,,,,,,,,,,,,,,,,,,,,,,,,,,,,,,,,,,,,,,,,,
ABX.AX,,,,,,,ABX,ABX GROUP LIMITED,Materials,Materials,EQUITY,ASXListedCompanies.csv,,,,,,,,,,,,,,,,,,,,,,,,,,,,,,,,,,,,,,,,,,,,,,,,,,,,,,,,,
ABY.AX,,,,,,,ABY,ADORE BEAUTY GROUP LIMITED,Consumer Discretionary,Consumer Discretionary Distribution & Retail,EQUITY,ASXListedCompanies.csv,,,,,,,,,,,,,,,,,,,,,,,,,,,,,,,,,,,,,,,,,,,,,,,,,,,,,,,,,
AC2.AX,,,,,,,AC2,ALLIED CREDIT ABS TRUST 2025-1P,,Not Applic,EQUITY,ASXListedCompanies.csv,,,,,,,,,,,,,,,,,,,,,,,,,,,,,,,,,,,,,,,,,,,,,,,,,,,,,,,,,
ACDC.AX,,,,,,,ACDC,Global X Battery Tech & Lithium ETF,,Spotlight ETP List,ETF/ETP,ASXInvestmentProductsMonthlyReport,,,,,,,,,,,,,,,,,,,,,,,,,,,,,,,,,,,,,,,,,,,,,,,,,,,,,,,,,
ACE.AX,,,,,,,ACE,ACUSENSUS LIMITED.,Information Technology,Software & Services,EQUITY,ASXListedCompanies.csv,,,,,,,,,,,,,,,,,,,,,,,,,,,,,,,,,,,,,,,,,,,,,,,,,,,,,,,,,
ACF.AX,,,,,,,ACF,ACROW LIMITED,Industrials,Capital Goods,EQUITY,ASXListedCompanies.csv,,,,,,,,,,,,,,,,,,,,,,,,,,,,,,,,,,,,,,,,,,,,,,,,,,,,,,,,,
ACL.AX,,,,,,,ACL,AUSTRALIAN CLINICAL LABS LIMITED,Health Care,Health Care Equipment & Services,EQUITY,ASXListedCompanies.csv,,,,,,,,,,,,,,,,,,,,,,,,,,,,,,,,,,,,,,,,,,,,,,,,,,,,,,,,,
ACM.AX,,,,,,,ACM,AUSTRALIAN CRITICAL MINERALS LIMITED,Materials,Materials,EQUITY,ASXListedCompanies.csv,,,,,,,,,,,,,,,,,,,,,,,,,,,,,,,,,,,,,,,,,,,,,,,,,,,,,,,,,
ACP.AX,,,,,,,ACP,AUDALIA RESOURCES LIMITED,Materials,Materials,EQUITY,ASXListedCompanies.csv,,,,,,,,,,,,,,,,,,,,,,,,,,,,,,,,,,,,,,,,,,,,,,,,,,,,,,,,,
ACQ.AX,,,,,,,ACQ,ACORN CAPITAL INVESTMENT FUND LIMITED,,Not Applic,EQUITY,ASXListedCompanies.csv,,,,,,,,,,,,,,,,,,,,,,,,,,,,,,,,,,,,,,,,,,,,,,,,,,,,,,,,,
ACR.AX,,,,,,,ACR,ACRUX LIMITED,Health Care,"Pharmaceuticals, Biotechnology & Life Sciences",EQUITY,ASXListedCompanies.csv,,,,,,,,,,,,,,,,,,,,,,,,,,,,,,,,,,,,,,,,,,,,,,,,,,,,,,,,,
ACS.AX,,,,,,,ACS,ACCENT RESOURCES NL,Materials,Materials,EQUITY,ASXListedCompanies.csv,,,,,,,,,,,,,,,,,,,,,,,,,,,,,,,,,,,,,,,,,,,,,,,,,,,,,,,,,
ACU.AX,,,,,,,ACU,ACUMENTIS GROUP LIMITED,Real Estate,Real Estate Management & Development,EQUITY,ASXListedCompanies.csv,,,,,,,,,,,,,,,,,,,,,,,,,,,,,,,,,,,,,,,,,,,,,,,,,,,,,,,,,
ACW.AX,,,,,,,ACW,ACTINOGEN MEDICAL LIMITED,Health Care,"Pharmaceuticals, Biotechnology & Life Sciences",EQUITY,ASXListedCompanies.csv,,,,,,,,,,,,,,,,,,,,,,,,,,,,,,,,,,,,,,,,,,,,,,,,,,,,,,,,,
ACY01.AX,,,,,,,ACY01,Armytage Australian Equity Income Fund,,Spotlight mFund List,ETF/ETP,ASXInvestmentProductsMonthlyReport,,,,,,,,,,,,,,,,,,,,,,,,,,,,,,,,,,,,,,,,,,,,,,,,,,,,,,,,,
ACY02.AX,,,,,,,ACY02,Armytage Strategic Opportunities Fund (Wholesale),,Spotlight mFund List,ETF/ETP,ASXInvestmentProductsMonthlyReport,,,,,,,,,,,,,,,,,,,,,,,,,,,,,,,,,,,,,,,,,,,,,,,,,,,,,,,,,
AD1.AX,,,,,,,AD1,ADNEO LIMITED,Communication Services,Media & Entertainment,EQUITY,ASXListedCompanies.csv,,,,,,,,,,,,,,,,,,,,,,,,,,,,,,,,,,,,,,,,,,,,,,,,,,,,,,,,,
AD8.AX,,,,,,,AD8,AUDINATE GROUP LIMITED,Information Technology,Technology Hardware & Equipment,EQUITY,ASXListedCompanies.csv,,,,,,,,,,,,,,,,,,,,,,,,,,,,,,,,,,,,,,,,,,,,,,,,,,,,,,,,,
ADC.AX,,,,,,,ADC,ACDC METALS LTD,Materials,Materials,EQUITY,ASXListedCompanies.csv,,,,,,,,,,,,,,,,,,,,,,,,,,,,,,,,,,,,,,,,,,,,,,,,,,,,,,,,,
ADD.AX,,,,,,,ADD,ADAVALE RESOURCES LIMITED,Energy,Energy,EQUITY,ASXListedCompanies.csv,,,,,,,,,,,,,,,,,,,,,,,,,,,,,,,,,,,,,,,,,,,,,,,,,,,,,,,,,
ADEF.AX,,,,,,,ADEF,Apostle Dundas Global Equity Fund - Class D Active ETF,,Spotlight ETP List,ETF/ETP,ASXInvestmentProductsMonthlyReport,,,,,,,,,,,,,,,,,,,,,,,,,,,,,,,,,,,,,,,,,,,,,,,,,,,,,,,,,
ADG.AX,,,,,,,ADG,ADELONG GOLD LIMITED,Materials,Materials,EQUITY,ASXListedCompanies.csv,,,,,,,,,,,,,,,,,,,,,,,,,,,,,,,,,,,,,,,,,,,,,,,,,,,,,,,,,
ADH.AX,,,,,,,ADH,ADAIRS LIMITED,Consumer Discretionary,Consumer Discretionary Distribution & Retail,EQUITY,ASXListedCompanies.csv,,,,,,,,,,,,,,,,,,,,,,,,,,,,,,,,,,,,,,,,,,,,,,,,,,,,,,,,,
ADN.AX,,,,,,,ADN,ANDROMEDA METALS LIMITED,Materials,Materials,EQUITY,ASXListedCompanies.csv,,,,,,,,,,,,,,,,,,,,,,,,,,,,,,,,,,,,,,,,,,,,,,,,,,,,,,,,,
ADO.AX,,,,,,,ADO,ANTEOTECH LTD,Health Care,"Pharmaceuticals, Biotechnology & Life Sciences",EQUITY,ASXListedCompanies.csv,,,,,,,,,,,,,,,,,,,,,,,,,,,,,,,,,,,,,,,,,,,,,,,,,,,,,,,,,
ADR.AX,,,,,,,ADR,ADHERIUM LIMITED,Health Care,Health Care Equipment & Services,EQUITY,ASXListedCompanies.csv,,,,,,,,,,,,,,,,,,,,,,,,,,,,,,,,,,,,,,,,,,,,,,,,,,,,,,,,,
ADS.AX,,,,,,,ADS,ADSLOT LTD.,Information Technology,Software & Services,EQUITY,ASXListedCompanies.csv,,,,,,,,,,,,,,,,,,,,,,,,,,,,,,,,,,,,,,,,,,,,,,,,,,,,,,,,,
ADV.AX,,,,,,,ADV,ARDIDEN LTD,Materials,Materials,EQUITY,ASXListedCompanies.csv,,,,,,,,,,,,,,,,,,,,,,,,,,,,,,,,,,,,,,,,,,,,,,,,,,,,,,,,,
ADX.AX,,,,,,,ADX,ADX ENERGY LTD,Energy,Energy,EQUITY,ASXListedCompanies.csv,,,,,,,,,,,,,,,,,,,,,,,,,,,,,,,,,,,,,,,,,,,,,,,,,,,,,,,,,
ADY.AX,,,,,,,ADY,ADMIRALTY RESOURCES NL.,Materials,Materials,EQUITY,ASXListedCompanies.csv,,,,,,,,,,,,,,,,,,,,,,,,,,,,,,,,,,,,,,,,,,,,,,,,,,,,,,,,,
AEBD.AX,,,,,,,AEBD,Betashares Ethical Australian Bond ETF,,Spotlight ETP List,ETF/ETP,ASXInvestmentProductsMonthlyReport,,,,,,,,,,,,,,,,,,,,,,,,,,,,,,,,,,,,,,,,,,,,,,,,,,,,,,,,,
AEE.AX,,,,,,,AEE,AURA ENERGY LIMITED,Energy,Energy,EQUITY,ASXListedCompanies.csv,,,,,,,,,,,,,,,,,,,,,,,,,,,,,,,,,,,,,,,,,,,,,,,,,,,,,,,,,
AEF.AX,,,,,,,AEF,AUSTRALIAN ETHICAL INVESTMENT LIMITED,Financials,Financial Services,EQUITY,ASXListedCompanies.csv,,,,,,,,,,,,,,,,,,,,,,,,,,,,,,,,,,,,,,,,,,,,,,,,,,,,,,,,,
AEG.AX,,,,,,,AEG,ALAND EQUITY GROUP LIMITED,Financials,Financial Services,EQUITY,ASXListedCompanies.csv,,,,,,,,,,,,,,,,,,,,,,,,,,,,,,,,,,,,,,,,,,,,,,,,,,,,,,,,,
AEI.AX,,,,,,,AEI,AERIS ENVIRONMENTAL LTD,Industrials,Commercial & Professional Services,EQUITY,ASXListedCompanies.csv,,,,,,,,,,,,,,,,,,,,,,,,,,,,,,,,,,,,,,,,,,,,,,,,,,,,,,,,,
AEL.AX,,,,,,,AEL,AMPLITUDE ENERGY LIMITED,Energy,Energy,EQUITY,ASXListedCompanies.csv,,,,,,,,,,,,,,,,,,,,,,,,,,,,,,,,,,,,,,,,,,,,,,,,,,,,,,,,,
AEM.AX,,,,,,,AEM,ADVANCED ENERGY MINERALS LTD,Materials,Materials,EQUITY,ASXListedCompanies.csv,,,,,,,,,,,,,,,,,,,,,,,,,,,,,,,,,,,,,,,,,,,,,,,,,,,,,,,,,
AER.AX,,,,,,,AER,AEERIS LTD,Communication Services,Media & Entertainment,EQUITY,ASXListedCompanies.csv,,,,,,,,,,,,,,,,,,,,,,,,,,,,,,,,,,,,,,,,,,,,,,,,,,,,,,,,,
AESG.AX,,,,,,,AESG,iShares Global Aggregate Bond ESG (AUD Hedged) ETF,,Spotlight ETP List,ETF/ETP,ASXInvestmentProductsMonthlyReport,,,,,,,,,,,,,,,,,,,,,,,,,,,,,,,,,,,,,,,,,,,,,,,,,,,,,,,,,
AEU.AX,,,,,,,AEU,ATOMIC EAGLE LTD,Materials,Materials,EQUITY,ASXListedCompanies.csv,,,,,,,,,,,,,,,,,,,,,,,,,,,,,,,,,,,,,,,,,,,,,,,,,,,,,,,,,
AEV.AX,,,,,,,AEV,AVENIRA LIMITED,Materials,Materials,EQUITY,ASXListedCompanies.csv,,,,,,,,,,,,,,,,,,,,,,,,,,,,,,,,,,,,,,,,,,,,,,,,,,,,,,,,,
AF2.AX,,,,,,,AF2,ANGLE ASSET FINANCE - RADIAN TRUST 2025-1,,Not Applic,EQUITY,ASXListedCompanies.csv,,,,,,,,,,,,,,,,,,,,,,,,,,,,,,,,,,,,,,,,,,,,,,,,,,,,,,,,,
AF4.AX,,,,,,,AF4,AFG 2024-1 TRUST IN RESPECT OF SERIES 2024-1,,Not Applic,EQUITY,ASXListedCompanies.csv,,,,,,,,,,,,,,,,,,,,,,,,,,,,,,,,,,,,,,,,,,,,,,,,,,,,,,,,,
AF5.AX,,,,,,,AF5,AFG 2025-1NC TRUST IN RESPECT OF SERIES 2025-1NC,,Not Applic,EQUITY,ASXListedCompanies.csv,,,,,,,,,,,,,,,,,,,,,,,,,,,,,,,,,,,,,,,,,,,,,,,,,,,,,,,,,
AF6.AX,,,,,,,AF6,AFG 2025-1 TRUST IN RESPECT OF SERIES 2025-1,,Not Applic,EQUITY,ASXListedCompanies.csv,,,,,,,,,,,,,,,,,,,,,,,,,,,,,,,,,,,,,,,,,,,,,,,,,,,,,,,,,
AF7.AX,,,,,,,AF7,ANGLE ASSET FINANCE - RADIAN TRUST 2025-2,,Not Applic,EQUITY,ASXListedCompanies.csv,,,,,,,,,,,,,,,,,,,,,,,,,,,,,,,,,,,,,,,,,,,,,,,,,,,,,,,,,
AFA.AX,,,,,,,AFA,ASF GROUP LIMITED,Financials,Financial Services,EQUITY,ASXListedCompanies.csv,,,,,,,,,,,,,,,,,,,,,,,,,,,,,,,,,,,,,,,,,,,,,,,,,,,,,,,,,
AFG.AX,,,,,,,AFG,AUSTRALIAN FINANCE GROUP LTD,Financials,Financial Services,EQUITY,ASXListedCompanies.csv,,,,,,,,,,,,,,,,,,,,,,,,,,,,,,,,,,,,,,,,,,,,,,,,,,,,,,,,,
AFI.AX,,,,,,,AFI,AUSTRALIAN FOUNDATION INVESTMENT COMPANY LIMITED,,Not Applic,EQUITY,ASXListedCompanies.csv,,,,,,,,,,,,,,,,,,,,,,,,,,,,,,,,,,,,,,,,,,,,,,,,,,,,,,,,,
AFL.AX,,,,,,,AFL,AF LEGAL GROUP LTD,Industrials,Commercial & Professional Services,EQUITY,ASXListedCompanies.csv,,,,,,,,,,,,,,,,,,,,,,,,,,,,,,,,,,,,,,,,,,,,,,,,,,,,,,,,,
AFM01.AX,,,,,,,AFM01,Atlas High Income Property Fund,,Spotlight mFund List,ETF/ETP,ASXInvestmentProductsMonthlyReport,,,,,,,,,,,,,,,,,,,,,,,,,,,,,,,,,,,,,,,,,,,,,,,,,,,,,,,,,
AFP.AX,,,,,,,AFP,AFT PHARMACEUTICALS LIMITED,Health Care,"Pharmaceuticals, Biotechnology & Life Sciences",EQUITY,ASXListedCompanies.csv,,,,,,,,,,,,,,,,,,,,,,,,,,,,,,,,,,,,,,,,,,,,,,,,,,,,,,,,,
AFT.AX,,,,,,,AFT,AFG 2023-1 TRUST IN RESPECT OF SERIES 2023-1,,Not Applic,EQUITY,ASXListedCompanies.csv,,,,,,,,,,,,,,,,,,,,,,,,,,,,,,,,,,,,,,,,,,,,,,,,,,,,,,,,,
AGC.AX,,,,,,,AGC,AUSTRALIAN GOLD AND COPPER LTD,Materials,Materials,EQUITY,ASXListedCompanies.csv,,,,,,,,,,,,,,,,,,,,,,,,,,,,,,,,,,,,,,,,,,,,,,,,,,,,,,,,,
AGD.AX,,,,,,,AGD,AUSTRAL GOLD LIMITED,Materials,Materials,EQUITY,ASXListedCompanies.csv,,,,,,,,,,,,,,,,,,,,,,,,,,,,,,,,,,,,,,,,,,,,,,,,,,,,,,,,,
AGE.AX,,,,,,,AGE,ALLIGATOR ENERGY LIMITED,Energy,Energy,EQUITY,ASXListedCompanies.csv,,,,,,,,,,,,,,,,,,,,,,,,,,,,,,,,,,,,,,,,,,,,,,,,,,,,,,,,,
AGGG.AX,,,,,,,AGGG,iShares Core Global Aggregate Bond (AUD Hedged) ETF,,Spotlight ETP List,ETF/ETP,ASXInvestmentProductsMonthlyReport,,,,,,,,,,,,,,,,,,,,,,,,,,,,,,,,,,,,,,,,,,,,,,,,,,,,,,,,,
AGI.AX,,,,,,,AGI,AINSWORTH GAME TECHNOLOGY LIMITED,Consumer Discretionary,Consumer Services,EQUITY,ASXListedCompanies.csv,,,,,,,,,,,,,,,,,,,,,,,,,,,,,,,,,,,,,,,,,,,,,,,,,,,,,,,,,
AGL.AX,,,,,,,AGL,AGL ENERGY LIMITED.,Utilities,Utilities,EQUITY,ASXListedCompanies.csv,,,,,,,,,,,,,,,,,,,,,,,,,,,,,,,,,,,,,,,,,,,,,,,,,,,,,,,,,
AGN.AX,,,,,,,AGN,ARGENICA THERAPEUTICS LIMITED,Health Care,"Pharmaceuticals, Biotechnology & Life Sciences",EQUITY,ASXListedCompanies.csv,,,,,,,,,,,,,,,,,,,,,,,,,,,,,,,,,,,,,,,,,,,,,,,,,,,,,,,,,
AGR.AX,,,,,,,AGR,AGUIA RESOURCES LIMITED,Materials,Materials,EQUITY,ASXListedCompanies.csv,,,,,,,,,,,,,,,,,,,,,,,,,,,,,,,,,,,,,,,,,,,,,,,,,,,,,,,,,
AGVT.AX,,,,,,,AGVT,Betashares Australian Government Bond ETF,,Spotlight ETP List,ETF/ETP,ASXInvestmentProductsMonthlyReport,,,,,,,,,,,,,,,,,,,,,,,,,,,,,,,,,,,,,,,,,,,,,,,,,,,,,,,,,
AGX1.AX,,,,,,,AGX1,Antipodes Global Value Active ETF,,Spotlight ETP List,ETF/ETP,ASXInvestmentProductsMonthlyReport,,,,,,,,,,,,,,,,,,,,,,,,,,,,,,,,,,,,,,,,,,,,,,,,,,,,,,,,,
AGY.AX,,,,,,,AGY,ARGOSY MINERALS LIMITED,Materials,Materials,EQUITY,ASXListedCompanies.csv,,,,,,,,,,,,,,,,,,,,,,,,,,,,,,,,,,,,,,,,,,,,,,,,,,,,,,,,,
AHC.AX,,,,,,,AHC,AUSTCO HEALTHCARE LIMITED,Health Care,Health Care Equipment & Services,EQUITY,ASXListedCompanies.csv,,,,,,,,,,,,,,,,,,,,,,,,,,,,,,,,,,,,,,,,,,,,,,,,,,,,,,,,,
AHE.AX,,,,,,,AHE,ADHERIS HEALTH LIMITED,Health Care,Health Care Equipment & Services,EQUITY,ASXListedCompanies.csv,,,,,,,,,,,,,,,,,,,,,,,,,,,,,,,,,,,,,,,,,,,,,,,,,,,,,,,,,
AHF.AX,,,,,,,AHF,AUSTRALIAN DAIRY NUTRITIONALS LIMITED,Consumer Staples,"Food, Beverage & Tobacco",EQUITY,ASXListedCompanies.csv,,,,,,,,,,,,,,,,,,,,,,,,,,,,,,,,,,,,,,,,,,,,,,,,,,,,,,,,,
AHK.AX,,,,,,,AHK,ARK MINES LIMITED,Materials,Materials,EQUITY,ASXListedCompanies.csv,,,,,,,,,,,,,,,,,,,,,,,,,,,,,,,,,,,,,,,,,,,,,,,,,,,,,,,,,
AHL.AX,,,,,,,AHL,ADRAD HOLDINGS LIMITED,Consumer Discretionary,Automobiles & Components,EQUITY,ASXListedCompanies.csv,,,,,,,,,,,,,,,,,,,,,,,,,,,,,,,,,,,,,,,,,,,,,,,,,,,,,,,,,
AHN.AX,,,,,,,AHN,ATHENA RESOURCES LIMITED,Materials,Materials,EQUITY,ASXListedCompanies.csv,,,,,,,,,,,,,,,,,,,,,,,,,,,,,,,,,,,,,,,,,,,,,,,,,,,,,,,,,
AHX.AX,,,,,,,AHX,APIAM ANIMAL HEALTH LIMITED,Health Care,Health Care Equipment & Services,EQUITY,ASXListedCompanies.csv,,,,,,,,,,,,,,,,,,,,,,,,,,,,,,,,,,,,,,,,,,,,,,,,,,,,,,,,,
AI1.AX,,,,,,,AI1,ADISYN LTD,Information Technology,Software & Services,EQUITY,ASXListedCompanies.csv,,,,,,,,,,,,,,,,,,,,,,,,,,,,,,,,,,,,,,,,,,,,,,,,,,,,,,,,,
AIA.AX,,,,,,,AIA,AUCKLAND INTERNATIONAL AIRPORT LIMITED,Industrials,Transportation,EQUITY,ASXListedCompanies.csv,,,,,,,,,,,,,,,,,,,,,,,,,,,,,,,,,,,,,,,,,,,,,,,,,,,,,,,,,
AIH.AX,,,,,,,AIH,ADVANCED INNERGY HOLDINGS LIMITED,Industrials,Capital Goods,EQUITY,ASXListedCompanies.csv,,,,,,,,,,,,,,,,,,,,,,,,,,,,,,,,,,,,,,,,,,,,,,,,,,,,,,,,,
AII.AX,,,,,,,AII,ALMONTY INDUSTRIES INC.,Materials,Materials,EQUITY,ASXListedCompanies.csv,,,,,,,,,,,,,,,,,,,,,,,,,,,,,,,,,,,,,,,,,,,,,,,,,,,,,,,,,
AIM.AX,,,,,,,AIM,AI-MEDIA TECHNOLOGIES LIMITED,Information Technology,Software & Services,EQUITY,ASXListedCompanies.csv,,,,,,,,,,,,,,,,,,,,,,,,,,,,,,,,,,,,,,,,,,,,,,,,,,,,,,,,,
AINF.AX,,,,,,,AINF,Global X AI Infrastructure ETF,,Spotlight ETP List,ETF/ETP,ASXInvestmentProductsMonthlyReport,,,,,,,,,,,,,,,,,,,,,,,,,,,,,,,,,,,,,,,,,,,,,,,,,,,,,,,,,
AIQ.AX,,,,,,,AIQ,ALTERNATIVE INVESTMENT TRUST,,Not Applic,EQUITY,ASXListedCompanies.csv,,,,,,,,,,,,,,,,,,,,,,,,,,,,,,,,,,,,,,,,,,,,,,,,,,,,,,,,,
AIS.AX,,,,,,,AIS,AERIS RESOURCES LIMITED,Materials,Materials,EQUITY,ASXListedCompanies.csv,,,,,,,,,,,,,,,,,,,,,,,,,,,,,,,,,,,,,,,,,,,,,,,,,,,,,,,,,
AIV.AX,,,,,,,AIV,ACTIVEX LIMITED,Materials,Materials,EQUITY,ASXListedCompanies.csv,,,,,,,,,,,,,,,,,,,,,,,,,,,,,,,,,,,,,,,,,,,,,,,,,,,,,,,,,
AIZ.AX,,,,,,,AIZ,AIR NEW ZEALAND LIMITED,Industrials,Transportation,EQUITY,ASXListedCompanies.csv,,,,,,,,,,,,,,,,,,,,,,,,,,,,,,,,,,,,,,,,,,,,,,,,,,,,,,,,,
AJL.AX,,,,,,,AJL,AJ LUCAS GROUP LIMITED,Industrials,Capital Goods,EQUITY,ASXListedCompanies.csv,,,,,,,,,,,,,,,,,,,,,,,,,,,,,,,,,,,,,,,,,,,,,,,,,,,,,,,,,
AJX.AX,,,,,,,AJX,ALEXIUM INTERNATIONAL GROUP LIMITED,Materials,Materials,EQUITY,ASXListedCompanies.csv,,,,,,,,,,,,,,,,,,,,,,,,,,,,,,,,,,,,,,,,,,,,,,,,,,,,,,,,,
AKA.AX,,,,,,,AKA,AUREKA LIMITED,Materials,Materials,EQUITY,ASXListedCompanies.csv,,,,,,,,,,,,,,,,,,,,,,,,,,,,,,,,,,,,,,,,,,,,,,,,,,,,,,,,,
AKG.AX,,,,,,,AKG,ACADEMIES AUSTRALASIA GROUP LIMITED,Consumer Discretionary,Consumer Services,EQUITY,ASXListedCompanies.csv,,,,,,,,,,,,,,,,,,,,,,,,,,,,,,,,,,,,,,,,,,,,,,,,,,,,,,,,,
AKM.AX,,,,,,,AKM,ASPIRE MINING LIMITED,Materials,Materials,EQUITY,ASXListedCompanies.csv,,,,,,,,,,,,,,,,,,,,,,,,,,,,,,,,,,,,,,,,,,,,,,,,,,,,,,,,,
AKN.AX,,,,,,,AKN,AUKING MINING LIMITED,Materials,Materials,EQUITY,ASXListedCompanies.csv,,,,,,,,,,,,,,,,,,,,,,,,,,,,,,,,,,,,,,,,,,,,,,,,,,,,,,,,,
AKO.AX,,,,,,,AKO,AKORA RESOURCES LIMITED,Materials,Materials,EQUITY,ASXListedCompanies.csv,,,,,,,,,,,,,,,,,,,,,,,,,,,,,,,,,,,,,,,,,,,,,,,,,,,,,,,,,
AKP.AX,,,,,,,AKP,AUDIO PIXELS HOLDINGS LIMITED,Consumer Discretionary,Consumer Durables & Apparel,EQUITY,ASXListedCompanies.csv,,,,,,,,,,,,,,,,,,,,,,,,,,,,,,,,,,,,,,,,,,,,,,,,,,,,,,,,,
AL3.AX,,,,,,,AL3,AML3D LIMITED,Industrials,Capital Goods,EQUITY,ASXListedCompanies.csv,,,,,,,,,,,,,,,,,,,,,,,,,,,,,,,,,,,,,,,,,,,,,,,,,,,,,,,,,
ALA.AX,,,,,,,ALA,AROVELLA THERAPEUTICS LIMITED,Health Care,"Pharmaceuticals, Biotechnology & Life Sciences",EQUITY,ASXListedCompanies.csv,,,,,,,,,,,,,,,,,,,,,,,,,,,,,,,,,,,,,,,,,,,,,,,,,,,,,,,,,
ALB.AX,,,,,,,ALB,ALBION RESOURCES LIMITED,Materials,Materials,EQUITY,ASXListedCompanies.csv,,,,,,,,,,,,,,,,,,,,,,,,,,,,,,,,,,,,,,,,,,,,,,,,,,,,,,,,,
ALC.AX,,,,,,,ALC,ALCIDION GROUP LIMITED,Health Care,Health Care Equipment & Services,EQUITY,ASXListedCompanies.csv,,,,,,,,,,,,,,,,,,,,,,,,,,,,,,,,,,,,,,,,,,,,,,,,,,,,,,,,,
ALD.AX,,,,,,,ALD,AMPOL LIMITED,Energy,Energy,EQUITY,ASXListedCompanies.csv,,,,,,,,,,,,,,,,,,,,,,,,,,,,,,,,,,,,,,,,,,,,,,,,,,,,,,,,,
ALFA.AX,,,,,,,ALFA,VanEck Australian Long Short Complex ETF,,Spotlight ETP List,ETF/ETP,ASXInvestmentProductsMonthlyReport,,,,,,,,,,,,,,,,,,,,,,,,,,,,,,,,,,,,,,,,,,,,,,,,,,,,,,,,,
ALI.AX,,,,,,,ALI,ARGO GLOBAL LISTED INFRASTRUCTURE LIMITED,,Not Applic,EQUITY,ASXListedCompanies.csv,,,,,,,,,,,,,,,,,,,,,,,,,,,,,,,,,,,,,,,,,,,,,,,,,,,,,,,,,
ALK.AX,,,,,,,ALK,ALKANE RESOURCES LIMITED,Materials,Materials,EQUITY,ASXListedCompanies.csv,,,,,,,,,,,,,,,,,,,,,,,,,,,,,,,,,,,,,,,,,,,,,,,,,,,,,,,,,
ALL.AX,,,,,,,ALL,ARISTOCRAT LEISURE LIMITED,Consumer Discretionary,Consumer Services,EQUITY,ASXListedCompanies.csv,,,,,,,,,,,,,,,,,,,,,,,,,,,,,,,,,,,,,,,,,,,,,,,,,,,,,,,,,
ALM.AX,,,,,,,ALM,ALMA METALS LIMITED,Energy,Energy,EQUITY,ASXListedCompanies.csv,,,,,,,,,,,,,,,,,,,,,,,,,,,,,,,,,,,,,,,,,,,,,,,,,,,,,,,,,
ALPH.AX,,,,,,,ALPH,Schroder Global Equity Alpha Fund - Active ETF,,Spotlight ETP List,ETF/ETP,ASXInvestmentProductsMonthlyReport,,,,,,,,,,,,,,,,,,,,,,,,,,,,,,,,,,,,,,,,,,,,,,,,,,,,,,,,,
ALQ.AX,,,,,,,ALQ,ALS LIMITED,Industrials,Commercial & Professional Services,EQUITY,ASXListedCompanies.csv,,,,,,,,,,,,,,,,,,,,,,,,,,,,,,,,,,,,,,,,,,,,,,,,,,,,,,,,,
ALR.AX,,,,,,,ALR,ALTAIR MINERALS LIMITED,Materials,Materials,EQUITY,ASXListedCompanies.csv,,,,,,,,,,,,,,,,,,,,,,,,,,,,,,,,,,,,,,,,,,,,,,,,,,,,,,,,,
ALTB.AX,,,,,,,ALTB,iShares 15+ Year Australian Government Bond ETF,,Spotlight ETP List,ETF/ETP,ASXInvestmentProductsMonthlyReport,,,,,,,,,,,,,,,,,,,,,,,,,,,,,,,,,,,,,,,,,,,,,,,,,,,,,,,,,
ALV.AX,,,,,,,ALV,ALVO MINERALS LIMITED,Materials,Materials,EQUITY,ASXListedCompanies.csv,,,,,,,,,,,,,,,,,,,,,,,,,,,,,,,,,,,,,,,,,,,,,,,,,,,,,,,,,
ALX.AX,,,,,,,ALX,ATLAS ARTERIA,Industrials,Transportation,EQUITY,ASXListedCompanies.csv,,,,,,,,,,,,,,,,,,,,,,,,,,,,,,,,,,,,,,,,,,,,,,,,,,,,,,,,,
ALY.AX,,,,,,,ALY,ALCHEMY RESOURCES LIMITED,Materials,Materials,EQUITY,ASXListedCompanies.csv,,,,,,,,,,,,,,,,,,,,,,,,,,,,,,,,,,,,,,,,,,,,,,,,,,,,,,,,,
AM5.AX,,,,,,,AM5,ANTARES METALS LIMITED,Materials,Materials,EQUITY,ASXListedCompanies.csv,,,,,,,,,,,,,,,,,,,,,,,,,,,,,,,,,,,,,,,,,,,,,,,,,,,,,,,,,
AM7.AX,,,,,,,AM7,ARCADIA MINERALS LIMITED,Materials,Materials,EQUITY,ASXListedCompanies.csv,,,,,,,,,,,,,,,,,,,,,,,,,,,,,,,,,,,,,,,,,,,,,,,,,,,,,,,,,
AMA.AX,,,,,,,AMA,AMA GROUP LIMITED,Industrials,Commercial & Professional Services,EQUITY,ASXListedCompanies.csv,,,,,,,,,,,,,,,,,,,,,,,,,,,,,,,,,,,,,,,,,,,,,,,,,,,,,,,,,
AMC.AX,,,,,,,AMC,AMCOR PLC,Materials,Materials,EQUITY,ASXListedCompanies.csv,,,,,,,,,,,,,,,,,,,,,,,,,,,,,,,,,,,,,,,,,,,,,,,,,,,,,,,,,
AMD.AX,,,,,,,AMD,ARROW MINERALS LTD,Materials,Materials,EQUITY,ASXListedCompanies.csv,,,,,,,,,,,,,,,,,,,,,,,,,,,,,,,,,,,,,,,,,,,,,,,,,,,,,,,,,
AMH.AX,,,,,,,AMH,AMCIL LIMITED,,Not Applic,EQUITY,ASXListedCompanies.csv,,,,,,,,,,,,,,,,,,,,,,,,,,,,,,,,,,,,,,,,,,,,,,,,,,,,,,,,,
AMI.AX,,,,,,,AMI,AURELIA METALS LIMITED,Materials,Materials,EQUITY,ASXListedCompanies.csv,,,,,,,,,,,,,,,,,,,,,,,,,,,,,,,,,,,,,,,,,,,,,,,,,,,,,,,,,
AMN.AX,,,,,,,AMN,AGRIMIN LIMITED,Materials,Materials,EQUITY,ASXListedCompanies.csv,,,,,,,,,,,,,,,,,,,,,,,,,,,,,,,,,,,,,,,,,,,,,,,,,,,,,,,,,
AMO.AX,,,,,,,AMO,AMBERTECH LIMITED,Information Technology,Technology Hardware & Equipment,EQUITY,ASXListedCompanies.csv,,,,,,,,,,,,,,,,,,,,,,,,,,,,,,,,,,,,,,,,,,,,,,,,,,,,,,,,,
AMP.AX,,,,,,,AMP,AMP LIMITED,Financials,Financial Services,EQUITY,ASXListedCompanies.csv,,,,,,,,,,,,,,,,,,,,,,,,,,,,,,,,,,,,,,,,,,,,,,,,,,,,,,,,,
AMS.AX,,,,,,,AMS,ATOMOS LIMITED,Consumer Discretionary,Consumer Durables & Apparel,EQUITY,ASXListedCompanies.csv,,,,,,,,,,,,,,,,,,,,,,,,,,,,,,,,,,,,,,,,,,,,,,,,,,,,,,,,,
AMU.AX,,,,,,,AMU,AMERICAN URANIUM LTD,Materials,Materials,EQUITY,ASXListedCompanies.csv,,,,,,,,,,,,,,,,,,,,,,,,,,,,,,,,,,,,,,,,,,,,,,,,,,,,,,,,,
AMX.AX,,,,,,,AMX,AEROMETREX LIMITED,Industrials,Commercial & Professional Services,EQUITY,ASXListedCompanies.csv,,,,,,,,,,,,,,,,,,,,,,,,,,,,,,,,,,,,,,,,,,,,,,,,,,,,,,,,,
AN1.AX,,,,,,,AN1,ANAGENICS LIMITED,Health Care,"Pharmaceuticals, Biotechnology & Life Sciences",EQUITY,ASXListedCompanies.csv,,,,,,,,,,,,,,,,,,,,,,,,,,,,,,,,,,,,,,,,,,,,,,,,,,,,,,,,,
AN3.AX,,,,,,,AN3,AUSTRALIA AND NEW ZEALAND BANKING GROUP LIMITED.,,Not Applic,EQUITY,ASXListedCompanies.csv,,,,,,,,,,,,,,,,,,,,,,,,,,,,,,,,,,,,,,,,,,,,,,,,,,,,,,,,,
ANG.AX,,,,,,,ANG,AUSTIN ENGINEERING LIMITED,Industrials,Capital Goods,EQUITY,ASXListedCompanies.csv,,,,,,,,,,,,,,,,,,,,,,,,,,,,,,,,,,,,,,,,,,,,,,,,,,,,,,,,,
ANN.AX,,,,,,,ANN,ANSELL LIMITED,Health Care,Health Care Equipment & Services,EQUITY,ASXListedCompanies.csv,,,,,,,,,,,,,,,,,,,,,,,,,,,,,,,,,,,,,,,,,,,,,,,,,,,,,,,,,
ANO.AX,,,,,,,ANO,ADVANCE ZINCTEK LIMITED,Materials,Materials,EQUITY,ASXListedCompanies.csv,,,,,,,,,,,,,,,,,,,,,,,,,,,,,,,,,,,,,,,,,,,,,,,,,,,,,,,,,
ANR.AX,,,,,,,ANR,ANATARA LIFESCIENCES LTD,Health Care,"Pharmaceuticals, Biotechnology & Life Sciences",EQUITY,ASXListedCompanies.csv,,,,,,,,,,,,,,,,,,,,,,,,,,,,,,,,,,,,,,,,,,,,,,,,,,,,,,,,,
ANV.AX,,,,,,,ANV,AUSNET SERVICES HOLDINGS PTY LTD,,Not Applic,EQUITY,ASXListedCompanies.csv,,,,,,,,,,,,,,,,,,,,,,,,,,,,,,,,,,,,,,,,,,,,,,,,,,,,,,,,,
ANX.AX,,,,,,,ANX,ANAX METALS LIMITED,Materials,Materials,EQUITY,ASXListedCompanies.csv,,,,,,,,,,,,,,,,,,,,,,,,,,,,,,,,,,,,,,,,,,,,,,,,,,,,,,,,,
ANZ.AX,,,,,,,ANZ,ANZ GROUP HOLDINGS LIMITED,Financials,Banks,EQUITY,ASXListedCompanies.csv,,,,,,,,,,,,,,,,,,,,,,,,,,,,,,,,,,,,,,,,,,,,,,,,,,,,,,,,,
AO2.AX,,,,,,,AO2,APOLLO SERIES 2017-2 TRUST,,Not Applic,EQUITY,ASXListedCompanies.csv,,,,,,,,,,,,,,,,,,,,,,,,,,,,,,,,,,,,,,,,,,,,,,,,,,,,,,,,,
AO3.AX,,,,,,,AO3,APOLLO SERIES 2018-1 TRUST,,Not Applic,EQUITY,ASXListedCompanies.csv,,,,,,,,,,,,,,,,,,,,,,,,,,,,,,,,,,,,,,,,,,,,,,,,,,,,,,,,,
AOA.AX,,,,,,,AOA,AUSMON RESOURCES LIMITED,Materials,Materials,EQUITY,ASXListedCompanies.csv,,,,,,,,,,,,,,,,,,,,,,,,,,,,,,,,,,,,,,,,,,,,,,,,,,,,,,,,,
AOF.AX,,,,,,,AOF,AUSTRALIAN UNITY OFFICE FUND,Real Estate,Equity Real Estate Investment Trusts (REITs),EQUITY,ASXListedCompanies.csv,,,,,,,,,,,,,,,,,,,,,,,,,,,,,,,,,,,,,,,,,,,,,,,,,,,,,,,,,
AOH.AX,,,,,,,AOH,ASSETORA LIMITED,Financials,Financial Services,EQUITY,ASXListedCompanies.csv,,,,,,,,,,,,,,,,,,,,,,,,,,,,,,,,,,,,,,,,,,,,,,,,,,,,,,,,,
AOK.AX,,,,,,,AOK,AUSTRALIAN OIL COMPANY LIMITED.,Energy,Energy,EQUITY,ASXListedCompanies.csv,,,,,,,,,,,,,,,,,,,,,,,,,,,,,,,,,,,,,,,,,,,,,,,,,,,,,,,,,
AON.AX,,,,,,,AON,APOLLO MINERALS LIMITED,Materials,Materials,EQUITY,ASXListedCompanies.csv,,,,,,,,,,,,,,,,,,,,,,,,,,,,,,,,,,,,,,,,,,,,,,,,,,,,,,,,,
AOV.AX,,,,,,,AOV,AMOTIV LIMITED,Consumer Discretionary,Automobiles & Components,EQUITY,ASXListedCompanies.csv,,,,,,,,,,,,,,,,,,,,,,,,,,,,,,,,,,,,,,,,,,,,,,,,,,,,,,,,,
AP2.AX,,,,,,,AP2,APA INFRASTRUCTURE LIMITED,,Not Applic,EQUITY,ASXListedCompanies.csv,,,,,,,,,,,,,,,,,,,,,,,,,,,,,,,,,,,,,,,,,,,,,,,,,,,,,,,,,
APA.AX,,,,,,,APA,APA GROUP,Utilities,Utilities,EQUITY,ASXListedCompanies.csv,,,,,,,,,,,,,,,,,,,,,,,,,,,,,,,,,,,,,,,,,,,,,,,,,,,,,,,,,
APC.AX,,,,,,,APC,APC MINERALS LIMITED,Materials,Materials,EQUITY,ASXListedCompanies.csv,,,,,,,,,,,,,,,,,,,,,,,,,,,,,,,,,,,,,,,,,,,,,,,,,,,,,,,,,
APE.AX,,,,,,,APE,EAGERS AUTOMOTIVE LIMITED,Consumer Discretionary,Consumer Discretionary Distribution & Retail,EQUITY,ASXListedCompanies.csv,,,,,,,,,,,,,,,,,,,,,,,,,,,,,,,,,,,,,,,,,,,,,,,,,,,,,,,,,
APL.AX,,,,,,,APL,ASSOCIATE GLOBAL PARTNERS LIMITED,Financials,Financial Services,EQUITY,ASXListedCompanies.csv,,,,,,,,,,,,,,,,,,,,,,,,,,,,,,,,,,,,,,,,,,,,,,,,,,,,,,,,,
APW.AX,,,,,,,APW,AIMS PROPERTY SECURITIES FUND,Real Estate,Equity Real Estate Investment Trusts (REITs),EQUITY,ASXListedCompanies.csv,,,,,,,,,,,,,,,,,,,,,,,,,,,,,,,,,,,,,,,,,,,,,,,,,,,,,,,,,
APX.AX,,,,,,,APX,APPEN LIMITED,Information Technology,Software & Services,EQUITY,ASXListedCompanies.csv,,,,,,,,,,,,,,,,,,,,,,,,,,,,,,,,,,,,,,,,,,,,,,,,,,,,,,,,,
APZ.AX,,,,,,,APZ,ASPEN GROUP,Real Estate,Equity Real Estate Investment Trusts (REITs),EQUITY,ASXListedCompanies.csv,,,,,,,,,,,,,,,,,,,,,,,,,,,,,,,,,,,,,,,,,,,,,,,,,,,,,,,,,
AQC.AX,,,,,,,AQC,AUSTRALIAN PACIFIC COAL LIMITED,Materials,Materials,EQUITY,ASXListedCompanies.csv,,,,,,,,,,,,,,,,,,,,,,,,,,,,,,,,,,,,,,,,,,,,,,,,,,,,,,,,,
AQD.AX,,,,,,,AQD,AUSQUEST LIMITED,Materials,Materials,EQUITY,ASXListedCompanies.csv,,,,,,,,,,,,,,,,,,,,,,,,,,,,,,,,,,,,,,,,,,,,,,,,,,,,,,,,,
AQI.AX,,,,,,,AQI,ALICANTO MINERALS LIMITED,Materials,Materials,EQUITY,ASXListedCompanies.csv,,,,,,,,,,,,,,,,,,,,,,,,,,,,,,,,,,,,,,,,,,,,,,,,,,,,,,,,,
AQLT.AX,,,,,,,AQLT,Betashares Australian Quality ETF,,Spotlight ETP List,ETF/ETP,ASXInvestmentProductsMonthlyReport,,,,,,,,,,,,,,,,,,,,,,,,,,,,,,,,,,,,,,,,,,,,,,,,,,,,,,,,,
AQN.AX,,,,,,,AQN,AQUIRIAN LIMITED,Industrials,Commercial & Professional Services,EQUITY,ASXListedCompanies.csv,,,,,,,,,,,,,,,,,,,,,,,,,,,,,,,,,,,,,,,,,,,,,,,,,,,,,,,,,
AQX.AX,,,,,,,AQX,ALICE QUEEN LIMITED,Materials,Materials,EQUITY,ASXListedCompanies.csv,,,,,,,,,,,,,,,,,,,,,,,,,,,,,,,,,,,,,,,,,,,,,,,,,,,,,,,,,
AQY01.AX,,,,,,,AQY01,Allan Gray Australia Equity Fund,,Spotlight mFund List,ETF/ETP,ASXInvestmentProductsMonthlyReport,,,,,,,,,,,,,,,,,,,,,,,,,,,,,,,,,,,,,,,,,,,,,,,,,,,,,,,,,
AQY02.AX,,,,,,,AQY02,Allan Gray Australia Stable Fund,,Spotlight mFund List,ETF/ETP,ASXInvestmentProductsMonthlyReport,,,,,,,,,,,,,,,,,,,,,,,,,,,,,,,,,,,,,,,,,,,,,,,,,,,,,,,,,
AQY03.AX,,,,,,,AQY03,Allan Gray Australia Balanced Fund,,Spotlight mFund List,ETF/ETP,ASXInvestmentProductsMonthlyReport,,,,,,,,,,,,,,,,,,,,,,,,,,,,,,,,,,,,,,,,,,,,,,,,,,,,,,,,,
AQZ.AX,,,,,,,AQZ,ALLIANCE AVIATION SERVICES LIMITED,Industrials,Transportation,EQUITY,ASXListedCompanies.csv,,,,,,,,,,,,,,,,,,,,,,,,,,,,,,,,,,,,,,,,,,,,,,,,,,,,,,,,,
AR1.AX,,,,,,,AR1,AUSTRAL RESOURCES AUSTRALIA LTD,Materials,Materials,EQUITY,ASXListedCompanies.csv,,,,,,,,,,,,,,,,,,,,,,,,,,,,,,,,,,,,,,,,,,,,,,,,,,,,,,,,,
AR3.AX,,,,,,,AR3,AUSTRALIAN RARE EARTHS LIMITED,Materials,Materials,EQUITY,ASXListedCompanies.csv,,,,,,,,,,,,,,,,,,,,,,,,,,,,,,,,,,,,,,,,,,,,,,,,,,,,,,,,,
AR9.AX,,,,,,,AR9,ARCHTIS LIMITED,Information Technology,Software & Services,EQUITY,ASXListedCompanies.csv,,,,,,,,,,,,,,,,,,,,,,,,,,,,,,,,,,,,,,,,,,,,,,,,,,,,,,,,,
ARA.AX,,,,,,,ARA,ARIADNE AUSTRALIA LIMITED,Industrials,Commercial & Professional Services,EQUITY,ASXListedCompanies.csv,,,,,,,,,,,,,,,,,,,,,,,,,,,,,,,,,,,,,,,,,,,,,,,,,,,,,,,,,
ARB.AX,,,,,,,ARB,ARB CORPORATION LIMITED.,Consumer Discretionary,Automobiles & Components,EQUITY,ASXListedCompanies.csv,,,,,,,,,,,,,,,,,,,,,,,,,,,,,,,,,,,,,,,,,,,,,,,,,,,,,,,,,
ARC.AX,,,,,,,ARC,ARC FUNDS LIMITED,Financials,Financial Services,EQUITY,ASXListedCompanies.csv,,,,,,,,,,,,,,,,,,,,,,,,,,,,,,,,,,,,,,,,,,,,,,,,,,,,,,,,,
ARD.AX,,,,,,,ARD,ARGENT MINERALS LIMITED,Materials,Materials,EQUITY,ASXListedCompanies.csv,,,,,,,,,,,,,,,,,,,,,,,,,,,,,,,,,,,,,,,,,,,,,,,,,,,,,,,,,
ARF.AX,2026-02-14T16:07:00Z,ok,200.0,,,,ARF,ARENA REIT.,Real Estate,Equity Real Estate Investment Trusts (REITs),EQUITY,ASXListedCompanies.csv,0.4871,4.42,1767052800,0.188,0.054178674,0.19,0.0538,0.824,1450333824,2052290304,{},{},405121169,375629944,0.026989998,0.33733,{},{},{},{},{},3.257,1.099171,0.38,0.20379,27333876,77723000,{},22035000,475000000,32.333,1.884,0.837,0.926,0.9225,1.21708,0.03879,0.10925,0.333,1.925,127260000,4.088,4.8,3.8,1.4,strong_buy,10,Real Estate,REIT - Specialty,https://www.arena.com.au,Australia,,AUD,ASX,EQUITY,1770786720.0,452965000.0
ARG.AX,2026-02-14T16:07:20Z,ok,200.0,,,,ARG,ARGO INVESTMENTS LIMITED,,Not Applic,EQUITY,ASXListedCompanies.csv,1.0452,3.64,1770940800,0.385,0.041847825,0.37,0.040900003,0.439,6859452928,6825465344,23.564,{},758789060,728847244,0.03957,0.03092,{},{},{},{},{},8.896,1.0161871,0.35,{},1839578624,214204992,289652992,36114000,2126000,0.031,2.006,2.006,1.0,0.95911,0.89619005,0.02317,0.04039,0.012,0.082,300595008,{},{},{},{},none,{},Financial Services,Asset Management,https://www.argoinvestments.com.au,Australia,,AUD,ASX,EQUITY,,-33988000.0
ARI.AX,2026-02-14T16:07:40Z,ok,200.0,,,,ARI,ARIKA RESOURCES LIMITED,Materials,Materials,EQUITY,ASXListedCompanies.csv,0.0,{},{},0.0,0.0,{},{},1.049,41345416,30829850,-24.43,{},1117443682,660513520,0.30313,0.0134000005,{},{},{},{},{},0.021,1.7619048,-0.0,{},-2515263,-867726,-1261988,3621791,0,{},2.395,2.376,1.0,-10.742331,0.0,-0.056220002,-0.07751,{},{},58236,{},{},{},{},none,{},Basic Materials,Gold,https://www.arika.com.au,Australia,1.0,AUD,ASX,EQUITY,,-3621791.0
ARL.AX,2026-02-14T16:08:00Z,ok,200.0,,,,ARL,ARDEA RESOURCES LIMITED,Materials,Materials,EQUITY,ASXListedCompanies.csv,0.0,{},{},0.0,0.0,{},{},1.524,142299536,177066576,-52.804,{},210814115,126664367,0.40539002,0.02237,{},{},{},{},{},0.321,2.1028037,-0.02,{},-47754424,-6119485,-3353305,14683538,49721392,73.52,0.338,0.334,1.0,0.077589996,-0.88621,-0.02464,-0.04875,1.852,{},3677790,{},{},{},{},none,{},Basic Materials,Other Industrial Metals & Mining,https://www.ardearesources.com.au,Australia,,AUD,ASX,EQUITY,,35037854.0
ARMR.AX,2026-02-14T16:08:20Z,ok,200.0,,,,ARMR,Betashares Global Defence ETF,,Spotlight ETP List,ETF/ETP,ASXInvestmentProductsMonthlyReport,{},{},{},0.0,0.0,{},{},{},{},{},{},{},,,,,,,,,,{},{},{},{},,,,,,,,,,,,,,,,,,,,,,,,,,,,AUD,ASX,ETF,,
ARN.AX,2026-02-14T16:08:40Z,ok,200.0,,,,ARN,ALDORO RESOURCES LIMITED,Materials,Materials,EQUITY,ASXListedCompanies.csv,0.0,{},{},0.0,0.0,{},{},1.488,100798576,82606488,-5.638,{},226513656,78954352,0.65282995,0.0,{},{},{},{},{},0.032,13.906249,-0.14,{},4535663,-936729,-14651142,932164,0,{},5.38,5.232,1.0,-474.93442,0.0,-1.5778301,-2.53518,-0.616,{},40979,{},{},{},{},none,{},Basic Materials,Other Industrial Metals & Mining,https://www.aldororesources.com,Australia,,AUD,ASX,EQUITY,,-932164.0
ARR.AX,2026-02-14T16:09:00Z,ok,200.0,,,,ARR,AMERICAN RARE EARTHS LIMITED,Materials,Materials,EQUITY,ASXListedCompanies.csv,0.0,{},{},0.0,0.0,{},{},0.769,226575088,212838800,-37.049,{},573607799,457007092,0.14764,0.13789,{},{},{},{},{},0.059,6.6949153,-0.01,-0.9,-6273029,-4421665,-5744777,9353143,182871,0.607,8.909,8.022,0.0,117.272736,0.0,-0.11131,-0.2047,{},{},{},0.65,0.65,0.65,{},none,1,Basic Materials,Other Industrial Metals & Mining,https://americanrareearths.com.au,Australia,6.0,AUD,ASX,EQUITY,,-9170272.0
ART.AX,2026-02-14T16:09:20Z,ok,200.0,,,,ART,AIRTASKER LIMITED,Communication Services,Media & Entertainment,EQUITY,ASXListedCompanies.csv,0.0,{},{},0.0,0.0,{},{},1.327,134024056,100018416,-3.038,{},487360184,233480885,0.42898998,0.08914,{},{},{},{},{},0.021,13.095239,-0.07,0.003,-28846750,4361000,-32921000,19062000,1630000,78.479,3.224,1.446,0.57145,-0.68083,-0.59928,-0.34160998,-2.174,0.183,{},52678000,0.51,0.75,0.23,{},none,4,Communication Services,Internet Content & Information,https://www.airtasker.com,Australia,,AUD,ASX,EQUITY,,-17432000.0
ARU.AX,2026-02-14T16:09:40Z,ok,200.0,,,,ARU,ARAFURA RARE EARTHS LTD,Materials,Materials,EQUITY,ASXListedCompanies.csv,0.0,{},{},0.0,0.0,{},{},1.378,1094318336,552176576,-27.975,{},4656673628,1998373422,0.22783001,0.040949997,{},{},{},{},{},0.061,3.852459,-0.01,-0.0094,-32593818,-34918036,-19737980,27178292,237623,0.159,8.369,8.369,0.0,0.0,0.0,-0.07818,-0.13118,{},{},{},0.315,0.35,0.28,{},none,2,Basic Materials,Other Industrial Metals & Mining,https://www.arultd.com,Australia,,AUD,ASX,EQUITY,,-26940669.0
ARV.AX,2026-02-14T16:10:00Z,ok,200.0,,,,ARV,ARTEMIS RESOURCES LIMITED,Materials,Materials,EQUITY,ASXListedCompanies.csv,0.0,{},{},0.0,0.0,{},{},0.046,22625534,21128976,-11.23,{},3770922165,3355301713,0.120900005,0.07081,{},{},{},{},{},0.012,0.5,-0.0,{},-1865728,-1706051,-1881419,1622455,163399,0.519,1.322,1.289,1.0,5.7713704,0.0,-0.1019,-0.19996999,{},{},342675,{},{},{},{},none,{},Basic Materials,Other Industrial Metals & Mining,https://artemisresources.com.au,Australia,,AUD,ASX,EQUITY,,-1459056.0
ARX.AX,2026-02-14T16:10:20Z,ok,200.0,,,,ARX,AROA BIOSURGERY LIMITED,Health Care,"Pharmaceuticals, Biotechnology & Life Sciences",EQUITY,ASXListedCompanies.csv,0.0,{},{},0.0,0.0,{},{},0.778,244485088,226621424,59.325,{},346787355,258247025,0.2776,0.29727,{},{},{},{},{},0.22808647,3.0909328,-0.0,0.022127792,4555125,6282000,3820000,23639000,7012000,7.591,6.517,5.599,0.8507,-0.030720001,-0.020130001,0.0036700002,-0.01974,0.146,{},90401000,0.8292132,0.8829585,0.7712024,{},none,3,Healthcare,Medical Devices,https://aroa.com,New Zealand,,AUD,ASX,EQUITY,1764047520.0,-16627000.0
AS1.AX,2026-02-14T16:10:41Z,ok,200.0,,,,AS1,ASARA RESOURCES LIMITED,Materials,Materials,EQUITY,ASXListedCompanies.csv,0.0,{},{},0.0,0.0,{},{},0.342,200397232,189278624,-105.963,{},1603177828,708484970,0.50548,0.1681,{},{},{},{},{},0.028,4.4642854,-0.0,{},-776388,-1495283,-1786268,3202474,0,{},8.611,8.459,0.0,0.0,0.0,-0.04072,-0.05842,{},{},{},{},{},{},{},none,{},Basic Materials,Gold,https://asararesources.com,Australia,,AUD,ASX,EQUITY,,-3202474.0
AS2.AX,2026-02-14T16:11:01Z,ok,200.0,,,,AS2,ASKARI METALS LIMITED,Materials,Materials,EQUITY,ASXListedCompanies.csv,0.0,{},{},0.0,0.0,{},{},0.356,9228726,5800119,-0.852,{},769060489,296837548,0.34848,0.0,{},{},{},{},{},0.015,0.8,-0.03,{},-4544002,-2495204,-6807916,24664,819935,13.298,0.12,0.031,1.0,-99.27906,0.0,-0.44626,-0.93447,57.498,{},30327,{},{},{},{},none,{},Basic Materials,Other Precious Metals & Mining,https://www.askarimetals.com,Australia,,AUD,ASX,EQUITY,,795271.0
ASAO.AX,2026-02-14T16:11:21Z,ok,200.0,,,,ASAO,abrdn Sustainable Asian Opportunities Active ETF,,Spotlight ETP List,ETF/ETP,ASXInvestmentProductsMonthlyReport,{},{},{},{},{},{},{},{},{},,,,,,,,,,,,,,,,,,,,,,,,,,,,,,,,,,,,,,,,,,,,AUD,ASX,EQUITY,,
ASB.AX,2026-02-14T16:11:40Z,ok,200.0,,,,ASB,AUSTAL LIMITED,Industrials,Capital Goods,EQUITY,ASXListedCompanies.csv,0.0,3.15,1694649600,0.0,0.0,{},{},0.71,2055384448,1726523008,12.404,{},422050221,225985635,0.16747999,0.4428,{},{},{},{},{},3.119,1.5613979,0.23,0.26038,-197460496,406321984,139195008,583932992,266988992,20.402,1.876,1.0,0.1261,0.05949,0.04921,0.02011,0.07758,0.328,19.139,1823336960,7.532,8.1,6.9,2.5,buy,5,Industrials,Aerospace & Defense,https://www.austal.com,Australia,4479.0,AUD,ASX,EQUITY,1771564320.0,-316944000.0
ASG.AX,2026-02-14T16:12:00Z,ok,200.0,,,,ASG,AUTOSPORTS GROUP LIMITED.,Consumer Discretionary,Consumer Discretionary Distribution & Retail,EQUITY,ASXListedCompanies.csv,0.71300006,{},1761782400,0.08,0.022408964,0.08,0.0235,0.465,699692288,1741139072,13.525,{},205791836,82897862,0.58957,0.14637999,{},{},{},{},{},2.501,1.3594563,0.16,0.31917,26167124,115877000,128732000,61527000,1115181952,220.625,0.783,0.204,0.17978,0.0377,0.011469999,0.03616,0.06593,0.145,-0.13,2864452096,4.788,5.05,4.3,{},none,5,Consumer Cyclical,Auto & Truck Dealerships,https://autosportsgroup.com.au,Australia,,AUD,ASX,EQUITY,,1053654952.0
ASH.AX,2026-02-14T16:12:20Z,ok,200.0,,,,ASH,ASHLEY SERVICES GROUP LIMITED,Industrials,Commercial & Professional Services,EQUITY,ASXListedCompanies.csv,0.72730005,8.69,1741046400,0.008,0.034042556,0.01,0.044299997,0.3,34304336,48151336,6.252,{},145975904,44367615,0.67126,0.0,{},{},{},{},{},0.216,1.087963,0.01,3.26,5685250,8872000,7702000,146000,14463000,46.469,1.06,1.027,0.03551,0.0072399997,0.00421,0.038259998,0.070549995,-0.06,-0.083,515943008,{},{},{},{},none,{},Industrials,Staffing & Employment Services,https://www.ashleyservicesgroup.com.au,Australia,289.0,AUD,ASX,EQUITY,,14317000.0
ASIA.AX,2026-02-14T16:12:40Z,ok,200.0,,,,ASIA,Betashares Asia Technology Tigers ETF,,Spotlight ETP List,ETF/ETP,ASXInvestmentProductsMonthlyReport,{},{},{},{},{},{},{},{},{},{},{},{},,,,,,,,,,{},{},{},{},,,,,,,,,,,,,,,,,,,,,,,,,,,,AUD,ASX,ETF,,
ASK.AX,2026-02-14T16:13:00Z,ok,200.0,,,,ASK,ABACUS STORAGE KING,Real Estate,Equity Real Estate Investment Trusts (REITs),EQUITY,ASXListedCompanies.csv,0.2818,{},1767052800,0.062,0.04092409,0.06,0.040900003,1.331,1990865920,3024168448,23.875,{},1314102962,1114974064,0.69821,0.081920005,{},{},{},{},{},1.773,0.8544839,0.22,0.06898,50190876,88733000,126669000,121463000,1155404032,49.597,1.751,1.66,0.79349,0.49924,1.17102,0.022330001,0.13001001,0.141,0.606,246831008,1.61,1.7,1.45,{},none,7,Real Estate,REIT - Industrial,https://www.abacusgroup.com.au/investor-centre/abacus-storage-king/,Australia,,AUD,ASX,EQUITY,,1033941032.0
ASL.AX,2026-02-14T16:13:21Z,ok,200.0,,,,ASL,ANDEAN SILVER LIMITED,Materials,Materials,EQUITY,ASXListedCompanies.csv,0.0,{},{},0.0,0.0,{},{},0.819,399464128,340069504,-30.667,{},213617185,150229786,0.14037,0.29358,{},{},{},{},{},0.177,10.564972,-0.12,{},-14439567,-9084564,-11089003,12236390,373912,1.331,3.028,2.992,0.26292,-9.54612,0.0,-0.16379,-0.77806,1.661,{},1408307,4.95,5.4,4.5,1.0,strong_buy,2,Basic Materials,Gold,https://www.andeansilver.com,Australia,,AUD,ASX,EQUITY,,-11862478.0
ASM.AX,2026-02-14T16:13:40Z,ok,200.0,,,,ASM,AUSTRALIAN STRATEGIC MATERIALS LIMITED,Materials,Materials,EQUITY,ASXListedCompanies.csv,0.0,{},{},0.0,0.0,{},{},1.688,422187744,347152544,-17.268,{},268055692,174258630,0.36049998,0.06166,{},{},{},{},{},1.001,1.5734266,-0.14,-0.1,-25360376,-16159000,-20104000,19013000,14053000,7.744,1.483,0.954,0.67007005,-3.66932,0.0,-0.055960003,-0.12720999,0.473,{},5089000,2.28,2.28,2.28,0.0,strong_buy,1,Basic Materials,Other Industrial Metals & Mining,https://asm-au.com,Australia,,AUD,ASX,EQUITY,,-4960000.0
ASN.AX,2026-02-14T16:14:00Z,ok,200.0,,,,ASN,ANSON RESOURCES LIMITED,Materials,Materials,EQUITY,ASXListedCompanies.csv,0.0,{},{},0.0,0.0,{},{},-0.717,89073784,77470136,-8.962,{},1619523345,1159884557,0.19295,0.052249998,{},{},{},{},{},0.035,1.5714285,-0.01,0.0,-9292571,-8198373,-8644361,2446516,1251322,2.556,1.386,1.254,0.0,0.0,0.0,-0.10236,-0.17232999,{},{},{},{},{},{},{},none,{},Basic Materials,Other Industrial Metals & Mining,https://www.ansonresources.com,United States,,AUD,ASX,EQUITY,,-1195194.0
ASP.AX,2026-02-14T16:14:20Z,ok,200.0,,,,ASP,ASPERMONT LIMITED.,Communication Services,Media & Entertainment,EQUITY,ASXListedCompanies.csv,0.0,{},1224460800,0.0,0.0,{},{},1.283,20378036,17589448,-8.686,{},2911147971,1124546134,0.63326,0.0,{},{},{},{},{},0.001,7.0,-0.0,0.0,324000,199000,-2025000,2947000,303000,9.61,0.355,0.355,0.49971,-0.03777,-0.14323,-0.08637,-0.83514,-0.087,{},15409000,{},{},{},{},none,{},Communication Services,Publishing,https://www.aspermont.com,Australia,,AUD,ASX,EQUITY,,-2644000.0
ASQ.AX,2026-02-14T16:14:40Z,ok,200.0,,,,ASQ,AUSTRALIAN SILICA QUARTZ GROUP LTD,Materials,Materials,EQUITY,ASXListedCompanies.csv,0.0,{},{},0.0,0.0,{},{},0.839,6200929,5364169,-2.75,{},281860377,157957374,0.44018,0.0,{},{},{},{},{},0.015,1.4666667,-0.01,{},-866226,-1560783,-1950310,836759,0,{},9.206,8.282,1.0,-11.54959,0.0,-0.23411,-0.3795,-0.263,{},52006,{},{},{},{},none,{},Basic Materials,Other Industrial Metals & Mining,https://www.asqg.com.au/IRM/content/default.aspx,Australia,,AUD,ASX,EQUITY,,-836759.0
ASV.AX,2026-02-14T16:15:00Z,ok,200.0,,,,ASV,ASSET VISION CO LTD,Industrials,Commercial & Professional Services,EQUITY,ASXListedCompanies.csv,0.0,{},1459296000,0.0,0.0,{},{},1.277,30795574,29097798,-83.21,{},751111565,332908266,0.54166,0.12571,{},{},{},{},{},0.007,5.857143,-0.0,{},972217,1329029,-349692,1532832,111806,2.201,1.201,1.139,0.16652,-0.21738,-0.07677,-0.03771,-0.07951,0.166,{},5025036,{},{},{},{},none,{},Technology,Information Technology Services,https://www.assetvision.com.au,Australia,,AUD,ASX,EQUITY,,-1421026.0
ASX.AX,2026-02-14T16:15:20Z,ok,200.0,,,,ASX,ASX LIMITED,Financials,Financial Services,EQUITY,ASXListedCompanies.csv,0.82949996,3.3,1771545600,2.139,0.03929096,2.04,0.0372,0.371,10639836160,6047404544,9.139,{},194099794,193610663,0.0022200001,0.51765,{},{},{},{},{},20.117,2.7220757,2.69,2.69339,3248662528,711200000,661699968,5062900224,481400000,12.328,1.131,0.494,0.92786,0.55858004,0.44364,0.02559,0.13638,0.112,0.08,1178200064,58.68333,70.0,49.05,2.8,hold,15,Financial Services,Financial Data & Stock Exchanges,https://www.asx.com.au,Australia,1354.0,AUD,ASX,EQUITY,1770873120.0,-4581500224.0
AT1.AX,2026-02-14T16:15:40Z,ok,200.0,,,,AT1,ATOMO DIAGNOSTICS LIMITED,Health Care,Health Care Equipment & Services,EQUITY,ASXListedCompanies.csv,0.0,{},{},0.0,0.0,{},{},1.189,32407012,29372466,-6.256,{},810175282,380685162,0.46411,0.076,{},{},{},{},{},0.009,4.4444447,-0.01,-1.1,-609484,-1958817,-4694730,3219646,185101,2.653,3.03,2.268,0.47276002,-1.6684101,-1.31078,-0.35318002,-0.58274,-0.196,{},3792359,{},{},{},{},none,{},Healthcare,Medical Devices,https://atomodiagnostics.com,Australia,,AUD,ASX,EQUITY,,-3034545.0
AT4.AX,2026-02-14T16:16:00Z,ok,200.0,,,,AT4,AMERICAN TUNGSTEN & ANTIMONY LTD,Materials,Materials,EQUITY,ASXListedCompanies.csv,0.0,{},{},0.0,0.0,{},{},0.801,203977888,178782144,-18.78,{},1274861871,843967845,0.14967,0.05029,{},{},{},{},{},0.005,32.0,-0.02,{},-4660804,-5751823,-9519901,3350352,0,{},9.577,6.471,1.0,4945.8047,0.0,-1.63349,-5.80424,{},{},27979,{},{},{},{},none,{},Basic Materials,Other Industrial Metals & Mining,https://www.ataa.com,Australia,,AUD,ASX,EQUITY,,-3350352.0
ATA.AX,2026-02-14T16:16:20Z,ok,200.0,,,,ATA,ATTURRA LIMITED,Information Technology,Software & Services,EQUITY,ASXListedCompanies.csv,0.0,{},{},0.0,0.0,{},{},0.077,218671568,165874368,8.203,{},370629784,118735662,0.67449,0.13838,{},{},{},{},{},0.604,0.9768212,0.03,0.05807,12021250,14706000,20220000,92609000,36435000,15.974,1.595,1.558,0.3407,0.05007,0.03026,0.02694,0.0481,0.205,-0.44,300615008,0.966,1.15,0.8,{},none,5,Technology,Information Technology Services,https://atturra.com,Australia,1200.0,AUD,ASX,EQUITY,,-56174000.0
ATB.AX,2026-02-14T16:16:40Z,not_found,404.0,not_found,,,ATB,ASIAN DEVELOPMENT BANK,,Not Applic,EQUITY,ASXListedCompanies.csv,,,,,,,,,,,,,,,,,,,,,,,,,,,,,,,,,,,,,,,,,,,,,,,,,,,,,,,,,
ATC.AX,2026-02-14T16:17:00Z,ok,200.0,,,,ATC,ALTECH BATTERIES LTD,Materials,Materials,EQUITY,ASXListedCompanies.csv,0.0,{},{},0.0,0.0,{},{},-0.109,64050524,50077344,-3.907,{},2668771704,1297384250,0.38391998,0.01101,{},{},{},{},{},0.015,1.6,-0.01,{},-16384889,-7650448,-12816667,448234,12941240,63.327,0.745,0.724,1.0,34.80515,0.0,-0.22547,-0.73635,{},{},82218,{},{},{},{},none,{},Basic Materials,Specialty Chemicals,https://www.altechgroup.com,Australia,24.0,AUD,ASX,EQUITY,,12493006.0
ATEC.AX,2026-02-14T16:17:20Z,ok,200.0,,,,ATEC,Betashares S&P/ASX Australian Technology ETF,,Spotlight ETP List,ETF/ETP,ASXInvestmentProductsMonthlyReport,{},{},{},{},{},{},{},{},{},{},{},{},,,,,,,,,,{},{},{},{},,,,,,,,,,,,,,,,,,,,,,,,,,,,AUD,ASX,ETF,,
ATG.AX,2026-02-14T16:17:40Z,ok,200.0,,,,ATG,ARTICORE GROUP LIMITED,Consumer Discretionary,Consumer Discretionary Distribution & Retail,EQUITY,ASXListedCompanies.csv,0.0,{},{},0.0,0.0,{},{},1.643,103340104,74390520,-11.292,{},303941473,170938317,0.36958998,0.21308,{},{},{},{},{},0.162,2.0987654,-0.04,0.0335,-2862000,147000,-6588000,28418000,6577000,14.344,0.687,0.575,0.24364,-0.036229998,-0.02575,-0.03914,-0.2284,-0.096,{},438644000,0.625,0.75,0.5,{},none,2,Consumer Cyclical,Internet Retail,https://www.articore.com,Australia,,AUD,ASX,EQUITY,,-21841000.0
ATH.AX,2026-02-14T16:18:00Z,ok,200.0,,,,ATH,ALTERITY THERAPEUTICS LIMITED,Health Care,"Pharmaceuticals, Biotechnology & Life Sciences",EQUITY,ASXListedCompanies.csv,0.0,{},{},0.0,0.0,{},{},-0.016,87003336,33166812,-2.267,{},10875416329,7037971107,0.0853,0.18356001,{},{},{},{},{},0.005,1.6000001,-0.0,-0.05,-8657227,-11451248,-14633244,40658640,155457,0.367,12.977,12.617,0.97655,-1.85726,-2.2335,-0.28087,-0.4323,0.809,{},5438918,0.0385,0.061,0.016,{},none,2,Healthcare,Biotechnology,https://alteritytherapeutics.com,Australia,9.0,AUD,ASX,EQUITY,,-40503183.0
ATM.AX,2026-02-14T16:18:20Z,ok,200.0,,,,ATM,ANEKA TAMBANG (PERSERO) TBK (PT),Materials,Materials,EQUITY,ASXListedCompanies.csv,0.3939,{},1750636800,0.0,0.0,0.06,0.056999996,{},6867995136,{},{},{},4806152945,8410522860,0.38819,0.0,{},{},{},{},{},846.6,0.0011871014,0.13,{},{},{},{},{},{},11.004,1.25,0.902,0.19403,0.0,0.0646,{},{},-0.35,0.964,{},{},{},{},{},none,{},Basic Materials,Gold,https://www.antam.com,Indonesia,3814.0,AUD,ASX,EQUITY,,
ATOM.AX,2026-02-14T16:18:41Z,ok,200.0,,,,ATOM,Global X Uranium ETF,,Spotlight ETP List,ETF/ETP,ASXInvestmentProductsMonthlyReport,{},{},{},0.0,0.0,{},{},{},{},{},{},{},,,,,,,,,,{},{},{},{},,,,,,,,,,,,,,,,,,,,,,,,,,,,AUD,ASX,ETF,,
ATP.AX,2026-02-14T16:19:01Z,ok,200.0,,,,ATP,ATLAS PEARLS LTD,Consumer Discretionary,Consumer Durables & Apparel,EQUITY,ASXListedCompanies.csv,0.123,{},1756944000,0.02,0.10526316,0.03,0.14739999,0.065,83418088,63023168,3.282,{},439042581,255802805,0.40238,0.00763,{},{},{},{},{},0.163,1.1656442,0.05,{},4650166,16441381,19201648,20214952,401835,0.566,6.663,3.113,0.65334,0.36602002,0.49463,0.15228,0.34607,0.692,-0.169,44271016,{},{},{},{},none,{},Consumer Cyclical,Luxury Goods,https://www.atlaspearls.com.au,Australia,1200.0,AUD,ASX,EQUITY,,-19813117.0
ATR.AX,2026-02-14T16:19:20Z,ok,200.0,,,,ATR,ASTRON LIMITED,Materials,Materials,EQUITY,ASXListedCompanies.csv,0.0,{},1397606400,0.0,0.0,{},{},0.561,284775392,135926640,-16.726,{},421889438,45280925,0.77819,0.057979997,{},{},{},{},{},0.583,1.1578045,0.1,-0.01,-15433169,-6332533,-8126817,14097849,8828826,7.239,1.983,1.492,0.09739,-0.80487996,1.74179,-0.04723,0.19459999,0.163,{},10970411,1.6,1.6,1.6,{},none,1,Basic Materials,Other Industrial Metals & Mining,https://www.astronlimited.com.au,Australia,,AUD,ASX,EQUITY,,-5269023.0
ATS.AX,2026-02-14T16:19:40Z,ok,200.0,,,,ATS,AUSTRALIS OIL & GAS LIMITED,Energy,Energy,EQUITY,ASXListedCompanies.csv,0.0,{},{},0.0,0.0,{},{},0.604,30551240,31069374,7.692,{},1388692768,926400189,0.24226,0.03619,{},{},{},{},{},0.04797855,0.45853823,-0.01,0.0,5606375,2558000,4039000,3999000,6071000,13.593,0.595,0.529,0.119720004,-0.19274999,-0.38717997,-0.05494,-0.1312,-0.256,{},15804000,{},{},{},{},none,{},Energy,Oil & Gas E&P,https://www.australisoil.com,Australia,,AUD,ASX,EQUITY,,2072000.0
ATT.AX,2026-02-14T16:20:00Z,ok,200.0,,,,ATT,ALTITUDE MINERALS LTD,Materials,Materials,EQUITY,ASXListedCompanies.csv,0.0,{},{},0.0,0.0,{},{},0.998,7280565,3527148,-0.946,{},346693604,162841216,0.23657,0.06762,{},{},{},{},{},0.008,2.6249998,-0.03,{},-2254921,-3529733,-3728452,1041338,35165,2.906,3.604,3.368,0.0,392.71725,0.0,-0.78513,-1.45663,{},{},{},{},{},{},{},none,{},Basic Materials,Other Precious Metals & Mining,https://www.coppersearch.com.au,Australia,,AUD,ASX,EQUITY,,-1006173.0
ATV.AX,2026-02-14T16:20:20Z,ok,200.0,,,,ATV,ACTIVEPORT GROUP LTD,Information Technology,Software & Services,EQUITY,ASXListedCompanies.csv,0.0,{},{},0.0,0.0,{},{},1.871,15917276,15897390,-2.217,{},1136948192,565519538,0.37653,0.0,{},{},{},{},{},0.013,1.0769231,-0.04,{},-3119480,-4376130,-7169712,914794,3697167,42.862,0.646,0.597,0.45797002,-1.07545,-2.08159,-0.19397,-1.3492199,-0.253,{},9614357,{},{},{},{},none,{},Technology,Information Technology Services,https://www.activeport.com.au,Australia,,AUD,ASX,EQUITY,,2782373.0
ATX.AX,2026-02-14T16:20:41Z,ok,200.0,,,,ATX,AMPLIA THERAPEUTICS LIMITED,Health Care,"Pharmaceuticals, Biotechnology & Life Sciences",EQUITY,ASXListedCompanies.csv,0.0,{},{},0.0,0.0,{},{},0.812,64133952,35358908,-4.249,{},513071629,421360075,0.15235,0.18878001,{},{},{},{},{},0.084,1.4880953,-0.02,-0.021,-10593089,-13360957,-8322015,29156460,381417,0.889,28.173,27.755,0.94056,-1.6637,-1.58455,-0.17715,-0.28489,0.87,{},5007363,0.42,0.42,0.42,{},none,1,Healthcare,Biotechnology,https://www.ampliatx.com,Australia,,AUD,ASX,EQUITY,,-28775043.0
AU1.AX,2026-02-14T16:21:01Z,ok,200.0,,,,AU1,THE AGENCY GROUP AUSTRALIA LTD,Real Estate,Real Estate Management & Development,EQUITY,ASXListedCompanies.csv,0.0,{},{},0.0,0.0,{},{},0.628,12308127,28886144,30.247,{},439575921,102878505,0.8168,0.016139999,{},{},{},{},{},0.006,4.666667,-0.01,{},3051125,4186000,955000,5065000,21643000,882.307,0.507,0.465,0.32537997,-0.03679,-0.055180002,-0.046329997,-1.05134,0.14,{},98541000,{},{},{},{},none,{},Real Estate,Real Estate Services,https://investors.theagency.com.au,Australia,,AUD,ASX,EQUITY,,16578000.0
AUA.AX,2026-02-14T16:21:20Z,ok,200.0,,,,AUA,AUDEARA LIMITED,Consumer Discretionary,Consumer Durables & Apparel,EQUITY,ASXListedCompanies.csv,0.0,{},{},0.0,0.0,{},{},0.628,14290244,13918429,-4.792,{},180889146,68117759,0.64927,0.017970001,{},{},{},{},{},0.007,11.285714,-0.01,{},-2067995,-1812509,-2904702,1421091,1124704,86.917,1.293,1.024,0.36051998,-0.61471003,-0.47204,-0.40377998,-1.23127,-0.174,{},3785788,{},{},{},{},none,{},Technology,Consumer Electronics,https://audeara.com,Australia,,AUD,ASX,EQUITY,,-296387.0
AUB.AX,2026-02-14T16:21:41Z,ok,200.0,,,,AUB,AUB GROUP LIMITED,Financials,Insurance,EQUITY,ASXListedCompanies.csv,0.5482,2.41,1757289600,0.85,0.03351735,0.91,0.0372,0.509,2852894464,3913768448,10.803,{},116587434,113768350,0.01022,0.50935,{},{},{},{},{},14.511,1.686307,1.53,2.04768,170992496,386532000,362272992,279265984,958062016,46.197,1.128,0.373,0.49436,0.2888,0.15353,0.04237,0.11279,0.147,0.711,1172791040,38.506,45.0,35.0,1.54545,buy,10,Financial Services,Insurance Brokers,https://www.aubgroup.com.au,Australia,2859.0,AUD,ASX,EQUITY,1771909920.0,678796032.0
AUC.AX,2026-02-14T16:22:00Z,ok,200.0,,,,AUC,AUSGOLD LIMITED,Materials,Materials,EQUITY,ASXListedCompanies.csv,0.0,{},1527552000,0.0,0.0,{},{},1.324,553338304,416362144,-66.455,{},547859741,364619581,0.155,0.46073002,{},{},{},{},{},0.275,3.672727,-0.03,-0.028,-10288132,-2455442,-6265284,12028451,428352,0.436,4.523,4.471,0.0,0.0,0.0,-0.070089996,-0.11785,{},{},{},2.175,2.65,1.7,1.0,strong_buy,2,Basic Materials,Gold,https://ausgoldlimited.com,Australia,,AUD,ASX,EQUITY,,-11600099.0
AUDS.AX,2026-02-14T16:22:21Z,ok,200.0,,,,AUDS,Betashares Strong Australian Dollar Complex ETF,,Spotlight ETP List,ETF/ETP,ASXInvestmentProductsMonthlyReport,{},{},{},0.0,0.0,{},{},{},{},,,,,,,,,,,,,,,,,,,,,,,,,,,,,,,,,,,,,,,,,,,,AUD,ASX,EQUITY,,
AUE.AX,2026-02-14T16:22:41Z,ok,200.0,,,,AUE,AURUM RESOURCES LIMITED,Materials,Materials,EQUITY,ASXListedCompanies.csv,0.0,{},{},0.0,0.0,{},{},1.535,250413088,237506240,-28.978,{},347795931,212648842,0.43234003,0.040689997,{},{},{},{},{},0.248,2.903226,-0.04,-0.016,-21584392,-1583896,-8196079,8572858,100101,0.174,2.7,2.688,0.0,23.2997,0.0,-0.12372,-0.20238,{},{},{},1.375,1.5,1.25,{},none,2,Basic Materials,Other Industrial Metals & Mining,https://www.aurumres.com.au,Australia,,AUD,ASX,EQUITY,,-8472757.0
AUG.AX,2026-02-14T16:23:01Z,ok,200.0,,,,AUG,AUGUSTUS MINERALS LIMITED,Materials,Materials,EQUITY,ASXListedCompanies.csv,0.0,{},{},0.0,0.0,{},{},-1.248,7428940,6022834,-6.297,{},206359473,95746668,0.50905997,0.02634,{},{},{},{},{},0.068,0.52941173,-0.02,{},-1786166,-810408,-956414,1406107,0,{},3.55,3.55,0.0,0.0,0.0,-0.19859,-0.32256,{},{},{},{},{},{},{},none,{},Basic Materials,Other Industrial Metals & Mining,https://www.augustusminerals.com.au,Australia,,AUD,ASX,EQUITY,,-1406107.0
AUI.AX,2026-02-14T16:23:21Z,ok,200.0,,,,AUI,AUSTRALIAN UNITED INVESTMENT COMPANY LIMITED,,Not Applic,EQUITY,ASXListedCompanies.csv,0.9204,3.64,1756339200,0.37,0.032062393,0.4,0.0352,0.412,1407123584,1430632576,25.805,{},123757577,58763562,0.52643,0.10338,{},{},{},{},{},10.593,1.0733503,0.4,{},33080500,50994000,55441000,5464000,25235000,1.92,0.444,0.443,1.0,0.97156996,0.87482,0.02184,0.03956,-0.047,-0.004,57004000,{},{},{},{},none,{},Financial Services,Asset Management,https://www.aui.com.au,Australia,,AUD,ASX,EQUITY,,19771000.0
AUK.AX,2026-02-14T16:23:41Z,ok,200.0,,,,AUK,AUMAKE LIMITED.,Consumer Discretionary,Consumer Discretionary Distribution & Retail,EQUITY,ASXListedCompanies.csv,0.0,{},1407888000,0.0,0.0,{},{},0.879,7695718,5605913,-1.682,{},3847858827,1748892147,0.41596,0.0365,{},{},{},{},{},0.001,2.0,-0.0,{},-3045416,-4257078,-3332954,1722723,1162755,43.625,1.434,0.866,0.02735,-0.054759998,-0.08724,-0.33136,-2.10584,1.888,{},39891252,{},{},{},{},none,{},Consumer Cyclical,Department Stores,https://aumake.com.au,Australia,,AUD,ASX,EQUITY,,-559968.0
AUMF.AX,2026-02-14T16:24:01Z,ok,200.0,,,,AUMF,iShares Edge MSCI Australia Multifactor ETF,,Spotlight ETP List,ETF/ETP,ASXInvestmentProductsMonthlyReport,{},{},{},{},{},{},{},{},{},{},{},{},,,,,,,,,,{},{},{},{},,,,,,,,,,,,,,,,,,,,,,,,,,,,AUD,ASX,ETF,,
AUQ.AX,2026-02-14T16:24:21Z,ok,200.0,,,,AUQ,ALARA RESOURCES LIMITED,Materials,Materials,EQUITY,ASXListedCompanies.csv,0.0,{},{},0.0,0.0,{},{},0.279,29714240,108546456,8.086,{},803087541,276923279,0.61386,0.0,{},{},{},{},{},0.013,2.8461537,-0.01,{},25538216,8620828,13423844,12479270,101427752,4234.613,0.33,0.172,0.5208,-0.20693001,-0.18375,-0.0424,-1.65453,5.631,{},55232648,{},{},{},{},none,{},Basic Materials,Other Industrial Metals & Mining,https://alararesources.com,Australia,,AUD,ASX,EQUITY,,88948482.0
AUR.AX,2026-02-14T16:24:40Z,ok,200.0,,,,AUR,AURIS MINERALS LIMITED,Materials,Materials,EQUITY,ASXListedCompanies.csv,0.0,{},{},0.0,0.0,{},{},0.602,39885404,13607744,-24.478,{},1286625957,337570334,0.46592,0.05743,{},{},{},{},{},0.024,1.2916666,-0.01,{},789003,-428508,-555906,1167661,0,{},4.781,4.66,1.0,644.0333,0.0,-0.19315,-0.30436,{},{},70755,{},{},{},{},none,{},Basic Materials,Other Industrial Metals & Mining,https://aurisminerals.com.au,Australia,,AUD,ASX,EQUITY,,-1167661.0
AUST.AX,2026-02-14T16:25:01Z,ok,200.0,,,,AUST,Betashares Managed Risk Australian Shares Complex ETF,,Spotlight ETP List,ETF/ETP,ASXInvestmentProductsMonthlyReport,{},{},{},0.0,0.0,{},{},{},{},,,,,,,,,,,,,,,,,,,,,,,,,,,,,,,,,,,,,,,,,,,,AUD,ASX,EQUITY,,
AUV.AX,2026-02-14T16:25:21Z,ok,200.0,,,,AUV,AURAVELLE METALS LIMITED,Materials,Materials,EQUITY,ASXListedCompanies.csv,0.0,{},{},0.0,0.0,{},{},0.482,12374319,8703379,-3.01,{},687462188,395025319,0.29463,0.06751,{},{},{},{},{},0.005,3.6,-0.01,{},-1777943,-2868503,-2891438,884892,26452,1.389,2.365,2.268,1.0,733408.94,0.0,-0.76786005,-1.4520301,{},{},24230,{},{},{},{},none,{},Basic Materials,Gold,https://www.sipa.com.au,Australia,,AUD,ASX,EQUITY,,-858440.0
AUZ.AX,2026-02-14T16:25:40Z,ok,200.0,,,,AUZ,AUSTRALIAN MINES LIMITED,Materials,Materials,EQUITY,ASXListedCompanies.csv,0.0,{},{},0.0,0.0,{},{},0.8,34874888,22305792,-11.84,{},2051463848,1036203047,0.15187,0.0,{},{},{},{},{},0.032,0.53125,-0.0,{},-2446000,-1709000,-1884000,1452000,0,{},8.281,8.275,0.0,0.0,0.0,-0.02563,-0.041050002,{},{},{},{},{},{},{},none,{},Basic Materials,Other Industrial Metals & Mining,https://australianmines.com.au,Australia,,AUD,ASX,EQUITY,,-1452000.0
AV1.AX,2026-02-14T16:26:00Z,ok,200.0,,,,AV1,ADVERITAS LIMITED,Information Technology,Software & Services,EQUITY,ASXListedCompanies.csv,0.0,{},{},0.0,0.0,{},{},-0.201,92515616,82785936,-13.232,{},925156141,494456134,0.57471,0.13224,{},{},{},{},{},0.005,20.0,-0.01,0.0035,1081638,-2937175,-6256502,9578193,163015,3.72,1.724,1.708,-0.46883,-0.6731,-0.90334,-0.45103002,-4.34546,0.896,{},7843953,0.195,0.23,0.16,{},none,2,Technology,Software - Infrastructure,https://www.adveritas.com.au,Australia,,AUD,ASX,EQUITY,,-9415178.0
AVA.AX,2026-02-14T16:26:20Z,ok,200.0,,,,AVA,AVA RISK GROUP LIMITED,Information Technology,Technology Hardware & Equipment,EQUITY,ASXListedCompanies.csv,0.0,{},1698969600,0.0,0.0,{},{},0.302,16883746,14057378,15.516,{},291099082,190384080,0.43217,0.0,{},{},{},{},{},0.076,0.7631579,-0.02,0.012,2411250,4167000,906000,5591000,2801000,12.632,3.155,1.978,0.64181,-0.037809998,-0.20435,0.00583,-0.25768998,-0.088,{},31603000,0.18,0.18,0.18,{},none,1,Industrials,Security & Protection Services,https://www.theavagroup.com,Australia,,AUD,ASX,EQUITY,,-2790000.0
AVD.AX,2026-02-14T16:26:41Z,ok,200.0,,,,AVD,AVADA GROUP LIMITED,Industrials,Commercial & Professional Services,EQUITY,ASXListedCompanies.csv,0.0,{},{},0.0,0.0,{},{},-0.289,9767528,42642528,4.646,{},84935025,23613636,0.72947,0.0,{},{},{},{},{},0.455,0.25274724,-0.19,0.09,8018000,10333000,9179000,7327000,40202000,103.919,1.15,1.097,0.10386,-0.0015700001,-0.084989995,8.0000005e-05,-0.33411,-0.107,{},183095008,{},{},{},{},none,{},Industrials,Infrastructure Operations,https://www.avadagroup.com.au,Australia,,AUD,ASX,EQUITY,,32875000.0
AVE.AX,2026-02-14T16:27:01Z,ok,200.0,,,,AVE,AVECHO BIOTECHNOLOGY LIMITED,Health Care,"Pharmaceuticals, Biotechnology & Life Sciences",EQUITY,ASXListedCompanies.csv,0.0,{},864000000,0.0,0.0,{},{},0.964,33061170,22684276,-6.743,{},3673463679,2217489480,0.30941,0.0275,{},{},{},{},{},0.0,{},-0.0,{},-2284484,1191627,-3364006,5934020,57123,6.923,4.621,4.461,0.62267,-4.6554003,-2.62413,-0.33532003,-1.4371201,0.794,{},1380554,{},{},{},{},none,{},Healthcare,Biotechnology,https://avecho.com.au,Australia,,AUD,ASX,EQUITY,,-5876897.0
AVG.AX,2026-02-14T16:27:22Z,ok,200.0,,,,AVG,AUSTRALIAN VINTAGE LTD,Consumer Staples,"Food, Beverage & Tobacco",EQUITY,ASXListedCompanies.csv,0.0,5.15,1669248000,0.0,0.0,{},{},0.222,30310588,163481584,51.04,{},329462923,222064599,0.50845003,0.17275,{},{},{},{},{},0.58,0.1586207,-0.03,0.03,41003624,-7663000,3203000,8877000,142048000,74.368,2.342,0.626,0.2697,-0.049879998,-0.03719,-0.00629,-0.047280002,0.053,{},257184992,{},{},{},{},none,{},Consumer Defensive,Beverages - Wineries & Distilleries,https://avlwines.com.au,Australia,,AUD,ASX,EQUITY,,133171000.0
AVH.AX,2026-02-14T16:27:41Z,ok,200.0,,,,AVH,AVITA MEDICAL INC.,Health Care,"Pharmaceuticals, Biotechnology & Life Sciences",EQUITY,ASXListedCompanies.csv,0.0,{},{},0.0,0.0,{},{},1.8,170391104,54697492,-1.367,{},153158970,30148539,0.0014,0.0,{},{},{},{},{},-0.30738568,{},-0.51,0.01029,-146724368,-33838000,-40027000,23313000,44773000,{},0.669,0.523,0.83742994,-0.53646,-0.67064005,-0.36334,-17.46269,-0.127,{},72401000,2.272,4.36,1.2,3.0,hold,5,Healthcare,Medical Devices,https://avitamedical.com,United States,260.0,AUD,ASX,EQUITY,,21460000.0
AVL.AX,2026-02-14T16:28:01Z,ok,200.0,,,,AVL,AUSTRALIAN VANADIUM LIMITED,Materials,Materials,EQUITY,ASXListedCompanies.csv,0.0,{},{},0.0,0.0,{},{},0.138,104034928,94657896,-7.705,{},346783060,260597435,0.13891,0.10963,{},{},{},{},{},0.376,0.7978724,-0.04,-0.02458,-39425960,-13541000,-12285000,11491000,2533000,1.95,1.111,1.078,-0.07692,-10.38173,0.0,-0.05116,-0.087969996,{},{},624000,1.3917,1.3917,1.3917,{},none,1,Basic Materials,Other Industrial Metals & Mining,https://www.australianvanadium.com.au,Australia,,AUD,ASX,EQUITY,,-8958000.0
AVM.AX,2026-02-14T16:28:21Z,ok,200.0,,,,AVM,ADVANCE METALS LIMITED,Materials,Materials,EQUITY,ASXListedCompanies.csv,0.0,{},{},0.0,0.0,{},{},0.652,65938548,34969440,{},{},470989647,182807777,0.28175,0.1488,{},{},{},{},{},0.044,3.1818182,-0.0,{},-4210953,-1955438,{},2135437,0,{},6.767,5.702,1.0,-30819.2,0.0,-0.10714,-0.17103,{},{},39,{},{},{},{},none,{},Basic Materials,Coking Coal,https://www.advancemetals.com.au,Australia,,AUD,ASX,EQUITY,,-2135437.0
AVR.AX,2026-02-14T16:28:41Z,ok,200.0,,,,AVR,ANTERIS TECHNOLOGIES GLOBAL CORP.,Health Care,Health Care Equipment & Services,EQUITY,ASXListedCompanies.csv,0.0,{},{},0.0,0.0,{},{},0.51,821570624,312998112,-3.691,{},96849743,33255502,0.0,0.029070001,{},{},{},{},{},0.14534679,53.45835,-3.64,-2.83412,-52375520,-77514000,-84806000,9119000,2351000,69.991,0.836,0.696,0.67929,-51.89977,0.0,-2.68965,-26.985329,-0.442,{},2139000,10.0,10.0,10.0,{},none,1,Healthcare,Medical Devices,https://anteristech.com,Australia,136.0,AUD,ASX,EQUITY,,-6768000.0
AVW.AX,2026-02-14T16:29:01Z,ok,200.0,,,,AVW,AVIRA RESOURCES LTD,Materials,Materials,EQUITY,ASXListedCompanies.csv,0.0,{},{},0.0,0.0,{},{},0.309,5775000,1012890,-1.596,{},525000000,187072800,0.20943001,0.00617,{},{},{},{},{},0.013,0.8461538,-0.0,{},-402776,-569249,-634771,348819,0,{},3.411,3.411,1.0,96.70029,0.0,-0.21461001,-0.35659,{},{},5093,{},{},{},{},none,{},Basic Materials,Other Precious Metals & Mining,https://www.aviraresourcesltd.com.au,Australia,,AUD,ASX,EQUITY,,-348819.0
AW1.AX,2026-02-14T16:29:21Z,ok,200.0,,,,AW1,AMERICAN WEST METALS LIMITED,Materials,Materials,EQUITY,ASXListedCompanies.csv,0.0,{},{},0.0,0.0,{},{},0.816,48352696,41021644,{},{},1007347841,658571072,0.21056,0.00071999995,{},{},{},{},{},-0.005,{},-0.04,-0.007,-15972801,-21475122,{},10237087,11215900,{},2.678,2.59,0.0,0.0,0.0,-1.3508201,{},{},{},{},0.17,0.17,0.17,0.0,strong_buy,1,Basic Materials,Other Industrial Metals & Mining,https://americanwestmetals.com,Australia,,AUD,ASX,EQUITY,,978813.0
AWJ.AX,2026-02-14T16:29:41Z,ok,200.0,,,,AWJ,AURIC MINING LIMITED,Materials,Materials,EQUITY,ASXListedCompanies.csv,0.0,{},{},0.0,0.0,{},{},0.735,56128084,47039840,11.805,{},187093602,123694171,0.32790002,0.047280002,{},{},{},{},{},0.131,2.2900765,0.01,{},-401247,5684411,3984762,8754491,0,{},6.704,6.343,1.0,-5.673,0.32784,0.06679,0.10469,-0.885,{},6414841,0.73,0.73,0.73,2.0,buy,1,Basic Materials,Gold,https://auricmining.com.au,Australia,,AUD,ASX,EQUITY,,-8754491.0
AX1.AX,2026-02-14T16:30:01Z,ok,200.0,,,,AX1,ACCENT GROUP LIMITED,Consumer Discretionary,Consumer Discretionary Distribution & Retail,EQUITY,ASXListedCompanies.csv,0.9881,6.02,1756252800,0.07,0.07734807,0.07,0.0791,1.021,532049312,1028148352,6.796,{},601185674,380989397,0.36372003,0.14635,{},{},{},{},{},0.79,1.1202531,0.1,0.09257,195778368,247116992,151276992,39561000,535660000,112.749,1.089,0.236,0.55458,0.03277,0.03906,0.053940002,0.12901,-0.017,-0.404,1476262016,1.20333,2.2,0.95,2.83333,hold,12,Consumer Cyclical,Apparel Retail,https://www.accentgr.com.au,Australia,8600.0,AUD,ASX,EQUITY,1771996320.0,496099000.0
AX8.AX,2026-02-14T16:30:21Z,ok,200.0,,,,AX8,ACCELERATE RESOURCES LIMITED,Materials,Materials,EQUITY,ASXListedCompanies.csv,0.0,{},{},0.0,0.0,{},{},1.096,6067132,2266511,-1.309,{},1011188712,599000434,0.26686,0.0,{},{},{},{},{},0.015,0.4,0.0,{},-2293936,-1377605,-1732012,2874272,177651,1.453,6.302,6.204,0.0,54.28187,0.0,-0.09049,0.02335,{},{},{},{},{},{},{},none,{},Basic Materials,Other Industrial Metals & Mining,https://www.ax8.com.au,Australia,,AUD,ASX,EQUITY,,-2696621.0
AXE.AX,2026-02-14T16:30:41Z,ok,200.0,,,,AXE,ARCHER MATERIALS LIMITED,Information Technology,Semiconductors & Semiconductor Equipment,EQUITY,ASXListedCompanies.csv,0.0,{},{},0.0,0.0,{},{},-0.378,95567632,81764800,-11.783,{},254847013,212886452,0.16132,0.01205,{},{},{},{},{},0.066,5.681818,-0.03,{},-2366731,-4187607,-6939191,13817800,14974,0.09,23.342,22.675,1.0,-3.46184,0.0,-0.2203,-0.36201,-0.23,{},2055447,{},{},{},{},none,{},Technology,Semiconductors,https://archerx.com.au,Australia,,AUD,ASX,EQUITY,,-13802826.0
AXI.AX,2026-02-14T16:31:01Z,ok,200.0,,,,AXI,AXTEC LIMITED,Real Estate,Real Estate Management & Development,EQUITY,ASXListedCompanies.csv,0.0,{},1638835200,0.0,0.0,{},{},0.086,8393820,6404418,-1.546,{},524613658,94483027,0.77627,0.0,{},{},{},{},{},0.02,0.8000001,-0.01,{},-2783000,-1347000,-4143000,5704000,5585000,69.01,1.94,1.232,0.4044,6.57662,-0.68632007,-0.15446,-0.25441,{},{},3274000,{},{},{},{},none,{},Industrials,Specialty Industrial Machinery,https://axtec.com.au,Australia,,AUD,ASX,EQUITY,,-119000.0
AXL.AX,2026-02-14T16:31:22Z,ok,200.0,,,,AXL,AXEL REE LIMITED,Materials,Materials,EQUITY,ASXListedCompanies.csv,0.0,{},{},0.0,0.0,{},{},{},16011859,7161147,-2.04,{},175954487,68194259,0.59933996,0.0,{},{},{},{},{},0.053,1.7169812,-0.02,{},-12624137,-3640488,-3510281,8714211,0,{},40.42,38.741,1.0,-4.92344,0.0,-0.22634001,-0.71630996,45.246,{},424168,{},{},{},{},none,{},Basic Materials,Other Industrial Metals & Mining,https://www.axelreelimited.com.au,Australia,,AUD,ASX,EQUITY,,-8714211.0
AXN.AX,2026-02-14T16:31:41Z,ok,200.0,,,,AXN,ALLIANCE NICKEL LIMITED,Materials,Materials,EQUITY,ASXListedCompanies.csv,0.0,{},{},0.0,0.0,{},{},0.656,36538764,38818100,-25.451,{},761224236,451791610,0.37756002,0.37085,{},{},{},{},{},0.069,0.6956522,-0.0,{},-5536021,-857491,-1525181,1458005,5435802,10.911,0.286,0.282,1.0,-1.18928,-1.6875501,-0.0189,-0.04592,{},{},1372230,{},{},{},{},none,{},Basic Materials,Other Industrial Metals & Mining,https://alliancenickel.au,Australia,,AUD,ASX,EQUITY,,3977797.0
AXP.AX,2026-02-14T16:32:01Z,ok,200.0,,,,AXP,AXP ENERGY LIMITED,Energy,Energy,EQUITY,ASXListedCompanies.csv,{},{},{},0.0,0.0,{},{},1.13,4010808,4219189,-2.604,{},334234033,239682568,0.29499,0.0,{},{},{},{},{},0.015522473,0.7730727,-0.02,{},-246484,-1256901,-1620150,424752,633133,21.589,0.661,0.287,-0.00485,-3.71721,0.0,-0.19760999,-0.87232,{},{},587794,{},{},{},{},none,{},,,https://www.axpenergy.com,United States,,AUD,ASX,EQUITY,,208381.0
AXW01.AX,2026-02-14T16:32:21Z,not_found,404.0,not_found,,,AXW01,Ausbil Australian Active Equity,,Spotlight mFund List,ETF/ETP,ASXInvestmentProductsMonthlyReport,,,,,,,,,,,,,,,,,,,,,,,,,,,,,,,,,,,,,,,,,,,,,,,,,,,,,,,,,
AXW02.AX,2026-02-14T16:32:41Z,not_found,404.0,not_found,,,AXW02,Ausbil Australian Emerging Leaders Fund,,Spotlight mFund List,ETF/ETP,ASXInvestmentProductsMonthlyReport,,,,,,,,,,,,,,,,,,,,,,,,,,,,,,,,,,,,,,,,,,,,,,,,,,,,,,,,,
AXW04.AX,2026-02-14T16:33:01Z,not_found,404.0,not_found,,,AXW04,Ausbil Australian Geared Equity,,Spotlight mFund List,ETF/ETP,ASXInvestmentProductsMonthlyReport,,,,,,,,,,,,,,,,,,,,,,,,,,,,,,,,,,,,,,,,,,,,,,,,,,,,,,,,,
AXW05.AX,2026-02-14T16:33:21Z,not_found,404.0,not_found,,,AXW05,Ausbil 130/30 Focus Fund,,Spotlight mFund List,ETF/ETP,ASXInvestmentProductsMonthlyReport,,,,,,,,,,,,,,,,,,,,,,,,,,,,,,,,,,,,,,,,,,,,,,,,,,,,,,,,,
AXW07.AX,2026-02-14T16:33:41Z,not_found,404.0,not_found,,,AXW07,Ausbil Australian Concentrated Equity Fund,,Spotlight mFund List,ETF/ETP,ASXInvestmentProductsMonthlyReport,,,,,,,,,,,,,,,,,,,,,,,,,,,,,,,,,,,,,,,,,,,,,,,,,,,,,,,,,
AXW08.AX,2026-02-14T16:34:01Z,not_found,404.0,not_found,,,AXW08,Ausbil Active Sustainabel Equity Fund,,Spotlight mFund List,ETF/ETP,ASXInvestmentProductsMonthlyReport,,,,,,,,,,,,,,,,,,,,,,,,,,,,,,,,,,,,,,,,,,,,,,,,,,,,,,,,,
AXW10.AX,2026-02-14T16:34:21Z,not_found,404.0,not_found,,,AXW10,Ausbil Global Resources Fund,,Spotlight mFund List,ETF/ETP,ASXInvestmentProductsMonthlyReport,,,,,,,,,,,,,,,,,,,,,,,,,,,,,,,,,,,,,,,,,,,,,,,,,,,,,,,,,
AXW12.AX,2026-02-14T16:34:41Z,not_found,404.0,not_found,,,AXW12,Ausbil Global Essential Infrastructure Fund - Unhedged,,Spotlight mFund List,ETF/ETP,ASXInvestmentProductsMonthlyReport,,,,,,,,,,,,,,,,,,,,,,,,,,,,,,,,,,,,,,,,,,,,,,,,,,,,,,,,,
AXW13.AX,2026-02-14T16:35:01Z,not_found,404.0,not_found,,,AXW13,Ausbil Australian SmallCap Fund,,Spotlight mFund List,ETF/ETP,ASXInvestmentProductsMonthlyReport,,,,,,,,,,,,,,,,,,,,,,,,,,,,,,,,,,,,,,,,,,,,,,,,,,,,,,,,,
AXW14.AX,2026-02-14T16:35:21Z,not_found,404.0,not_found,,,AXW14,Ausbil Long Short Focus Fund,,Spotlight mFund List,ETF/ETP,ASXInvestmentProductsMonthlyReport,,,,,,,,,,,,,,,,,,,,,,,,,,,,,,,,,,,,,,,,,,,,,,,,,,,,,,,,,
AYA.AX,2026-02-14T16:35:41Z,ok,200.0,,,,AYA,ARTRYA LIMITED,Health Care,Health Care Equipment & Services,EQUITY,ASXListedCompanies.csv,0.0,{},{},0.0,0.0,{},{},0.55,491310752,340687424,-21.015,{},158487350,77795548,0.22839001,0.31422,{},{},{},{},{},0.188,16.48936,-0.18,-0.05,-8256375,-14271000,-16212000,11332000,624000,2.931,8.273,8.07,0.0,-606.6,0.0,-0.48661,-0.86137,{},{},28000,6.62,6.62,6.62,{},none,1,Healthcare,Health Information Services,https://www.artrya.com,Australia,,AUD,ASX,EQUITY,,-10708000.0
AYLD.AX,2026-02-14T16:36:02Z,ok,200.0,,,,AYLD,Global X S&P/ASX 200 Covered Call ETF,,Spotlight ETP List,ETF/ETP,ASXInvestmentProductsMonthlyReport,{},{},{},0.0,0.0,{},{},{},{},{},{},{},,,,,,,,,,{},{},{},{},,,,,,,,,,,,,,,,,,,,,,,,,,,,AUD,ASX,ETF,,
AYM.AX,2026-02-14T16:36:21Z,ok,200.0,,,,AYM,AUSTRALIA UNITED MINING LIMITED,Materials,Materials,EQUITY,ASXListedCompanies.csv,0.0,{},{},0.0,0.0,{},{},0.561,9212887,11048066,10.173,{},1842577485,190762047,0.89647,0.0,{},{},{},{},{},0.002,2.4999998,0.0,{},610901,-346025,1086015,271240,2106419,64.41,0.128,0.128,1.0,-427.05386,75.24363,0.13461,0.35613,-0.568,{},13139,{},{},{},{},none,{},Basic Materials,Gold,https://australiaunitedmining.com.au,Australia,1.0,AUD,ASX,EQUITY,,1835179.0
AYT.AX,2026-02-14T16:36:41Z,ok,200.0,,,,AYT,AUSTIN METALS LIMITED,Materials,Materials,EQUITY,ASXListedCompanies.csv,0.0,{},{},0.0,0.0,{},{},1.326,7920766,6072780,-14.956,{},1980191349,935892723,0.44819,0.0,{},{},{},{},{},0.007,0.5714286,-0.0,{},1356482,-435979,-406032,1056081,0,{},2.263,2.156,1.0,-67.79553,0.0,-0.30336002,-0.50071,-0.492,{},18699,{},{},{},{},none,{},Basic Materials,Other Industrial Metals & Mining,https://www.austinmetals.com.au,Australia,,AUD,ASX,EQUITY,,-1056081.0
AYU.AX,2026-02-14T16:37:01Z,not_found,404.0,not_found,,,AYU,AUSTRALIAN UNITY LIMITED,,Not Applic,EQUITY,ASXListedCompanies.csv,,,,,,,,,,,,,,,,,,,,,,,,,,,,,,,,,,,,,,,,,,,,,,,,,,,,,,,,,
AZ9.AX,2026-02-14T16:37:22Z,ok,200.0,,,,AZ9,ASIAN BATTERY METALS PLC,Materials,Materials,EQUITY,ASXListedCompanies.csv,0.0,{},{},0.0,0.0,{},{},-1.043,20516672,12792708,{},{},820666895,368127193,0.18525,0.0,{},{},{},{},{},0.016,1.5625,0.02,{},-5584176,-2341971,{},4112472,0,{},9.776,9.772,1.0,-13.104859,0.0,-0.08392,-0.14282,{},{},105220,{},{},{},{},none,{},Basic Materials,Other Industrial Metals & Mining,https://www.asianbatterymetals.com,Australia,,AUD,ASX,EQUITY,,-4112472.0
AZI.AX,2026-02-14T16:37:42Z,ok,200.0,,,,AZI,ALTAMIN LIMITED,Materials,Materials,EQUITY,ASXListedCompanies.csv,0.0,{},{},0.0,0.0,{},{},0.701,20311150,14408796,-4.768,{},752264754,224894902,0.60592,0.1338,{},{},{},{},{},0.002,13.5,-0.01,{},-1221115,-3147000,-3022223,1102782,0,{},1.464,1.384,1.0,-40.24447,0.0,-0.62409,-2.1545,-1.0,{},77162,{},{},{},{},none,{},Basic Materials,Other Industrial Metals & Mining,https://www.altamin.com.au,Australia,,AUD,ASX,EQUITY,,-1102782.0
AZJ.AX,2026-02-14T16:38:01Z,ok,200.0,,,,AZJ,AURIZON HOLDINGS LIMITED,Industrials,Transportation,EQUITY,ASXListedCompanies.csv,0.9763,5.67,1756684800,0.157,0.04337017,0.16,0.0437,0.349,6154028032,11793093632,7.779,{},1714214026,1745735294,0.00269,0.6343,{},{},{},{},{},2.334,1.5381318,0.17,0.27294,328875008,1460999936,1516000000,168000000,5677000192,138.938,0.608,0.443,0.42181,0.18499,0.07667,0.0454,0.071090005,0.011,-0.567,3952000000,3.48722,4.4,2.88824,2.73333,hold,15,Industrials,Railroads,https://www.aurizon.com.au,Australia,5988.0,AUD,ASX,EQUITY,,5509000192.0
AZY.AX,2026-02-14T16:38:21Z,ok,200.0,,,,AZY,ANTIPA MINERALS LIMITED,Materials,Materials,EQUITY,ASXListedCompanies.csv,0.0,{},{},0.0,0.0,{},{},1.361,417381440,372817600,-95.34,{},662510219,574069063,0.114300005,0.31558,{},{},{},{},{},0.17,3.7058823,-0.01,-0.02,-7804061,-2022431,-3910419,36482364,252385,0.257,7.135,7.135,1.0,-3.9826598,0.0,-0.02664,-0.06041,{},{},782893,1.26167,1.68,0.85502,1.0,strong_buy,3,Basic Materials,Other Precious Metals & Mining,https://antipaminerals.com.au,Australia,,AUD,ASX,EQUITY,,-36229979.0
B01.AX,2026-02-14T16:38:41Z,not_found,404.0,not_found,,,B01,BANCO SANTANDER S.A.,,Not Applic,EQUITY,ASXListedCompanies.csv,,,,,,,,,,,,,,,,,,,,,,,,,,,,,,,,,,,,,,,,,,,,,,,,,,,,,,,,,
B4P.AX,2026-02-14T16:39:01Z,ok,200.0,,,,B4P,BEFOREPAY GROUP LIMITED,Financials,Financial Services,EQUITY,ASXListedCompanies.csv,0.0,{},{},0.0,0.0,{},{},1.836,82413832,97764648,8.851,{},49796881,29717742,0.24172,0.26758,{},{},{},{},{},0.815,2.030675,0.13,0.21395,-1000895,4860919,11045920,14007754,31906752,81.132,14.406,14.201,0.95934,0.27143,0.16736999,0.09229,0.19301,0.16,2.458,40281140,3.0,3.0,3.0,1.0,strong_buy,1,Technology,Software - Infrastructure,https://www.beforepay.com.au,Australia,43.0,AUD,ASX,EQUITY,,17898998.0
BA2.AX,2026-02-14T16:39:21Z,not_found,404.0,not_found,,,BA2,SERIES 2019-1 REDS TRUST,,Not Applic,EQUITY,ASXListedCompanies.csv,,,,,,,,,,,,,,,,,,,,,,,,,,,,,,,,,,,,,,,,,,,,,,,,,,,,,,,,,
BAE01.AX,2026-02-14T16:39:41Z,ok,200.0,,,,BAE01,Bennelong Australian Equities,,Spotlight mFund List,ETF/ETP,ASXInvestmentProductsMonthlyReport,,,,,,,,,,,,,,,,,,,,,,,,,,,,,,,,,,,,,,,,,,,,,,,,,,,,,,,NONE,,
BAE02.AX,2026-02-14T16:40:01Z,not_found,404.0,not_found,,,BAE02,Bennelong Concentrated Australian Equity,,Spotlight mFund List,ETF/ETP,ASXInvestmentProductsMonthlyReport,,,,,,,,,,,,,,,,,,,,,,,,,,,,,,,,,,,,,,,,,,,,,,,,,,,,,,,,,
BAE03.AX,2026-02-14T16:40:21Z,ok,200.0,,,,BAE03,Bennelong ex-20 Australian Equities,,Spotlight mFund List,ETF/ETP,ASXInvestmentProductsMonthlyReport,,,,,,,,,,,,,,,,,,,,,,,,,,,,,,,,,,,,,,,,,,,,,,,,,,,,,,,NONE,,
BAE04.AX,2026-02-14T16:40:41Z,ok,200.0,,,,BAE04,Bennelong Twenty20 Australian Equities,,Spotlight mFund List,ETF/ETP,ASXInvestmentProductsMonthlyReport,,,,,,,,,,,,,,,,,,,,,,,,,,,,,,,,,,,,,,,,,,,,,,,,,,,,,,,NONE,,
BAE05.AX,2026-02-14T16:41:01Z,not_found,404.0,not_found,,,BAE05,Bennelong Emerging Companies Fund,,Spotlight mFund List,ETF/ETP,ASXInvestmentProductsMonthlyReport,,,,,,,,,,,,,,,,,,,,,,,,,,,,,,,,,,,,,,,,,,,,,,,,,,,,,,,,,
BAK.AX,2026-02-14T16:41:22Z,ok,200.0,,,,BAK,BARKLY RARE EARTHS LIMITED,,Class Pend,EQUITY,ASXListedCompanies.csv,{},{},{},0.0,0.0,{},{},{},{},{},{},{},{},{},{},{},{},{},{},{},{},0.0,{},{},{},{},{},{},{},{},{},{},{},0.0,0.0,0.0,{},{},{},{},{},{},{},{},{},none,{},Basic Materials,Other Industrial Metals & Mining,https://www.barklyrareearths.com,Australia,,AUD,ASX,EQUITY,,
BANK.AX,2026-02-14T16:41:41Z,ok,200.0,,,,BANK,Global X Australian Bank Credit ETF,,Spotlight ETP List,ETF/ETP,ASXInvestmentProductsMonthlyReport,{},{},{},{},{},{},{},{},{},{},{},{},,,,,,,,,,{},{},{},{},,,,,,,,,,,,,,,,,,,,,,,,,,,,AUD,ASX,ETF,,
BAOR.AX,2026-02-14T16:42:02Z,ok,200.0,,,,BAOR,Aoris Int Fund (Class B) (Unhedged) Active ETF,,Spotlight ETP List,ETF/ETP,ASXInvestmentProductsMonthlyReport,{},{},{},0.0,0.0,{},{},{},{},,,,,,,,,,,,,,,,,,,,,,,,,,,,,,,,,,,,,,,,,,,,AUD,ASX,EQUITY,,
BAP.AX,2026-02-14T16:42:22Z,ok,200.0,,,,BAP,BAPCOR LIMITED,Consumer Discretionary,Consumer Discretionary Distribution & Retail,EQUITY,ASXListedCompanies.csv,1.6443,3.42,1756944000,0.135,0.0787172,0.11,0.0655,0.437,570212992,1157636864,9.921,{},339412500,277692613,0.17391,0.90544,{},{},{},{},{},2.517,0.6674613,0.08,0.19115,80857872,133626000,116682000,58583000,644286976,75.28,2.287,0.727,0.45311,0.01545,0.01424,0.030350002,0.03225,-0.055,{},1975767040,2.49539,4.7,1.85,{},none,10,Consumer Cyclical,Specialty Retail,https://www.bapcor.com.au,Australia,,AUD,ASX,EQUITY,1771996320.0,585703976.0
BAS.AX,2026-02-14T16:42:42Z,ok,200.0,,,,BAS,BASS OIL LIMITED,Energy,Energy,EQUITY,ASXListedCompanies.csv,0.0,{},{},0.0,0.0,{},{},2.051,15649958,13812743,17.928,{},319386899,216113476,0.32586,0.0,{},{},{},{},{},0.037,1.3243243,-0.0,{},-1500852,1833084,770477,1962243,122228,1.036,2.068,1.63,0.31186,0.0049799997,-0.0442,-0.0108,-0.0327,-0.082,{},8465927,{},{},{},{},none,{},Energy,Oil & Gas E&P,https://www.bassoil.com.au,Australia,,AUD,ASX,EQUITY,,-1840015.0
BB1.AX,2026-02-14T16:43:01Z,ok,200.0,,,,BB1,BLINKLAB LIMITED,Health Care,Health Care Equipment & Services,EQUITY,ASXListedCompanies.csv,0.0,{},{},0.0,0.0,{},{},{},120242456,111054272,-20.062,{},125908333,77954875,0.58245,0.0,{},{},{},{},{},0.072,13.263889,-0.06,-0.1,-2068793,-4165193,-5535492,8712333,128980,1.438,14.163,13.649,-0.78875,-15.76331,0.0,-0.42118,-0.73855,5.231,{},375551,1.9,1.9,1.9,{},none,1,Healthcare,Health Information Services,https://www.blinklab.org,Australia,,AUD,ASX,EQUITY,,-8583353.0
BBAB.AX,2026-02-14T16:43:21Z,ok,200.0,,,,BBAB,Betashares Geared Short Australian Government Bond Complex ETF,,Spotlight ETP List,ETF/ETP,ASXInvestmentProductsMonthlyReport,{},{},{},{},{},{},{},{},{},,,,,,,,,,,,,,,,,,,,,,,,,,,,,,,,,,,,,,,,,,,,AUD,ASX,EQUITY,,
BBC.AX,2026-02-14T16:43:41Z,ok,200.0,,,,BBC,BNK BANKING CORPORATION LIMITED,Financials,Banks,EQUITY,ASXListedCompanies.csv,0.0,{},1658102400,0.0,0.0,{},{},0.011,33258410,58042632,{},{},118780030,63339141,0.66436,0.0,{},{},{},{},{},1.028,0.27237356,0.01,{},{},444252992,{},66589000,91379000,{},{},{},0.0,0.1041,0.048979998,0.00087,0.01055,0.417,{},26194000,{},{},{},{},none,{},Financial Services,Banks - Regional,https://bnk.com.au,Australia,,AUD,ASX,EQUITY,,24790000.0
BBFD.AX,2026-02-14T16:44:01Z,ok,200.0,,,,BBFD,Betashares Geared Short US Treasury Bond Currency Hedged Complex ETF,,Spotlight ETP List,ETF/ETP,ASXInvestmentProductsMonthlyReport,{},{},{},{},{},{},{},{},{},,,,,,,,,,,,,,,,,,,,,,,,,,,,,,,,,,,,,,,,,,,,AUD,ASX,EQUITY,,
BBL.AX,2026-02-14T16:44:22Z,ok,200.0,,,,BBL,BRISBANE BRONCOS LIMITED,Communication Services,Media & Entertainment,EQUITY,ASXListedCompanies.csv,0.2635,1.35,1742342400,0.02,0.011594202,0.02,0.0116,0.36,169120096,140406240,13.098,{},98040631,4738304,0.95198995,0.00122,{},{},{},{},{},0.529,3.2608697,0.08,{},3522892,6879530,10719300,28884106,170262,0.328,2.61,2.445,0.22694999,0.21360001,0.11364,0.08988,0.15235,0.161,0.413,65790576,{},{},{},{},none,{},Communication Services,Entertainment,https://www.broncos.com.au,Australia,,AUD,ASX,EQUITY,,-28713844.0
BBN.AX,2026-02-14T16:44:42Z,ok,200.0,,,,BBN,BABY BUNTING GROUP LIMITED,Consumer Discretionary,Consumer Discretionary Distribution & Retail,EQUITY,ASXListedCompanies.csv,0.0,3.48,1709510400,0.0,0.0,{},{},0.712,292465568,445464128,15.274,{},135400726,108211207,0.09873,0.52118,{},{},{},{},{},0.835,2.5868266,0.07,0.16447,39421248,51891000,29164000,12379000,166416000,147.735,1.219,0.19,0.40171,0.04501,0.01827,0.0421,0.08944,0.071,{},521935008,3.08667,3.6,2.6,2.5,buy,6,Consumer Cyclical,Specialty Retail,https://www.babybunting.com.au,Australia,1560.0,AUD,ASX,EQUITY,,154037000.0
BBOZ.AX,2026-02-14T16:45:01Z,ok,200.0,,,,BBOZ,Betashares Australian Equities Strong Bear Complex ETF,,Spotlight ETP List,ETF/ETP,ASXInvestmentProductsMonthlyReport,{},{},{},0.0,0.0,{},{},{},{},,,,,,,,,,,,,,,,,,,,,,,,,,,,,,,,,,,,,,,,,,,,AUD,ASX,EQUITY,,
BBT.AX,2026-02-14T16:45:21Z,ok,200.0,,,,BBT,BETR ENTERTAINMENT LIMITED,Consumer Discretionary,Consumer Services,EQUITY,ASXListedCompanies.csv,0.0,{},{},0.0,0.0,{},{},0.672,281517376,210960784,-50.253,{},1042656983,475594096,0.51961,0.25917,{},{},{},{},{},0.193,1.3989638,-0.02,0.01212,16441125,-19308000,-4198000,104881000,38952000,19.654,1.494,1.462,0.41452998,-0.07456,-0.05151,-0.03842,-0.14706,{},{},132038000,0.44166,0.46,0.42332,1.33333,strong_buy,2,Consumer Cyclical,Gambling,https://www.bluebet.com.au,Australia,,AUD,ASX,EQUITY,,-65929000.0
BBUS.AX,2026-02-14T16:45:41Z,ok,200.0,,,,BBUS,Betashares US Equities Strong Bear Currency Hedged Complex ETF,,Spotlight ETP List,ETF/ETP,ASXInvestmentProductsMonthlyReport,{},{},{},0.0,0.0,{},{},{},{},,,,,,,,,,,,,,,,,,,,,,,,,,,,,,,,,,,,,,,,,,,,AUD,ASX,EQUITY,,
BC8.AX,2026-02-14T16:46:02Z,ok,200.0,,,,BC8,BLACK CAT SYNDICATE LIMITED,Materials,Materials,EQUITY,ASXListedCompanies.csv,0.0,{},{},0.0,0.0,{},{},1.255,997387072,955286976,-138.628,{},728019747,562043144,0.20175,0.16598,{},{},{},{},{},0.38,3.6052632,-0.05,0.3212,-37457500,-12765000,-6891000,35762000,21460000,7.977,1.262,0.801,-0.31573,-0.41712,-0.67836,-0.05741,-0.13442999,8.399,{},38248000,1.8,1.8,1.8,1.0,strong_buy,1,Basic Materials,Gold,https://www.bc8.com.au,Australia,,AUD,ASX,EQUITY,,-14302000.0
BCA.AX,2026-02-14T16:46:21Z,ok,200.0,,,,BCA,BLACK CANYON LIMITED,Materials,Materials,EQUITY,ASXListedCompanies.csv,0.0,{},{},0.0,0.0,{},{},0.141,59630640,55893992,35.301,{},161163884,116876556,0.26799,0.18135999,{},{},{},{},{},0.076,4.868421,0.0,{},-1956199,-857851,1583346,2222289,0,{},7.294,7.146,1.0,3.1759,1.38562,0.02636,0.047509998,-0.518,{},273346,0.8,0.8,0.8,{},none,1,Basic Materials,Other Industrial Metals & Mining,https://blackcanyon.com.au,Australia,,AUD,ASX,EQUITY,,-2222289.0
BCB.AX,2026-02-14T16:46:42Z,ok,200.0,,,,BCB,BOWEN COKING COAL LIMITED,Materials,Materials,EQUITY,ASXListedCompanies.csv,0.0,{},{},0.0,0.0,{},{},-0.179,8081816,83902128,2.285,{},107757556,58804210,0.30099002,0.2056,{},{},{},{},{},0.696,0.10775863,-0.97,0.14544,-81761016,-11834952,36724032,54404368,130224848,173.565,0.863,0.645,0.19540001,0.00514,-0.09528,-0.01461,-0.67547,-0.17,{},410131424,{},{},{},{},none,{},Basic Materials,Coking Coal,https://www.bowencokingcoal.com.au,Australia,,AUD,ASX,EQUITY,,75820480.0
BCC.AX,2026-02-14T16:47:01Z,ok,200.0,,,,BCC,BEAM COMMUNICATIONS HOLDINGS LIMITED,Information Technology,Technology Hardware & Equipment,EQUITY,ASXListedCompanies.csv,0.0,{},{},0.0,0.0,{},{},2.066,12963289,12085759,28.999,{},86421921,33378739,0.61355996,0.0,{},{},{},{},{},0.037,4.0540543,-0.16,0.04,2371790,-1826502,416767,1784140,906611,28.347,1.611,1.012,0.34441003,0.71443003,-0.52735,0.01365,-1.3589,-0.245,{},25678474,{},{},{},{},none,{},Technology,Communication Equipment,https://www.beamcommunications.com,Australia,,AUD,ASX,EQUITY,,-877529.0
BCI.AX,2026-02-14T16:47:22Z,ok,200.0,,,,BCI,BCI MINERALS LIMITED,Materials,Materials,EQUITY,ASXListedCompanies.csv,0.0,{},1409529600,0.0,0.0,{},{},0.921,1145656064,1414991104,-25.391,{},2937579809,1517821241,0.36881,0.43058997,{},{},{},{},{},0.266,1.4661653,-0.02,-0.045,-458878880,-8674000,-55728000,80267000,369128000,48.126,2.355,2.207,0.0,-6.01255,0.0,-0.03388,-0.07654,-0.358,{},5799000,0.5,0.5,0.5,{},none,1,Basic Materials,Steel,https://www.bciminerals.com.au,Australia,136.0,AUD,ASX,EQUITY,,288861000.0
BCK.AX,2026-02-14T16:47:41Z,ok,200.0,,,,BCK,BROCKMAN MINING LIMITED,Materials,Materials,EQUITY,ASXListedCompanies.csv,0.0,{},{},0.0,0.0,{},{},-0.394,207352672,245220944,-10.537,{},9280232131,4380176764,0.55285,0.22544001,{},{},{},{},{},0.008845999,1.9217728,-0.0,{},-24584876,-18576000,-23272000,5274000,92731000,20.317,2.963,2.544,0.0,0.0,0.0,-0.020539999,-0.07249,{},{},{},{},{},{},{},none,{},Basic Materials,Steel,https://www.brockmanmining.com,Hong Kong,14.0,AUD,ASX,EQUITY,,87457000.0
BCM.AX,2026-02-14T16:48:02Z,ok,200.0,,,,BCM,BRAZILIAN CRITICAL MINERALS LIMITED,Materials,Materials,EQUITY,ASXListedCompanies.csv,0.0,{},1176163200,0.0,0.0,{},{},1.48,60156116,51803784,-10.937,{},1940519999,1278889598,0.2937,0.083620004,{},{},{},{},{},0.0,{},-0.01,{},-2732075,-4106449,-4736462,1698485,1127535,208.529,1.091,1.081,1.0,-35.6533,0.0,-1.3165401,-5.1833897,1.884,{},68315,{},{},{},{},none,{},Basic Materials,Gold,https://www.braziliancriticalminerals.com,Australia,,AUD,ASX,EQUITY,,-570950.0
BCN.AX,2026-02-14T16:48:22Z,ok,200.0,,,,BCN,BEACON MINERALS LIMITED,Materials,Materials,EQUITY,ASXListedCompanies.csv,0.0,{},1765238400,0.04,0.010899182,0.04,0.0109,1.021,409440384,382667648,30.126,{},111260968,53370234,0.57749003,0.0083,{},{},{},{},{},0.63,5.84127,-0.14,{},8916364,12169034,12702054,14482545,8319135,12.494,1.877,0.833,-0.111940004,-0.12786001,-0.15100001,-0.08641,-0.2084,0.49,{},92729640,{},{},{},{},none,{},Basic Materials,Gold,https://www.beaconminerals.com.au,Australia,,AUD,ASX,EQUITY,,-6163410.0
BCOM.AX,2026-02-14T16:48:42Z,ok,200.0,,,,BCOM,Global X Bloomberg Commodity Complex ETF,,Spotlight ETP List,ETF/ETP,ASXInvestmentProductsMonthlyReport,{},{},{},{},{},{},{},{},{},{},{},{},,,,,,,,,,{},{},{},{},,,,,,,,,,,,,,,,,,,,,,,,,,,,AUD,ASX,ETF,,
BDM.AX,2026-02-14T16:49:02Z,ok,200.0,,,,BDM,BURGUNDY DIAMOND MINES LIMITED,Materials,Materials,EQUITY,ASXListedCompanies.csv,0.0,{},{},0.0,0.0,{},{},0.244,24168936,107798936,9.067,{},1421701987,966586747,0.3134,0.30029,{},{},{},{},{},0.015522473,1.0951864,-0.14,0.06,{},132300000,11889000,7200000,90830000,586.416,0.93,0.114,0.09192,-0.17509001,-0.39613998,{},{},-0.441,{},343568000,{},{},{},{},none,{},Basic Materials,Other Precious Metals & Mining,https://burgundydiamonds.com,Australia,862.0,AUD,ASX,EQUITY,,83630000.0
BDX.AX,2026-02-14T16:49:22Z,ok,200.0,,,,BDX,BCAL DIAGNOSTICS LIMITED,Health Care,"Pharmaceuticals, Biotechnology & Life Sciences",EQUITY,ASXListedCompanies.csv,0.0,{},{},0.0,0.0,{},{},0.71,44168116,41772332,-6.622,{},368067640,176605125,0.57478,0.02654,{},{},{},{},{},0.017,7.058823,-0.02,{},-4201446,-6135886,-6307982,4522756,2378943,38.241,2.315,2.289,1.0,-2.55482,-2.73212,-0.39674,-0.9779,0.068,{},2650340,{},{},{},{},none,{},Healthcare,Diagnostics & Research,https://www.bcaldiagnostics.com,Australia,,AUD,ASX,EQUITY,,-2143813.0
BEAR.AX,2026-02-14T16:49:42Z,ok,200.0,,,,BEAR,BetaShares Australian Equities BEAR Complex ETF,,Spotlight ETP List,ETF/ETP,ASXInvestmentProductsMonthlyReport,{},{},{},{},{},{},{},{},{},{},{},{},,,,,,,,,,{},{},{},{},,,,,,,,,,,,,,,,,,,,,,,,,,,,AUD,ASX,ETF,,
BEL.AX,2026-02-14T16:50:02Z,ok,200.0,,,,BEL,BENTLEY CAPITAL LIMITED,,Not Applic,EQUITY,ASXListedCompanies.csv,0.0,{},1531353600,0.0,0.0,{},{},-0.028,1674814,-72137,0.236,{},76127918,16915623,0.50833,0.26946,{},{},{},{},{},0.006,3.6666665,-0.01,{},-109327,-222851,-305748,1758952,12000,2.437,1.387,1.387,1.0,2.0325599,0.0,-0.088870004,-0.94286,-0.891,{},2700,{},{},{},{},none,{},Financial Services,Asset Management,https://www.bel.com.au,Australia,,AUD,ASX,EQUITY,,-1746952.0
BEMG.AX,2026-02-14T16:50:22Z,ok,200.0,,,,BEMG,Betashares MSCI Emerging Markets Complex ETF,,Spotlight ETP List,ETF/ETP,ASXInvestmentProductsMonthlyReport,{},{},{},0.0,0.0,{},{},{},{},{},{},{},,,,,,,,,,{},{},{},{},,,,,,,,,,,,,,,,,,,,,,,,,,,,AUD,ASX,ETF,,
BEN.AX,2026-02-14T16:50:42Z,ok,200.0,,,,BEN,BENDIGO AND ADELAIDE BANK LIMITED,Financials,Banks,EQUITY,ASXListedCompanies.csv,0.7985,5.48,1756771200,0.63,0.05464007,0.66,0.057600003,0.782,6503339520,13504875520,{},{},563866856,560731756,0.0056,0.29336,{},{},{},{},{},11.83,0.9678783,-0.17,0.86938,{},-3159300096,{},4620899840,11669499904,{},{},{},0.0,0.30675,-0.0507,-0.00096000003,-0.01417,-0.002,{},1915200000,10.52154,11.47,9.51,3.15385,hold,13,Financial Services,Banks - Regional,https://www.bendigoadelaide.com.au,Australia,4762.0,AUD,ASX,EQUITY,1771218720.0,7048600064.0
BEO.AX,2026-02-14T16:51:02Z,ok,200.0,,,,BEO,BEONIC LTD,Information Technology,Software & Services,EQUITY,ASXListedCompanies.csv,0.0,{},{},0.0,0.0,{},{},1.524,11187837,14509510,-23.532,{},67805071,39883540,0.36373,0.27608,{},{},{},{},{},0.017,9.705882,-0.05,{},-1845685,-817134,-616596,2236286,5518280,484.575,0.535,0.388,0.26701,-0.03125,-0.1439,-0.067880005,-3.4410698,-0.023,{},22008728,{},{},{},{},none,{},Technology,Software - Infrastructure,https://www.beonic.com,Australia,,AUD,ASX,EQUITY,,3281994.0
BEST.AX,2026-02-14T16:51:22Z,ok,200.0,,,,BEST,ETFS US Quality ETF,,Spotlight ETP List,ETF/ETP,ASXInvestmentProductsMonthlyReport,{},{},{},{},{},{},{},{},{},{},{},{},,,,,,,,,,{},{},{},{},,,,,,,,,,,,,,,,,,,,,,,,,,,,AUD,ASX,ETF,,
BET.AX,2026-02-14T16:51:42Z,ok,200.0,,,,BET,BETMAKERS TECHNOLOGY GROUP LTD,Consumer Discretionary,Consumer Services,EQUITY,ASXListedCompanies.csv,0.0,{},{},0.0,0.0,{},{},1.481,196049392,161320480,-30.542,{},1120282275,806986717,0.24909,0.1158,{},{},{},{},{},0.088,1.9886364,-0.03,0.00278,-778625,3540000,-5282000,30313000,1473000,1.547,1.289,1.126,0.62793,-0.14657,-0.31038,-0.0623,-0.25554,-0.003,{},85121000,0.24,0.26,0.22,{},none,2,Consumer Cyclical,Gambling,https://betmakers.com,Australia,,AUD,ASX,EQUITY,,-28840000.0
BEZ.AX,2026-02-14T16:52:02Z,ok,200.0,,,,BEZ,BESRA GOLD INC.,Materials,Materials,EQUITY,ASXListedCompanies.csv,0.0,{},{},0.0,0.0,{},{},1.437,32611870,21233616,-5.307,{},418100906,219611682,0.47085,0.0,{},{},{},{},{},-0.09877937,{},-0.12,{},-739437,-4028157,-4000755,9359748,422218,{},12.426,12.322,1.0,-589.2623,0.0,-0.74597,{},{},{},12022,{},{},{},{},none,{},Basic Materials,Gold,https://www.besra.com,Australia,,AUD,ASX,EQUITY,,-8937530.0
BFG.AX,2026-02-14T16:52:22Z,ok,200.0,,,,BFG,BELL FINANCIAL GROUP LIMITED,Financials,Financial Services,EQUITY,ASXListedCompanies.csv,1.0958999,6.71,1756252800,0.07,0.05109489,0.06,0.0444,0.926,433004320,324324320,{},{},320743948,113864102,0.64796996,0.0147,{},{},{},{},{},0.74,1.8243244,0.07,0.136,{},60523000,{},188244000,79564000,33.537,1.117,1.096,0.89083,0.12325,0.09934,0.0186,0.09847,-0.128,-0.442,236232000,2.45,2.45,2.45,{},none,1,Financial Services,Capital Markets,https://www.bellfg.com.au,Australia,700.0,AUD,ASX,EQUITY,,-108680000.0
BFL.AX,2026-02-14T16:52:42Z,ok,200.0,,,,BFL,BSP FINANCIAL GROUP LIMITED,Financials,Banks,EQUITY,ASXListedCompanies.csv,0.66339993,{},1756252800,0.0,0.0,0.61,0.0716,0.052,3955490048,{},{},{},467000000,305688860,0.46922,0.35471,{},{},{},{},{},10.163,0.8334153,0.75,{},{},{},{},{},{},{},{},{},0.0,0.0,0.34877998,0.02852,0.23932,0.09,-0.068,{},{},{},{},{},none,{},Financial Services,Banks - Regional,https://www.bsp.com.pg,Papua New Guinea,,AUD,ASX,EQUITY,,
BGA.AX,2026-02-14T16:53:02Z,ok,200.0,,,,BGA,BEGA CHEESE LIMITED,Consumer Staples,"Food, Beverage & Tobacco",EQUITY,ASXListedCompanies.csv,0.72730005,2.13,1756166400,0.12,0.019900497,0.12,0.02,0.706,1835318272,2152855808,18.591,{},305377396,267960708,0.13381,0.53883,{},{},{},{},{},3.212,1.8711085,-0.03,0.27427,80862496,165000000,115800000,120900000,439600000,44.848,1.185,0.54,0.20514,0.00296,-0.0023999999,0.01953,-0.00852,-0.02,{},3539000064,6.197,7.2,4.4,2.0,buy,10,Consumer Defensive,Packaged Foods,https://begagroup.com.au,Australia,,AUD,ASX,EQUITY,1771477920.0,318700000.0
BGBL.AX,2026-02-14T16:53:22Z,ok,200.0,,,,BGBL,Betashares Global Shares ETF,,Spotlight ETP List,ETF/ETP,ASXInvestmentProductsMonthlyReport,{},{},{},0.0,0.0,{},{},{},{},{},{},{},,,,,,,,,,{},{},{},{},,,,,,,,,,,,,,,,,,,,,,,,,,,,AUD,ASX,ETF,,
BGD.AX,2026-02-14T16:53:42Z,ok,200.0,,,,BGD,BARTON GOLD HOLDINGS LIMITED,Materials,Materials,EQUITY,ASXListedCompanies.csv,0.0,{},{},0.0,0.0,{},{},1.017,260188416,237458368,-116.859,{},238704968,159644278,0.29349002,0.16311,{},{},{},{},{},0.04,27.250002,-0.01,-0.016,-3583125,-4752000,-2032000,8991000,151000,1.704,6.083,5.876,0.91097,2717.0,-0.36466,-0.05594,-0.24215001,{},{},5043000,2.58,2.58,2.58,0.0,strong_buy,1,Basic Materials,Gold,https://bartongold.com.au,Australia,,AUD,ASX,EQUITY,,-8840000.0
BGE.AX,2026-02-14T16:54:02Z,ok,200.0,,,,BGE,BRIDGE SAAS LIMITED,Information Technology,Software & Services,EQUITY,ASXListedCompanies.csv,0.0,{},{},0.0,0.0,{},{},-1.194,2798029,3350279,-8.568,{},199859200,25567987,0.91129,0.0,{},{},{},{},{},0.004,3.5,-0.01,{},543757,-371418,-391003,561811,75910,3.972,0.693,0.601,0.70403,-0.12769,-0.15293999,-0.18517,-0.49839002,31.86,{},7324734,{},{},{},{},none,{},Technology,Software - Application,https://bridge.website,Australia,,AUD,ASX,EQUITY,,-485901.0
BGL.AX,2026-02-14T16:54:22Z,ok,200.0,,,,BGL,BELLEVUE GOLD LIMITED,Materials,Materials,EQUITY,ASXListedCompanies.csv,0.0,{},{},0.0,0.0,{},{},1.625,2628329216,2813536768,29.423,{},1480748913,1287791169,0.03129,0.66579,{},{},{},{},{},0.556,3.192446,-0.03,0.20241,-49803624,139140992,95625000,151592000,342291008,41.739,2.731,2.353,-0.00795,-0.34404,-0.11618,-0.01901,-0.06652,-0.308,{},394967008,2.03333,2.25,1.05,1.44444,strong_buy,9,Basic Materials,Gold,https://bellevuegold.com.au,Australia,,AUD,ASX,EQUITY,1771823520.0,190699008.0
BGP.AX,2026-02-14T16:54:42Z,ok,200.0,,,,BGP,BRISCOE GROUP AUSTRALASIA LIMITED,Consumer Discretionary,Consumer Discretionary Distribution & Retail,EQUITY,ASXListedCompanies.csv,0.8803,{},1758153600,0.2,0.04796163,0.18,0.0429,0.191,931262208,1087306240,10.584,{},222790012,35474854,0.85367996,0.00154,{},{},{},{},{},1.1336238,3.68729,0.22,{},51447248,96288000,102729000,119826000,275870016,92.987,1.969,1.064,0.39648,0.12564,0.07175,0.08372,0.1902,-0.002,-0.118,790659968,{},{},{},{},none,{},Consumer Cyclical,Department Stores,https://www.briscoegroup.co.nz,New Zealand,2100.0,AUD,ASX,EQUITY,,156044016.0
BGT.AX,2026-02-14T16:55:02Z,ok,200.0,,,,BGT,BIO-GENE TECHNOLOGY LTD,Materials,Materials,EQUITY,ASXListedCompanies.csv,0.0,{},{},0.0,0.0,{},{},0.849,9456895,8318556,-3.222,{},305061108,107530990,0.55719,0.0,{},{},{},{},{},0.006,5.1666665,-0.01,{},-1538039,-2542768,-2581979,1138338,0,{},3.863,3.158,0.53129,-2.1342301,0.0,-0.61772996,-1.16993,-0.241,{},524370,{},{},{},{},none,{},Healthcare,Biotechnology,https://www.bio-gene.com.au,Australia,,AUD,ASX,EQUITY,,-1138338.0
BHD.AX,2026-02-14T16:55:23Z,ok,200.0,,,,BHD,BENJAMIN HORNIGOLD LIMITED,,Not Applic,EQUITY,ASXListedCompanies.csv,0.0,{},1518048000,0.0,0.0,{},{},0.387,4589495,-1934102,{},{},24155241,9109183,0.42091,0.36834,{},{},{},{},{},0.254,0.74803144,-0.03,{},-476820,-387166,{},6523598,0,{},15.454,15.395,1.0,-0.83764,0.0,-0.063990004,-0.10943,0.594,{},182994,{},{},{},{},none,{},Financial Services,Asset Management,https://bhdlimited.com.au,Australia,,AUD,ASX,EQUITY,,-6523598.0
BHL.AX,2026-02-14T16:55:42Z,ok,200.0,,,,BHL,BLACK HORSE MINING LIMITED,Materials,Materials,EQUITY,ASXListedCompanies.csv,{},{},{},0.0,0.0,{},{},{},24889872,18686752,{},{},64649020,25149115,0.74696,0.044970002,{},{},{},{},{},0.14,2.75,{},{},{},-174951,{},6244338,122335,1.36,0.102,0.102,0.0,-1466.8035,0.0,{},{},{},{},{},{},{},{},{},none,{},Basic Materials,Gold,https://www.blackhorsemining.com,Australia,,AUD,ASX,EQUITY,,-6122003.0
BHM.AX,2026-02-14T16:56:02Z,ok,200.0,,,,BHM,BROKEN HILL MINES LIMITED,Materials,Materials,EQUITY,ASXListedCompanies.csv,0.0,{},{},0.0,0.0,{},{},{},305835872,17469000,-12.478,{},316928381,2919960,0.52274,0.01495,{},{},{},{},{},0.574,1.6811846,-0.07,{},{},8777000,-1400000,2359000,14038000,407.489,0.503,0.082,0.06841,-0.101660006,0.05479,{},1.85004,{},{},58091000,{},{},{},{},none,{},Basic Materials,Other Precious Metals & Mining,https://brokenhillmines.com,Australia,,AUD,ASX,EQUITY,,11679000.0
BHP.AX,2026-02-14T16:56:22Z,ok,200.0,,,,BHP,BHP GROUP LIMITED,Materials,Materials,EQUITY,ASXListedCompanies.csv,0.7107,7.0,1756944000,1.1,0.021117298,1.71,0.0334,0.684,259648962560,277660598272,11.845,{},5078211653,4922828980,0.035469998,0.42568,{},{},{},{},{},13.253369,3.857887,2.49,3.534989,9454999552,18691999744,23441999872,11943999488,25551998976,48.933,1.46,1.062,0.82212996,0.37695,0.17593999,0.11022,0.21992001,-0.082,-0.34,51262001152,48.49964,55.79542,36.045902,2.625,hold,16,Basic Materials,Other Industrial Metals & Mining,https://www.bhp.com,Australia,39369.0,AUD,ASX,EQUITY,,13607999488.0
BHYB.AX,2026-02-14T16:56:42Z,ok,200.0,,,,BHYB,Betashares Australian Major Bank Hybrids Index ETF,,Spotlight ETP List,ETF/ETP,ASXInvestmentProductsMonthlyReport,{},{},{},{},{},{},{},{},{},{},{},{},,,,,,,,,,{},{},{},{},,,,,,,,,,,,,,,,,,,,,,,,,,,,AUD,ASX,ETF,,
BILL.AX,2026-02-14T16:57:02Z,ok,200.0,,,,BILL,iShares Core Cash ETF,,Spotlight ETP List,ETF/ETP,ASXInvestmentProductsMonthlyReport,{},{},{},{},{},{},{},{},{},{},{},{},,,,,,,,,,{},{},{},{},,,,,,,,,,,,,,,,,,,,,,,,,,,,AUD,ASX,ETF,,
BIM.AX,2026-02-14T16:57:22Z,ok,200.0,,,,BIM,BINDI METALS LIMITED,Materials,Materials,EQUITY,ASXListedCompanies.csv,0.0,{},{},0.0,0.0,{},{},-0.591,9669894,1824622,-1.658,{},92094233,26494666,0.23788999,0.0,{},{},{},{},{},0.045,2.3333333,-0.02,{},-767700,-931198,-1100696,1561628,0,{},44.025,43.407,1.0,-1054.1924,0.0,-0.32359,-0.51165,{},{},1050,{},{},{},{},none,{},Basic Materials,Other Precious Metals & Mining,https://www.bindimetals.com.au,Australia,,AUD,ASX,EQUITY,,-1561628.0
BIO.AX,2026-02-14T16:57:42Z,ok,200.0,,,,BIO,BIOME AUSTRALIA LIMITED,Consumer Staples,Household & Personal Products,EQUITY,ASXListedCompanies.csv,0.0,{},{},0.0,0.0,{},{},1.053,91269784,90776592,632.277,{},222609231,137668985,0.39626,0.0126,{},{},{},{},{},0.021,19.52381,0.0,0.033,-3351682,-2819659,143571,2746416,3073225,65.732,1.593,0.985,0.61118,-0.00871,0.01166,-2.0000001e-05,0.056649998,0.366,{},18417188,1.0,1.0,1.0,{},none,1,Consumer Defensive,Packaged Foods,https://www.biomeaustralia.com,Australia,,AUD,ASX,EQUITY,,326809.0
BIS.AX,2026-02-14T16:58:02Z,ok,200.0,,,,BIS,BISALLOY STEEL GROUP LIMITED,Materials,Materials,EQUITY,ASXListedCompanies.csv,0.48389998,5.64,1764892800,0.245,0.045119707,0.25,0.0462,-0.05,254617392,255194080,9.408,{},48041013,31177580,0.30277002,0.08934,{},{},{},{},{},1.69,3.1360946,0.4,0.398,9658500,13396000,27126000,6331000,2523000,2.932,2.235,0.938,0.28827,0.16492,0.12813,0.123909995,0.24538,0.074,0.457,152810000,5.93,5.93,5.93,{},none,1,Basic Materials,Steel,https://www.bisalloy.com.au,Australia,,AUD,ASX,EQUITY,,-3808000.0
BIT.AX,2026-02-14T16:58:22Z,ok,200.0,,,,BIT,BIOTRON LIMITED,Health Care,"Pharmaceuticals, Biotechnology & Life Sciences",EQUITY,ASXListedCompanies.csv,0.0,{},{},0.0,0.0,{},{},-0.759,7227598,3050061,-9.137,{},2409199260,983515715,0.23868,0.0,{},{},{},{},{},0.0,{},-0.0,{},-504794,-565800,-333806,931676,0,{},2.23,2.191,1.0,1193.2996,-0.17565,-0.2873,-2.0695798,{},{},1813628,{},{},{},{},none,{},Healthcare,Biotechnology,https://www.biotron.com.au,Australia,,AUD,ASX,EQUITY,,-931676.0
BKB.AX,2026-02-14T16:58:42Z,ok,200.0,,,,BKB,BLACK BEAR MINERALS LIMITED,Materials,Materials,EQUITY,ASXListedCompanies.csv,0.0,{},{},0.0,0.0,{},{},-7.809,119595856,74761088,-14.094,{},150435043,67213923,0.33679,0.00095,{},{},{},{},{},0.187,4.251337,-0.08,{},-1868810,-2516331,-5304544,4454648,0,{},7.142,6.834,0.0,0.0,0.0,-0.29141,-0.48383,{},{},{},{},{},{},{},none,{},Basic Materials,Other Industrial Metals & Mining,https://www.blackbearminerals.com.au,Australia,,AUD,ASX,EQUITY,,-4454648.0
BKI.AX,2026-02-14T16:59:02Z,ok,200.0,,,,BKI,BKI INVESTMENT COMPANY LIMITED,,Not Applic,EQUITY,ASXListedCompanies.csv,0.9987,4.07,1770595200,0.08,0.045454543,0.08,0.045,0.322,1416520576,1341302528,{},{},807134229,693207233,0.06267,0.13242,{},{},{},{},{},1.792,0.97935265,0.08,{},42456000,64623000,{},75218000,0,{},31.072,31.031,1.0,0.96406996,0.92440003,0.027320001,0.04577,0.028,0.101,70328000,{},{},{},{},none,{},Financial Services,Asset Management,https://www.bkilimited.com.au,Australia,,AUD,ASX,EQUITY,,-75218000.0
BKT.AX,2026-02-14T16:59:22Z,ok,200.0,,,,BKT,BLACK ROCK MINING LIMITED,Materials,Materials,EQUITY,ASXListedCompanies.csv,0.0,{},{},0.0,0.0,{},{},0.443,38659036,27379428,-2.885,{},2147724265,1122172302,0.33703,0.00399,{},{},{},{},{},0.039,0.46153843,-0.01,0.01,-9230725,-8904139,-9489478,2077284,394975,0.701,1.482,1.285,1.0,-927.51166,0.0,-0.09814999,-0.16416,0.043,{},12468,{},{},{},{},none,{},Basic Materials,Other Industrial Metals & Mining,https://blackrockmining.com.au,Australia,,AUD,ASX,EQUITY,,-1682309.0
BKY.AX,2026-02-14T16:59:42Z,ok,200.0,,,,BKY,BERKELEY ENERGIA LIMITED,Energy,Energy,EQUITY,ASXListedCompanies.csv,0.0,{},{},0.0,0.0,{},{},1.196,220915120,147075376,{},{},446293143,427291693,0.04196,0.42229998,{},{},{},{},{},0.183,2.7049181,-0.01,-0.02,-3037375,-4610000,{},73594000,0,{},30.607,30.607,1.0,-1.05853,-1.7966299,-0.04682,-0.065349996,-0.147,{},3024000,{},{},{},{},none,{},Energy,Uranium,https://www.berkeleyenergia.com,Australia,,AUD,ASX,EQUITY,,-73594000.0
BLG.AX,2026-02-14T17:00:02Z,ok,200.0,,,,BLG,BLUGLASS LIMITED,Information Technology,Semiconductors & Semiconductor Equipment,EQUITY,ASXListedCompanies.csv,0.0,{},{},0.0,0.0,{},{},0.214,29012136,27911846,-3.501,{},131873339,98929091,0.13235,0.0099,{},{},{},{},{},0.096,2.2916667,-0.12,0.0,-2829116,-6150742,-7972566,5737859,7104516,61.292,1.953,1.806,0.41909,-1.4894099,-2.01387,-0.27613002,-0.82922995,-0.077,{},5451140,{},{},{},{},none,{},Technology,Semiconductor Equipment & Materials,https://bluglass.com,Australia,,AUD,ASX,EQUITY,,1366657.0
BLL01.AX,2026-02-14T17:00:23Z,not_found,404.0,not_found,,,BLL01,Bell Global Equities Fund,,Spotlight mFund List,ETF/ETP,ASXInvestmentProductsMonthlyReport,,,,,,,,,,,,,,,,,,,,,,,,,,,,,,,,,,,,,,,,,,,,,,,,,,,,,,,,,
BLM01.AX,2026-02-14T17:00:42Z,not_found,404.0,not_found,,,BLM01,Bell Global Emerging Companies Fund,,Spotlight mFund List,ETF/ETP,ASXInvestmentProductsMonthlyReport,,,,,,,,,,,,,,,,,,,,,,,,,,,,,,,,,,,,,,,,,,,,,,,,,,,,,,,,,
BLU.AX,2026-02-14T17:01:02Z,ok,200.0,,,,BLU,BLUE ENERGY LIMITED.,Energy,Energy,EQUITY,ASXListedCompanies.csv,0.0,{},1102291200,0.0,0.0,{},{},0.681,18071842,11930718,-8.456,{},3011973596,1464767029,0.26891002,0.04946,{},{},{},{},{},0.039,0.15384614,-0.0,{},-3605625,-1605000,-1411000,913000,72000,0.099,1.315,1.227,0.0,0.0,0.0,-0.0124699995,-0.01936,{},{},{},0.016,0.016,0.016,{},none,1,Energy,Oil & Gas E&P,https://blueenergy.com.au,Australia,,AUD,ASX,EQUITY,,-841000.0
BLX.AX,2026-02-14T17:01:22Z,ok,200.0,,,,BLX,BEACON LIGHTING GROUP LIMITED,Consumer Discretionary,Consumer Discretionary Distribution & Retail,EQUITY,ASXListedCompanies.csv,0.6119,3.54,1756944000,0.08,0.030651342,0.08,0.0298,0.982,600876416,708214848,12.684,{},229342146,96319079,0.026919998,0.21431999,{},{},{},{},{},0.799,3.2790985,0.13,0.16597,52221248,63971000,55836000,55222000,164358000,90.005,1.726,0.674,0.69128996,0.12100001,0.08915,0.07989,0.16859,-0.002,-0.032,329427008,3.55714,3.95,3.15,1.75,buy,7,Consumer Cyclical,Specialty Retail,https://www.beaconlighting.com.au,Australia,1130.0,AUD,ASX,EQUITY,,109136000.0
BLZ.AX,2026-02-14T17:01:42Z,ok,200.0,,,,BLZ,BLAZE MINERALS LIMITED,Energy,Energy,EQUITY,ASXListedCompanies.csv,0.0,{},{},0.0,0.0,{},{},-0.327,2875000,2465063,-2.738,{},2875000000,1796213750,0.38880002,0.042280003,{},{},{},{},{},0.003,0.33333334,-0.0,{},1484591,-887906,-900278,409937,0,{},0.297,0.212,1.0,-1165.124,0.0,-0.49762002,-1.0140799,{},{},8768,{},{},{},{},none,{},Basic Materials,Other Industrial Metals & Mining,https://www.blazelimited.com.au,Australia,,AUD,ASX,EQUITY,,-409937.0
BM1.AX,2026-02-14T17:02:02Z,ok,200.0,,,,BM1,BALLARD MINING LIMITED,Materials,Materials,EQUITY,ASXListedCompanies.csv,{},{},{},0.0,0.0,{},{},{},317513408,285601088,-260.514,{},0,173022651,0.81548,0.06509,{},{},{},{},{},0.248,3.3870966,{},-0.007,-1126424,-858318,-1096299,1,998,{},0.315,0.265,1.0,-8.286389,0.0,-0.021459999,-0.03877,{},{},132375,1.05,1.05,1.05,{},none,1,Basic Materials,Gold,https://ballardmining.com.au,Australia,,AUD,ASX,EQUITY,,997.0
BM8.AX,2026-02-14T17:02:22Z,ok,200.0,,,,BM8,BATTERY AGE MINERALS LTD,Materials,Materials,EQUITY,ASXListedCompanies.csv,0.0,{},{},0.0,0.0,{},{},0.004,26571306,21890512,-19.156,{},221427559,131987982,0.29743,0.0,{},{},{},{},{},0.108,1.111111,-0.03,{},-3092403,-1563067,-1142776,41403,104896,0.796,0.202,0.143,1.0,-0.79345,0.0,-0.04695,-0.21634,{},{},447996,{},{},{},{},none,{},Basic Materials,Other Industrial Metals & Mining,https://batteryage.au,Australia,,AUD,ASX,EQUITY,,63493.0
BMC.AX,2026-02-14T17:02:42Z,ok,200.0,,,,BMC,BMC MINERALS LTD.,Materials,Materials,EQUITY,ASXListedCompanies.csv,{},{},{},0.0,0.0,{},{},{},{},{},{},{},{},{},{},{},{},{},{},{},{},-0.35701686,{},{},-0.11485218,{},{},{},{},{},{},{},{},0.0,0.0,0.0,{},{},{},{},{},5.4580326,6.2944694,4.621596,1.0,strong_buy,2,Basic Materials,Other Industrial Metals & Mining,https://bmcminerals.com,Canada,,AUD,ASX,EQUITY,,
BMG.AX,2026-02-14T17:03:02Z,ok,200.0,,,,BMG,BMG RESOURCES LIMITED,Materials,Materials,EQUITY,ASXListedCompanies.csv,0.0,{},{},0.0,0.0,{},{},0.338,39744508,28364550,-29.936,{},1168955985,568853480,0.34091,0.0,{},{},{},{},{},0.018,1.8888891,-0.0,{},-1148564,-823764,-947492,344953,0,{},2.705,2.705,0.0,0.0,0.0,-0.03889,-0.07475,{},{},{},{},{},{},{},none,{},Basic Materials,Other Industrial Metals & Mining,https://www.bmgl.com.au,Australia,,AUD,ASX,EQUITY,,-344953.0
BMH.AX,2026-02-14T17:03:22Z,ok,200.0,,,,BMH,BAUMART HOLDINGS LIMITED,Industrials,Capital Goods,EQUITY,ASXListedCompanies.csv,0.0,{},{},0.0,0.0,{},{},0.15,1140825,1793017,-86.569,{},162975124,29775555,0.92133003,0.0,{},{},{},{},{},-0.002,{},-0.01,{},95745,20976,-20712,52112,704304,{},0.587,0.318,0.63104,1.6281799,0.0,-0.07552,-15.30637,-0.596,{},35218,{},{},{},{},none,{},Basic Materials,Building Materials,https://www.baumart.com.au,Australia,,AUD,ASX,EQUITY,,652192.0
BML.AX,2026-02-14T17:03:42Z,ok,200.0,,,,BML,BOAB METALS LIMITED,Materials,Materials,EQUITY,ASXListedCompanies.csv,0.0,{},{},0.0,0.0,{},{},1.966,368866720,171212752,-44.948,{},576354210,250719215,0.10804,0.11698,{},{},{},{},{},0.057,11.22807,-0.02,-0.01723,-2431533,-3830056,-3809123,7528528,35073,0.222,17.099,17.003,1.0,-43.72559,0.0,-0.16386999,-0.27551,-0.629,{},174312,1.69648,1.69648,1.69648,1.0,strong_buy,1,Basic Materials,Other Industrial Metals & Mining,https://boabmetals.com,Australia,,AUD,ASX,EQUITY,,-7493455.0
BMM.AX,2026-02-14T17:04:02Z,ok,200.0,,,,BMM,BAYAN MINING AND MINERALS LIMITED,Materials,Materials,EQUITY,ASXListedCompanies.csv,0.0,{},{},0.0,0.0,{},{},1.133,11918502,10889567,-5.66,{},135437518,61298271,0.62648,0.00787,{},{},{},{},{},0.014,6.285714,-0.04,{},124267,-1166563,-1924009,390515,0,{},1.599,1.596,0.0,243.97731,0.0,-0.93184,-1.69803,{},{},{},{},{},{},{},none,{},Basic Materials,Other Industrial Metals & Mining,https://www.balkanmin.com,Australia,,AUD,ASX,EQUITY,,-390515.0
BMN.AX,2026-02-14T17:04:23Z,ok,200.0,,,,BMN,BANNERMAN ENERGY LTD,Energy,Energy,EQUITY,ASXListedCompanies.csv,0.0,{},{},0.0,0.0,{},{},0.883,770457664,700588224,-97.196,{},207670532,177203751,0.03874,0.75701,{},{},{},{},{},1.061,3.4967012,-0.02,-0.02205,-42547248,-2782000,-7208000,58636000,68000,0.036,9.236,9.148,1.0,-293.15384,0.0,-0.029860001,-0.0287,1.444,{},13000,5.135,5.99,4.0,1.25,strong_buy,4,Energy,Uranium,https://bannermanenergy.com,Australia,,AUD,ASX,EQUITY,,-58568000.0
BMR.AX,2026-02-14T17:04:42Z,ok,200.0,,,,BMR,BALLYMORE RESOURCES LIMITED,Materials,Materials,EQUITY,ASXListedCompanies.csv,0.0,{},{},0.0,0.0,{},{},0.458,52772152,59612200,-70.372,{},206949610,112621247,0.46723,0.08221,{},{},{},{},{},0.072,3.5416667,-0.01,{},-6040827,-723376,-847097,2301854,9337403,73.562,2.592,2.563,0.0,0.0,0.0,-0.0241,-0.16779,{},{},{},{},{},{},{},none,{},Basic Materials,Other Precious Metals & Mining,https://www.ballymoreresources.com,Australia,,AUD,ASX,EQUITY,,7035549.0
BMT.AX,2026-02-14T17:05:02Z,ok,200.0,,,,BMT,BEAMTREE HOLDINGS LIMITED,Health Care,Health Care Equipment & Services,EQUITY,ASXListedCompanies.csv,0.0,{},{},0.0,0.0,{},{},1.751,49409344,46714872,-9.99,{},290643209,194098595,0.36281,0.30749,{},{},{},{},{},0.144,1.1805556,-0.02,-0.005,192250,609000,-4676000,5944000,3264000,7.785,1.23,1.23,0.17173,-0.21771,-0.21535999,-0.06834,-0.1383,-0.02,{},28598000,0.6,0.6,0.6,{},none,1,Healthcare,Health Information Services,https://beamtree.com.au,Australia,97.0,AUD,ASX,EQUITY,,-2680000.0
BNDS.AX,2026-02-14T17:05:22Z,ok,200.0,,,,BNDS,BetaShares Western Asset Aus Bond Active ETF,,Spotlight ETP List,ETF/ETP,ASXInvestmentProductsMonthlyReport,{},{},{},{},{},{},{},{},{},{},{},{},,,,,,,,,,{},{},{},{},,,,,,,,,,,,,,,,,,,,,,,,,,,,AUD,ASX,ETF,,
BNKS.AX,2026-02-14T17:05:42Z,ok,200.0,,,,BNKS,Betashares Global Banks ETF - Currency Hedged,,Spotlight ETP List,ETF/ETP,ASXInvestmentProductsMonthlyReport,{},{},{},{},{},{},{},{},{},{},{},{},,,,,,,,,,{},{},{},{},,,,,,,,,,,,,,,,,,,,,,,,,,,,AUD,ASX,ETF,,
BNL.AX,2026-02-14T17:06:02Z,ok,200.0,,,,BNL,BLUE STAR HELIUM LIMITED,Energy,Energy,EQUITY,ASXListedCompanies.csv,0.0,{},{},0.0,0.0,{},{},0.07,21778134,23193948,-6.982,{},4355626775,1940479108,0.27006,0.01316,{},{},{},{},{},0.002,2.4999998,-0.01,0.02,-5774916,-2399515,-3322049,865187,10584708,159.989,0.66,0.626,0.0,-887.8336,0.0,-0.13492,-0.69131,-0.256,{},7662,0.025,0.025,0.025,1.0,strong_buy,1,Energy,Oil & Gas E&P,https://www.bluestarhelium.com,Australia,,AUD,ASX,EQUITY,,9719521.0
BNR.AX,2026-02-14T17:06:22Z,ok,200.0,,,,BNR,BULLETIN RESOURCES LIMITED,Materials,Materials,EQUITY,ASXListedCompanies.csv,0.0,{},{},0.0,0.0,{},{},0.324,16735959,1978249,-1.353,{},293613323,176264886,0.39967,0.0,{},{},{},{},{},0.047,1.212766,0.01,{},-266299,-1182683,-1462317,14757710,0,{},72.988,72.988,1.0,-21.47053,23.878502,-0.06687,0.13520999,-0.811,{},73183,{},{},{},{},none,{},Basic Materials,Gold,https://www.bulletinresources.com,Australia,4.0,AUD,ASX,EQUITY,,-14757710.0
BNZ.AX,2026-02-14T17:06:42Z,ok,200.0,,,,BNZ,BENZ MINING CORP.,Materials,Materials,EQUITY,ASXListedCompanies.csv,0.0,{},{},0.0,0.0,{},{},1.595,881505408,13641937,{},{},289432347,3206122,0.25715,0.25186002,{},{},{},{},{},0.06323633,47.441082,-0.07,{},-8844124,-13175285,{},276743,0,{},6.288,6.259,0.0,0.0,0.0,-0.45305002,-0.82013,{},{},{},3.2,3.3,3.1,{},none,2,Basic Materials,Other Industrial Metals & Mining,https://benzmining.com,Canada,,AUD,ASX,EQUITY,,-276743.0
BOA.AX,2026-02-14T17:07:02Z,ok,200.0,,,,BOA,BOA RESOURCES LTD,Materials,Materials,EQUITY,ASXListedCompanies.csv,0.0,{},1602547200,0.0,0.0,{},{},0.934,10171778,3493733,-4.738,{},290622246,93584104,0.2539,0.0,{},{},{},{},{},0.046,0.76086956,-0.01,{},-479363,-745469,-737316,823616,0,{},10.017,9.204,1.0,-51.47831,0.0,-0.17095,-0.27306,0.282,{},17424,{},{},{},{},none,{},Basic Materials,Other Industrial Metals & Mining,https://boaresources.com,Australia,,AUD,ASX,EQUITY,,-823616.0
BOC.AX,2026-02-14T17:07:22Z,ok,200.0,,,,BOC,BOUGAINVILLE COPPER LIMITED,Materials,Materials,EQUITY,ASXListedCompanies.csv,0.0,{},1014336000,0.0,0.0,{},{},0.15,274727808,{},{},{},401062500,101224164,0.74761003,7e-05,{},{},{},{},{},0.198,3.459596,-0.01,{},-8995125,{},-14122000,{},{},0.089,2.932,2.932,0.20636,0.0,0.0,-0.09403,-0.17464,-0.104,{},{},{},{},{},{},none,{},Basic Materials,Other Precious Metals & Mining,https://www.bcl.com.pg,Papua New Guinea,18.0,AUD,ASX,EQUITY,,
BOE.AX,2026-02-14T17:07:43Z,ok,200.0,,,,BOE,BOSS ENERGY LTD,Energy,Energy,EQUITY,ASXListedCompanies.csv,0.0,{},{},0.0,0.0,{},{},0.453,676651904,629064064,-45.276,{},415123876,390478485,0.077010006,0.68152,{},{},{},{},{},1.166,1.3979417,-0.08,0.17983,-137699504,17381000,-13894000,47748000,490000,0.101,9.726,2.437,-0.14977999,-0.74739,-0.45198002,-0.03955,-0.06875,{},{},75596000,1.65695,2.84735,1.0,3.5,hold,14,Energy,Uranium,https://www.bossenergy.com,Australia,125.0,AUD,ASX,EQUITY,,-47258000.0
BOL.AX,2026-02-14T17:08:02Z,ok,200.0,,,,BOL,BOOM LOGISTICS LIMITED,Industrials,Capital Goods,EQUITY,ASXListedCompanies.csv,0.0,4.48,1756339200,0.02,0.012461059,0.02,0.0127,0.379,61999896,158484288,5.249,{},39240440,24828609,0.39873,0.22016001,{},{},{},{},{},3.208,0.49251872,0.56,0.302,21513750,37100000,30195000,14255000,107529000,81.218,1.159,1.117,0.73899,0.06093,0.088120006,0.03994,0.19153999,0.025,0.566,264552992,{},{},{},{},none,{},Industrials,Specialty Business Services,https://www.boomlogistics.com.au,Australia,440.0,AUD,ASX,EQUITY,,93274000.0
BOND.AX,2026-02-14T17:08:22Z,ok,200.0,,,,BOND,SPDR S&P/ASX Australian Bond ETF,,Spotlight ETP List,ETF/ETP,ASXInvestmentProductsMonthlyReport,{},{},{},{},{},{},{},{},{},{},{},{},,,,,,,,,,{},{},{},{},,,,,,,,,,,,,,,,,,,,,,,,,,,,AUD,ASX,ETF,,
BOQ.AX,2026-02-14T17:08:43Z,ok,200.0,,,,BOQ,BANK OF QUEENSLAND LIMITED.,Financials,Banks,EQUITY,ASXListedCompanies.csv,1.7588,5.56,1761696000,0.38,0.05344585,0.38,0.0544,0.751,4595840000,17934839808,{},{},657487900,650406755,0.00942,0.30967,{},{},{},{},{},8.984,0.7780498,0.2,0.57625,{},2872000000,{},4661000192,17999998976,{},{},{},0.0,0.41107,0.080699995,0.00131,0.02231,0.084,{},1648000000,6.54517,7.5,5.75,3.21429,hold,14,Financial Services,Banks - Regional,https://www.boq.com.au,Australia,3558.0,AUD,ASX,EQUITY,,13338998784.0
BOT.AX,2026-02-14T17:09:02Z,ok,200.0,,,,BOT,BOTANIX PHARMACEUTICALS LTD,Health Care,"Pharmaceuticals, Biotechnology & Life Sciences",EQUITY,ASXListedCompanies.csv,0.0,{},{},0.0,0.0,{},{},1.031,221636560,156877920,-1.945,{},1970102820,1718711779,0.12935,0.18933001,{},{},{},{},{},0.041,2.7439022,-0.05,-0.0115,-38580200,-78584744,-80650936,64966580,1217759,1.498,3.996,2.735,0.34853,-9.41374,0.0,-0.42905998,-0.90928,2.199,{},5789190,0.87,2.0,0.21,{},none,3,Healthcare,Biotechnology,https://www.botanixpharma.com,Australia,,AUD,ASX,EQUITY,,-63748821.0
BP1.AX,2026-02-14T17:09:23Z,not_found,404.0,not_found,,,BP1,BP CAPITAL MARKETS P.L.C.,,Not Applic,EQUITY,ASXListedCompanies.csv,,,,,,,,,,,,,,,,,,,,,,,,,,,,,,,,,,,,,,,,,,,,,,,,,,,,,,,,,
BP8.AX,2026-02-14T17:09:42Z,ok,200.0,,,,BP8,BPH GLOBAL LTD,Health Care,"Pharmaceuticals, Biotechnology & Life Sciences",EQUITY,ASXListedCompanies.csv,0.0,{},{},0.0,0.0,{},{},0.566,3706969,1935098,-1.435,{},1853484651,630916596,0.30145,0.0,{},{},{},{},{},-0.001,{},-0.0,{},-545178,-929812,-1348585,152744,0,{},0.269,0.181,0.06856,-2.97387,0.0,-2.0448802,{},1.741,{},352376,{},{},{},{},none,{},Healthcare,Drug Manufacturers - Specialty & Generic,https://bphglobal.com,Australia,,AUD,ASX,EQUITY,,-152744.0
BPG.AX,2026-02-14T17:10:02Z,ok,200.0,,,,BPG,BLACK PEARL GROUP LIMITED,Information Technology,Software & Services,EQUITY,ASXListedCompanies.csv,0.0,{},{},0.0,0.0,{},{},{},84030232,{},{},{},94949417,{},0.30414,0.10176,{},{},{},{},{},-0.002,{},-0.15,{},{},{},{},{},{},{},{},{},0.0,0.0,0.0,{},{},{},{},{},{},{},{},{},none,{},Technology,Software - Application,https://www.blackpearl.com,New Zealand,,AUD,ASX,EQUITY,,
BPH.AX,2026-02-14T17:10:23Z,ok,200.0,,,,BPH,BPH ENERGY LTD,Financials,Financial Services,EQUITY,ASXListedCompanies.csv,0.0,{},{},0.0,0.0,{},{},1.652,14892338,9116612,{},{},1353848927,1010414480,0.18044001,0.0,{},{},{},{},{},0.032,0.34374997,0.01,{},-2942708,-736930,{},4204059,84823,0.22,15.414,6.137,1.0,-0.75086,8.11205,-0.01509,0.20021,-0.307,{},836638,{},{},{},{},none,{},Financial Services,Asset Management,https://www.bphenergy.com.au,Australia,,AUD,ASX,EQUITY,,-4119236.0
BPM.AX,2026-02-14T17:10:42Z,ok,200.0,,,,BPM,BPM MINERALS LIMITED,Materials,Materials,EQUITY,ASXListedCompanies.csv,0.0,{},{},0.0,0.0,{},{},1.604,30303088,21776072,-6.684,{},112233659,70795326,0.22342,0.0,{},{},{},{},{},0.053,5.09434,-0.04,{},-4983703,-693961,-3258143,1830003,34987,0.754,23.386,12.256,1.0,-22.46243,0.0,-0.36611998,-0.61724,-0.472,{},66025,{},{},{},{},none,{},Basic Materials,Other Precious Metals & Mining,https://www.bpmminerals.com,Australia,,AUD,ASX,EQUITY,,-1795016.0
BPP.AX,2026-02-14T17:11:02Z,ok,200.0,,,,BPP,BABYLON PUMP & POWER LIMITED,Industrials,Capital Goods,EQUITY,ASXListedCompanies.csv,0.0,{},{},0.0,0.0,{},{},1.537,12695954,23847106,4.052,{},126959537,49002060,0.69425005,0.014520001,{},{},{},{},{},0.135,0.7407407,0.01,{},-1508612,2135069,5885799,3065160,15655964,102.8,1.14,0.668,0.54314,0.07764,0.02451,0.03845,0.05982,-0.262,0.212,32118080,{},{},{},{},none,{},Industrials,Rental & Leasing Services,https://www.babylonpumpandpower.com,Australia,,AUD,ASX,EQUITY,,12590804.0
BPT.AX,2026-02-14T17:11:22Z,ok,200.0,,,,BPT,BEACH ENERGY LIMITED,Energy,Energy,EQUITY,ASXListedCompanies.csv,0.9901,2.69,1772064000,0.07,0.06334841,0.07,0.0651,0.244,2452433920,2921249024,3.191,{},2281333656,1559633909,0.35896,0.27004,{},{},{},{},{},1.39,0.77338135,-0.05,0.16789,303137504,915900032,915600000,235200000,705699968,22.272,1.16,0.776,0.29395,0.19481,-0.05513,-0.02043,-0.03482,-0.003,-0.325,2102400000,1.17286,2.6,0.65,3.64286,underperform,14,Energy,Oil & Gas E&P,https://www.beachenergy.com.au,Australia,,AUD,ASX,EQUITY,1770268320.0,470499968.0
BRE.AX,2026-02-14T17:11:42Z,ok,200.0,,,,BRE,BRAZILIAN RARE EARTHS LIMITED,Materials,Materials,EQUITY,ASXListedCompanies.csv,0.0,{},{},0.0,0.0,{},{},0.705,1131461376,955827136,-24.925,{},274626572,70195716,0.56365,0.13924,{},{},{},{},{},0.28,14.714285,-0.13,-0.165,-20957536,-28539012,-38347800,67368848,0,{},22.909,22.453,0.0,0.0,0.0,-0.27876,-0.40705,{},{},{},7.75,8.0,7.5,1.0,strong_buy,2,Basic Materials,Other Precious Metals & Mining,https://brazilianrareearths.com,Australia,,AUD,ASX,EQUITY,,-67368848.0
BRG.AX,2026-02-14T17:12:03Z,ok,200.0,,,,BRG,BREVILLE GROUP LIMITED,Consumer Discretionary,Consumer Durables & Apparel,EQUITY,ASXListedCompanies.csv,0.397,1.2,1773187200,0.38,0.011173185,0.38,0.0119,1.196,4608633344,4725092352,20.79,{},144834480,101237853,0.32147,0.3848,{},{},{},{},{},7.236,4.397457,0.93,1.0807,91230624,189203008,227272992,176840992,293300000,27.986,1.98,1.218,0.35804,0.13262,0.07596,0.07526,0.13515,0.101,0.003,1797734016,36.54214,40.65,22.0,1.78571,buy,14,Consumer Cyclical,"Furnishings, Fixtures & Appliances",https://brevillegroup.com,Australia,1119.0,AUD,ASX,EQUITY,1770873120.0,116459008.0
BRI.AX,2026-02-14T17:12:23Z,ok,200.0,,,,BRI,BIG RIVER INDUSTRIES LIMITED,Materials,Materials,EQUITY,ASXListedCompanies.csv,1.4784,5.15,1756944000,0.04,0.027397258,0.04,0.0276,0.044,136105472,176300464,10.203,{},94190636,13767643,0.21333,0.59542,{},{},{},{},{},1.187,1.2173547,-0.17,0.11152,16771625,23291000,17280000,23103000,76013000,74.981,1.959,0.999,0.2609,0.02636,-0.03637,0.027460001,-0.13375,-0.012,1.451,405654016,1.665,1.68,1.65,{},none,2,Basic Materials,Lumber & Wood Production,https://www.bigrivergroup.com.au,Australia,,AUD,ASX,EQUITY,,52910000.0
BRK.AX,2026-02-14T17:12:43Z,ok,200.0,,,,BRK,BROOKSIDE ENERGY LIMITED,Energy,Energy,EQUITY,ASXListedCompanies.csv,0.0,{},{},0.0,0.0,{},{},0.692,43310208,35740836,1.544,{},96244914,70698937,0.343,0.0,{},{},{},{},{},1.0,0.45,0.05,0.08902843,-10656012,24530240,23154254,8355275,995764,1.04,0.641,0.62,0.46879002,0.16566,0.075840004,0.01895,0.05025,0.947,0.667,61500240,1.7830797,1.7830797,1.7830797,0.0,strong_buy,1,Energy,Oil & Gas E&P,https://brookside-energy.com.au,Australia,,AUD,ASX,EQUITY,,-7359511.0
BRL.AX,2026-02-14T17:13:03Z,ok,200.0,,,,BRL,BATHURST RESOURCES LIMITED.,Materials,Materials,EQUITY,ASXListedCompanies.csv,0.0,{},1569801600,0.0,0.0,{},{},-0.211,146432320,112123752,45.358,{},240052980,141165294,0.41478002,0.19916001,{},{},{},{},{},1.2655395,0.48200786,0.02,0.05741,-4839250,5125000,2472000,35718000,1457000,0.408,5.163,4.509,0.18658,0.02306,0.106879994,-0.0025799999,0.01316,-0.068,{},41590000,0.92,0.92,0.92,1.0,strong_buy,1,Basic Materials,Coking Coal,https://bathurst.co.nz,New Zealand,,AUD,ASX,EQUITY,,-34261000.0
BRN.AX,2026-02-14T17:13:23Z,ok,200.0,,,,BRN,BRAINCHIP HOLDINGS LTD,Information Technology,Software & Services,EQUITY,ASXListedCompanies.csv,0.0,{},{},0.0,0.0,{},{},0.11,318391904,261018880,-11.457,{},2358458279,1661857747,0.13262,0.06086,{},{},{},{},{},0.01128907,11.958469,-0.02,-0.01128907,-7117110,-14550397,-22783304,13458121,1001870,6.573,5.184,4.763,0.053379998,-9.77895,0.0,-0.75832003,-1.4970399,8.594,{},1314897,1.0681523,1.0681523,1.0681523,{},none,1,Technology,Semiconductors,https://brainchip.com,Australia,63.0,AUD,ASX,EQUITY,,-12456251.0
BRU.AX,2026-02-14T17:13:43Z,ok,200.0,,,,BRU,BURU ENERGY LIMITED,Energy,Energy,EQUITY,ASXListedCompanies.csv,0.0,{},{},0.0,0.0,{},{},1.198,22052992,15648011,-1.382,{},1002408773,592881300,0.2176,0.0002,{},{},{},{},{},0.017,1.2941176,-0.02,0.0,-11080000,-11800000,-11322000,2343000,844000,6.254,1.726,1.653,0.0,0.0,0.0,-0.22672,-0.71900004,{},{},{},0.1,0.1,0.1,{},none,1,Energy,Oil & Gas E&P,https://www.buruenergy.com/site/content,Australia,,AUD,ASX,EQUITY,,-1499000.0
BRX.AX,2026-02-14T17:14:03Z,ok,200.0,,,,BRX,BELARAROX LIMITED,Materials,Materials,EQUITY,ASXListedCompanies.csv,0.0,{},{},0.0,0.0,{},{},-1.529,19178516,8445539,-1.611,{},262719411,114546237,0.2798,0.0038100001,{},{},{},{},{},0.168,0.43452382,-0.04,{},-9097299,-3929500,-5241490,3380386,0,{},0.965,0.92,0.0,0.0,0.0,-0.13611001,-0.26424,{},{},{},{},{},{},{},none,{},Basic Materials,Other Precious Metals & Mining,https://www.belararox.com.au,Australia,,AUD,ASX,EQUITY,,-3380386.0
BRY.AX,2026-02-14T17:14:23Z,ok,200.0,,,,BRY,BARYS RESOURCES LIMITED,Materials,Materials,EQUITY,ASXListedCompanies.csv,0.0,{},{},0.0,0.0,{},{},0.15,5280668,1216985,{},{},5280667774,1676639602,0.41791,0.0,{},{},{},{},{},0.001,1.0,-0.0,{},-902675,-1453424,{},2036793,0,{},17.442,17.133,0.0,8.56536,0.0,-0.25838,-0.76378995,{},{},-18911,{},{},{},{},none,{},Basic Materials,Other Industrial Metals & Mining,https://enrg-elements.com,Australia,,AUD,ASX,EQUITY,,-2036793.0
BS1.AX,2026-02-14T17:14:43Z,not_found,404.0,not_found,,,BS1,BLUESTONE PRIME 2024-1 TRUST,,Not Applic,EQUITY,ASXListedCompanies.csv,,,,,,,,,,,,,,,,,,,,,,,,,,,,,,,,,,,,,,,,,,,,,,,,,,,,,,,,,
BSA.AX,2026-02-14T17:15:02Z,ok,200.0,,,,BSA,BSA LIMITED,Industrials,Commercial & Professional Services,EQUITY,ASXListedCompanies.csv,0.0,3.25,1633305600,0.0,0.0,{},{},1.249,21084074,-1312000,-0.042,{},75300261,26201388,0.81961995,0.0,{},{},{},{},{},0.092,3.0434783,0.05,0.21,26695750,30475000,30949000,23968000,1572000,22.609,1.292,1.265,0.15253,0.122530006,0.012999999,0.35331002,0.87224,0.033,{},286983008,1.85,1.85,1.85,{},none,1,Industrials,Engineering & Construction,https://www.bsa.com.au,Australia,,AUD,ASX,EQUITY,,-22396000.0
BSL.AX,2026-02-14T17:15:23Z,ok,200.0,,,,BSL,BLUESCOPE STEEL LIMITED,Materials,Materials,EQUITY,ASXListedCompanies.csv,3.5665,2.26,1768867200,0.6,0.020682523,0.6,0.020599999,1.293,12774338560,13422867456,10.229,{},438077431,436717593,0.02577,0.50817,{},{},{},{},{},24.322,1.1989145,0.17,2.05717,-143887504,1412899968,1312199936,857600000,886000000,7.86,1.955,0.904,0.37213,0.05032,0.00514,0.028870001,0.01591,-0.016,{},16294400000,31.66,37.0,27.0,1.9,buy,10,Basic Materials,Steel,https://www.bluescope.com,Australia,16500.0,AUD,ASX,EQUITY,1771218720.0,28400000.0
BSN.AX,2026-02-14T17:15:42Z,ok,200.0,,,,BSN,BASIN ENERGY LIMITED,Energy,Energy,EQUITY,ASXListedCompanies.csv,0.0,{},{},0.0,0.0,{},{},1.14,7843669,4792014,-3.435,{},191309005,101835281,0.36953998,0.06067,{},{},{},{},{},0.089,0.46067417,-0.01,{},-1006894,-1202539,-1395069,992238,0,{},4.932,4.527,0.0,0.0,0.0,-0.07563,-0.118990004,{},{},{},{},{},{},{},none,{},Energy,Uranium,https://www.basinenergy.com.au,Australia,,AUD,ASX,EQUITY,,-992238.0
BSUB.AX,2026-02-14T17:16:03Z,ok,200.0,,,,BSUB,Australian Major Bank Subordinated Debt ETF,,Spotlight ETP List,ETF/ETP,ASXInvestmentProductsMonthlyReport,{},{},{},{},{},{},{},{},{},{},{},{},,,,,,,,,,{},{},{},{},,,,,,,,,,,,,,,,,,,,,,,,,,,,AUD,ASX,ETF,,
BSX.AX,2026-02-14T17:16:23Z,ok,200.0,,,,BSX,BLACKSTONE MINERALS LIMITED,Materials,Materials,EQUITY,ASXListedCompanies.csv,0.0,{},{},0.0,0.0,{},{},1.121,72657304,23925656,-3.598,{},1689704711,455816888,0.46892,0.025309999,{},{},{},{},{},0.127,0.33858266,-0.02,0.05,-1419566,-5844609,-6650188,661762,241596,0.302,0.297,0.297,1.0,-3.1558301,0.0,-0.0892,-0.20767,{},{},1198828,0.29,0.29,0.29,{},none,1,Basic Materials,Other Industrial Metals & Mining,https://www.blackstoneminerals.com.au,Australia,,AUD,ASX,EQUITY,,-420166.0
BTC.AX,2026-02-14T17:16:43Z,ok,200.0,,,,BTC,BTC HEALTH LTD,,Not Applic,EQUITY,ASXListedCompanies.csv,0.0,{},1350604800,0.0,0.0,{},{},-0.396,25021812,22152522,{},{},357454456,{},0.41759998,0.346,{},{},{},{},{},0.028,2.5,0.01,{},-250410,-499981,{},620109,0,{},3.16,3.071,1.0,-119.9623,399.7287,-0.057340004,0.56466997,-0.688,{},9960,{},{},{},{},none,{},Healthcare,Biotechnology,https://www.btchealth.com.au,Australia,,AUD,ASX,EQUITY,,-620109.0
BTE.AX,2026-02-14T17:17:03Z,ok,200.0,,,,BTE,BOTALA ENERGY LTD,Energy,Energy,EQUITY,ASXListedCompanies.csv,0.0,{},{},0.0,0.0,{},{},0.345,16157628,13314883,-5.692,{},336617246,82371022,0.63506,0.0,{},{},{},{},{},0.071,0.6760563,-0.01,{},-2460652,-1177153,-2339293,618435,662766,3.608,0.888,0.776,1.0,-84.7584,0.0,-0.07753,-0.16681999,{},{},12566,{},{},{},{},none,{},Utilities,Utilities - Renewable,https://botalaenergy.com,Australia,,AUD,ASX,EQUITY,,44331.0
BTI.AX,2026-02-14T17:17:23Z,ok,200.0,,,,BTI,BAILADOR TECHNOLOGY INVESTMENTS LIMITED,Financials,Financial Services,EQUITY,ASXListedCompanies.csv,0.4406,{},1770940800,0.075,0.062240664,0.08,0.0675,0.489,173068112,77517120,{},{},140985947,112898853,0.19646999,0.068390004,{},{},{},{},{},1.759,0.65662307,0.17,{},19314376,-18750000,{},95551000,0,{},9.054,9.054,1.0,0.7617,0.51537,0.073359996,0.098000005,0.262,0.293,48511000,{},{},{},{},none,{},Financial Services,Asset Management,https://www.bailador.com.au,Australia,,AUD,ASX,EQUITY,,-95551000.0
BTL.AX,2026-02-14T17:17:43Z,ok,200.0,,,,BTL,BEETALOO ENERGY AUSTRALIA LIMITED,Energy,Energy,EQUITY,ASXListedCompanies.csv,0.0,{},{},0.0,0.0,{},{},0.295,292359488,266550336,-12.926,{},1244082918,782679487,0.39543998,0.06913,{},{},{},{},{},0.131,1.7938932,-0.02,-0.003245608,-67199784,-7758009,-20621172,39252000,15697000,9.735,1.691,1.619,1.0,-1496.2828,0.0,-0.074650005,-0.13709,{},{},14028,0.63085985,0.64852107,0.6131986,1.0,strong_buy,2,Energy,Oil & Gas E&P,https://beetalooenergy.com,Australia,,AUD,ASX,EQUITY,,-23555000.0
BTM.AX,2026-02-14T17:18:03Z,ok,200.0,,,,BTM,BREAKTHROUGH MINERALS LIMITED,Energy,Energy,EQUITY,ASXListedCompanies.csv,0.0,{},{},0.0,0.0,{},{},1.297,25236324,11999451,-3.592,{},123104027,48589246,0.28885,0.0115600005,{},{},{},{},{},0.072,2.8472223,-0.0,{},-2268341,-765818,-3340606,2098546,0,{},1.841,1.827,0.0,0.0,0.0,-0.34987,-0.70684,{},{},{},{},{},{},{},none,{},Basic Materials,Other Industrial Metals & Mining,https://breakthroughminerals.com.au,Australia,,AUD,ASX,EQUITY,,-2098546.0
BTN.AX,2026-02-14T17:18:23Z,ok,200.0,,,,BTN,BUTN LIMITED,Financials,Financial Services,EQUITY,ASXListedCompanies.csv,0.0,{},{},0.0,0.0,{},{},1.372,19868918,94443568,{},{},382094570,130426388,0.36211,0.29097998,{},{},{},{},{},0.035,1.4857143,-0.01,-0.01,{},1742845,{},16315930,91003680,749.41,1.059,1.051,1.0,-0.89675003,-0.32759997,-0.02678,-0.26288,0.177,{},8124358,{},{},{},{},none,{},Financial Services,Credit Services,https://www.butn.co,Australia,,AUD,ASX,EQUITY,,74687750.0
BTR.AX,2026-02-14T17:18:43Z,ok,200.0,,,,BTR,BRIGHTSTAR RESOURCES LIMITED,Materials,Materials,EQUITY,ASXListedCompanies.csv,0.0,{},{},0.0,0.0,{},{},0.941,392598432,293708928,-7.191,{},817913392,470022378,0.18037,0.13844,{},{},{},{},{},0.309,1.5533981,-0.12,0.012,-44630500,-30933000,-40845000,15305000,30973000,21.189,0.462,0.428,-0.41916,-0.78516996,-1.37475,-0.1824,-0.48209998,28.739,{},33510000,2.00434,2.8,1.20868,1.0,strong_buy,2,Basic Materials,Gold,https://brightstarresources.com.au,Australia,,AUD,ASX,EQUITY,,15668000.0
BTXX.AX,2026-02-14T17:19:03Z,ok,200.0,,,,BTXX,DigitalX Bitcoin ETF,,Spotlight ETP List,ETF/ETP,ASXInvestmentProductsMonthlyReport,{},{},{},0.0,0.0,{},{},{},{},{},{},{},,,,,,,,,,{},{},{},{},,,,,,,,,,,,,,,,,,,,,,,,,,,,AUD,ASX,ETF,,
BUB.AX,2026-02-14T17:19:23Z,ok,200.0,,,,BUB,BUBS AUSTRALIA LIMITED,Consumer Staples,"Food, Beverage & Tobacco",EQUITY,ASXListedCompanies.csv,0.0,{},{},0.0,0.0,{},{},0.117,111766256,95182440,19.338,{},894130038,681011654,0.19538,0.0068,{},{},{},{},{},0.048,2.6041667,0.01,0.0085,3185787,6131920,4922003,17426312,967500,2.278,3.654,2.013,0.47839,0.081,0.05406,0.04551,0.13972999,0.341,{},102544416,0.17667,0.18,0.17,1.33333,strong_buy,3,Consumer Defensive,Packaged Foods,https://www.bubsaustralia.com,Australia,80.0,AUD,ASX,EQUITY,,-16458812.0
BUGG.AX,2026-02-14T17:19:43Z,ok,200.0,,,,BUGG,Global X Cybersecurity ETF,,Spotlight ETP List,ETF/ETP,ASXInvestmentProductsMonthlyReport,{},{},{},{},{},{},{},{},{},{},{},{},,,,,,,,,,{},{},{},{},,,,,,,,,,,,,,,,,,,,,,,,,,,,AUD,ASX,ETF,,
BUR.AX,2026-02-14T17:20:03Z,ok,200.0,,,,BUR,BURLEY MINERALS LTD,Materials,Materials,EQUITY,ASXListedCompanies.csv,0.0,{},{},0.0,0.0,{},{},0.718,5709186,3900423,-2.552,{},184167312,107721302,0.4741,0.01963,{},{},{},{},{},0.018,1.7222222,-0.1,{},4085677,-926540,-1528650,1203692,0,{},3.792,3.646,1.0,-682.33044,0.0,-0.96061,-1.6278399,-0.353,{},10095,{},{},{},{},none,{},Basic Materials,Other Industrial Metals & Mining,https://burleyminerals.com.au,Australia,,AUD,ASX,EQUITY,,-1203692.0
BUS.AX,,,,,,,BUS,BUBALUS RESOURCES LIMITED,Materials,Materials,EQUITY,ASXListedCompanies.csv,,,,,,,,,,,,,,,,,,,,,,,,,,,,,,,,,,,,,,,,,,,,,,,,,,,,,,,,,
BUX.AX,,,,,,,BUX,BUXTON RESOURCES LIMITED,Materials,Materials,EQUITY,ASXListedCompanies.csv,,,,,,,,,,,,,,,,,,,,,,,,,,,,,,,,,,,,,,,,,,,,,,,,,,,,,,,,,
BUY.AX,,,,,,,BUY,BOUNTY OIL & GAS NL,Energy,Energy,EQUITY,ASXListedCompanies.csv,,,,,,,,,,,,,,,,,,,,,,,,,,,,,,,,,,,,,,,,,,,,,,,,,,,,,,,,,
BVR.AX,,,,,,,BVR,BELLAVISTA RESOURCES LTD,Materials,Materials,EQUITY,ASXListedCompanies.csv,,,,,,,,,,,,,,,,,,,,,,,,,,,,,,,,,,,,,,,,,,,,,,,,,,,,,,,,,
BVS.AX,,,,,,,BVS,BRAVURA SOLUTIONS LIMITED.,Information Technology,Software & Services,EQUITY,ASXListedCompanies.csv,,,,,,,,,,,,,,,,,,,,,,,,,,,,,,,,,,,,,,,,,,,,,,,,,,,,,,,,,
BW6.AX,,,,,,,BW6,BLACKWATTLE SERIES RMBS TRUST NO.6,,Not Applic,EQUITY,ASXListedCompanies.csv,,,,,,,,,,,,,,,,,,,,,,,,,,,,,,,,,,,,,,,,,,,,,,,,,,,,,,,,,
BWF.AX,,,,,,,BWF,BLACKWALL LIMITED,Financials,Financial Services,EQUITY,ASXListedCompanies.csv,,,,,,,,,,,,,,,,,,,,,,,,,,,,,,,,,,,,,,,,,,,,,,,,,,,,,,,,,
BWN.AX,,,,,,,BWN,BHAGWAN MARINE LIMITED,Industrials,Transportation,EQUITY,ASXListedCompanies.csv,,,,,,,,,,,,,,,,,,,,,,,,,,,,,,,,,,,,,,,,,,,,,,,,,,,,,,,,,
BWP.AX,,,,,,,BWP,BWP GROUP,Real Estate,Equity Real Estate Investment Trusts (REITs),EQUITY,ASXListedCompanies.csv,,,,,,,,,,,,,,,,,,,,,,,,,,,,,,,,,,,,,,,,,,,,,,,,,,,,,,,,,
BXB.AX,,,,,,,BXB,BRAMBLES LIMITED,Industrials,Commercial & Professional Services,EQUITY,ASXListedCompanies.csv,,,,,,,,,,,,,,,,,,,,,,,,,,,,,,,,,,,,,,,,,,,,,,,,,,,,,,,,,
BXN.AX,,,,,,,BXN,BIOXYNE LIMITED,Consumer Staples,Household & Personal Products,EQUITY,ASXListedCompanies.csv,,,,,,,,,,,,,,,,,,,,,,,,,,,,,,,,,,,,,,,,,,,,,,,,,,,,,,,,,
C1X.AX,,,,,,,C1X,COSMOS EXPLORATION LIMITED,Materials,Materials,EQUITY,ASXListedCompanies.csv,,,,,,,,,,,,,,,,,,,,,,,,,,,,,,,,,,,,,,,,,,,,,,,,,,,,,,,,,
C29.AX,,,,,,,C29,C29 METALS LIMITED,Materials,Materials,EQUITY,ASXListedCompanies.csv,,,,,,,,,,,,,,,,,,,,,,,,,,,,,,,,,,,,,,,,,,,,,,,,,,,,,,,,,
C79.AX,,,,,,,C79,CHRYSOS CORPORATION LIMITED,Industrials,Commercial & Professional Services,EQUITY,ASXListedCompanies.csv,,,,,,,,,,,,,,,,,,,,,,,,,,,,,,,,,,,,,,,,,,,,,,,,,,,,,,,,,
C7A.AX,,,,,,,C7A,CLARA RESOURCES AUSTRALIA LTD,Materials,Materials,EQUITY,ASXListedCompanies.csv,,,,,,,,,,,,,,,,,,,,,,,,,,,,,,,,,,,,,,,,,,,,,,,,,,,,,,,,,
CAA.AX,,,,,,,CAA,CAPRAL LIMITED,Materials,Materials,EQUITY,ASXListedCompanies.csv,,,,,,,,,,,,,,,,,,,,,,,,,,,,,,,,,,,,,,,,,,,,,,,,,,,,,,,,,
CAE.AX,,,,,,,CAE,CANNINDAH RESOURCES LIMITED,Materials,Materials,EQUITY,ASXListedCompanies.csv,,,,,,,,,,,,,,,,,,,,,,,,,,,,,,,,,,,,,,,,,,,,,,,,,,,,,,,,,
CAF.AX,,,,,,,CAF,CENTREPOINT ALLIANCE LIMITED,Financials,Financial Services,EQUITY,ASXListedCompanies.csv,,,,,,,,,,,,,,,,,,,,,,,,,,,,,,,,,,,,,,,,,,,,,,,,,,,,,,,,,
CAM.AX,,,,,,,CAM,CLIME CAPITAL LIMITED,,Not Applic,EQUITY,ASXListedCompanies.csv,,,,,,,,,,,,,,,,,,,,,,,,,,,,,,,,,,,,,,,,,,,,,,,,,,,,,,,,,
CAN.AX,,,,,,,CAN,CANN GROUP LIMITED,Health Care,"Pharmaceuticals, Biotechnology & Life Sciences",EQUITY,ASXListedCompanies.csv,,,,,,,,,,,,,,,,,,,,,,,,,,,,,,,,,,,,,,,,,,,,,,,,,,,,,,,,,
CAQ.AX,,,,,,,CAQ,CAQ HOLDINGS LIMITED,Real Estate,Real Estate Management & Development,EQUITY,ASXListedCompanies.csv,,,,,,,,,,,,,,,,,,,,,,,,,,,,,,,,,,,,,,,,,,,,,,,,,,,,,,,,,
CAR.AX,,,,,,,CAR,CAR GROUP LIMITED,Communication Services,Media & Entertainment,EQUITY,ASXListedCompanies.csv,,,,,,,,,,,,,,,,,,,,,,,,,,,,,,,,,,,,,,,,,,,,,,,,,,,,,,,,,
CASH.AX,,,,,,,CASH,ASX investment product,,Spotlight ETP List,ETF/ETP,ASXInvestmentProductsMonthlyReport,,,,,,,,,,,,,,,,,,,,,,,,,,,,,,,,,,,,,,,,,,,,,,,,,,,,,,,,,
CAT.AX,,,,,,,CAT,CATAPULT SPORTS LTD,Information Technology,Software & Services,EQUITY,ASXListedCompanies.csv,,,,,,,,,,,,,,,,,,,,,,,,,,,,,,,,,,,,,,,,,,,,,,,,,,,,,,,,,
CAV.AX,,,,,,,CAV,CARNAVALE RESOURCES LIMITED,Materials,Materials,EQUITY,ASXListedCompanies.csv,,,,,,,,,,,,,,,,,,,,,,,,,,,,,,,,,,,,,,,,,,,,,,,,,,,,,,,,,
CAY.AX,,,,,,,CAY,CANYON RESOURCES LIMITED,Materials,Materials,EQUITY,ASXListedCompanies.csv,,,,,,,,,,,,,,,,,,,,,,,,,,,,,,,,,,,,,,,,,,,,,,,,,,,,,,,,,
CAZ.AX,,,,,,,CAZ,CAZALY RESOURCES LIMITED,Materials,Materials,EQUITY,ASXListedCompanies.csv,,,,,,,,,,,,,,,,,,,,,,,,,,,,,,,,,,,,,,,,,,,,,,,,,,,,,,,,,
CBA.AX,,,,,,,CBA,COMMONWEALTH BANK OF AUSTRALIA.,Financials,Banks,EQUITY,ASXListedCompanies.csv,,,,,,,,,,,,,,,,,,,,,,,,,,,,,,,,,,,,,,,,,,,,,,,,,,,,,,,,,
CBE.AX,,,,,,,CBE,COBRE LIMITED,Materials,Materials,EQUITY,ASXListedCompanies.csv,,,,,,,,,,,,,,,,,,,,,,,,,,,,,,,,,,,,,,,,,,,,,,,,,,,,,,,,,
CBL.AX,,,,,,,CBL,CONTROL BIONICS LIMITED,Health Care,Health Care Equipment & Services,EQUITY,ASXListedCompanies.csv,,,,,,,,,,,,,,,,,,,,,,,,,,,,,,,,,,,,,,,,,,,,,,,,,,,,,,,,,
CBO.AX,,,,,,,CBO,COBRAM ESTATE OLIVES LIMITED,Consumer Staples,"Food, Beverage & Tobacco",EQUITY,ASXListedCompanies.csv,,,,,,,,,,,,,,,,,,,,,,,,,,,,,,,,,,,,,,,,,,,,,,,,,,,,,,,,,
CBY.AX,,,,,,,CBY,CANTERBURY RESOURCES LIMITED,Materials,Materials,EQUITY,ASXListedCompanies.csv,,,,,,,,,,,,,,,,,,,,,,,,,,,,,,,,,,,,,,,,,,,,,,,,,,,,,,,,,
CC5.AX,,,,,,,CC5,CLEVER CULTURE SYSTEMS LIMITED,Health Care,Health Care Equipment & Services,EQUITY,ASXListedCompanies.csv,,,,,,,,,,,,,,,,,,,,,,,,,,,,,,,,,,,,,,,,,,,,,,,,,,,,,,,,,
CC9.AX,,,,,,,CC9,CHARIOT RESOURCES LTD,Materials,Materials,EQUITY,ASXListedCompanies.csv,,,,,,,,,,,,,,,,,,,,,,,,,,,,,,,,,,,,,,,,,,,,,,,,,,,,,,,,,
CCA.AX,,,,,,,CCA,CHANGE FINANCIAL LIMITED,Financials,Financial Services,EQUITY,ASXListedCompanies.csv,,,,,,,,,,,,,,,,,,,,,,,,,,,,,,,,,,,,,,,,,,,,,,,,,,,,,,,,,
CCE.AX,,,,,,,CCE,CARNEGIE CLEAN ENERGY LIMITED,Utilities,Utilities,EQUITY,ASXListedCompanies.csv,,,,,,,,,,,,,,,,,,,,,,,,,,,,,,,,,,,,,,,,,,,,,,,,,,,,,,,,,
CCG.AX,,,,,,,CCG,COMMS GROUP LTD,Communication Services,Telecommunication Services,EQUITY,ASXListedCompanies.csv,,,,,,,,,,,,,,,,,,,,,,,,,,,,,,,,,,,,,,,,,,,,,,,,,,,,,,,,,
CCL.AX,,,,,,,CCL,CUSCAL LIMITED,Financials,Financial Services,EQUITY,ASXListedCompanies.csv,,,,,,,,,,,,,,,,,,,,,,,,,,,,,,,,,,,,,,,,,,,,,,,,,,,,,,,,,
CCM.AX,,,,,,,CCM,CADOUX LIMITED,Materials,Materials,EQUITY,ASXListedCompanies.csv,,,,,,,,,,,,,,,,,,,,,,,,,,,,,,,,,,,,,,,,,,,,,,,,,,,,,,,,,
CCO.AX,,,,,,,CCO,THE CALMER CO INTERNATIONAL LIMITED,Consumer Staples,Household & Personal Products,EQUITY,ASXListedCompanies.csv,,,,,,,,,,,,,,,,,,,,,,,,,,,,,,,,,,,,,,,,,,,,,,,,,,,,,,,,,
CCP.AX,,,,,,,CCP,CREDIT CORP GROUP LIMITED,Financials,Financial Services,EQUITY,ASXListedCompanies.csv,,,,,,,,,,,,,,,,,,,,,,,,,,,,,,,,,,,,,,,,,,,,,,,,,,,,,,,,,
CCR.AX,,,,,,,CCR,CREDIT CLEAR LIMITED,Information Technology,Software & Services,EQUITY,ASXListedCompanies.csv,,,,,,,,,,,,,,,,,,,,,,,,,,,,,,,,,,,,,,,,,,,,,,,,,,,,,,,,,
CCV.AX,,,,,,,CCV,CASH CONVERTERS INTERNATIONAL,Financials,Financial Services,EQUITY,ASXListedCompanies.csv,,,,,,,,,,,,,,,,,,,,,,,,,,,,,,,,,,,,,,,,,,,,,,,,,,,,,,,,,
CCX.AX,,,,,,,CCX,CITY CHIC COLLECTIVE LIMITED,Consumer Discretionary,Consumer Discretionary Distribution & Retail,EQUITY,ASXListedCompanies.csv,,,,,,,,,,,,,,,,,,,,,,,,,,,,,,,,,,,,,,,,,,,,,,,,,,,,,,,,,
CD1.AX,,,,,,,CD1,CD PRIVATE EQUITY FUND I,,Not Applic,EQUITY,ASXListedCompanies.csv,,,,,,,,,,,,,,,,,,,,,,,,,,,,,,,,,,,,,,,,,,,,,,,,,,,,,,,,,
CD2.AX,,,,,,,CD2,CD PRIVATE EQUITY FUND II,,Not Applic,EQUITY,ASXListedCompanies.csv,,,,,,,,,,,,,,,,,,,,,,,,,,,,,,,,,,,,,,,,,,,,,,,,,,,,,,,,,
CD3.AX,,,,,,,CD3,CD PRIVATE EQUITY FUND III,,Not Applic,EQUITY,ASXListedCompanies.csv,,,,,,,,,,,,,,,,,,,,,,,,,,,,,,,,,,,,,,,,,,,,,,,,,,,,,,,,,
CDA.AX,,,,,,,CDA,CODAN LIMITED,Information Technology,Technology Hardware & Equipment,EQUITY,ASXListedCompanies.csv,,,,,,,,,,,,,,,,,,,,,,,,,,,,,,,,,,,,,,,,,,,,,,,,,,,,,,,,,
CDE.AX,,,,,,,CDE,CODEIFAI LIMITED,Industrials,Commercial & Professional Services,EQUITY,ASXListedCompanies.csv,,,,,,,,,,,,,,,,,,,,,,,,,,,,,,,,,,,,,,,,,,,,,,,,,,,,,,,,,
CDM.AX,,,,,,,CDM,CADENCE CAPITAL LIMITED,,Not Applic,EQUITY,ASXListedCompanies.csv,,,,,,,,,,,,,,,,,,,,,,,,,,,,,,,,,,,,,,,,,,,,,,,,,,,,,,,,,
CDO.AX,,,,,,,CDO,CADENCE OPPORTUNITIES FUND LIMITED.,,Not Applic,EQUITY,ASXListedCompanies.csv,,,,,,,,,,,,,,,,,,,,,,,,,,,,,,,,,,,,,,,,,,,,,,,,,,,,,,,,,
CDP.AX,,,,,,,CDP,CARINDALE PROPERTY TRUST,Real Estate,Equity Real Estate Investment Trusts (REITs),EQUITY,ASXListedCompanies.csv,,,,,,,,,,,,,,,,,,,,,,,,,,,,,,,,,,,,,,,,,,,,,,,,,,,,,,,,,
CDR.AX,,,,,,,CDR,CODRUS MINERALS LIMITED,Materials,Materials,EQUITY,ASXListedCompanies.csv,,,,,,,,,,,,,,,,,,,,,,,,,,,,,,,,,,,,,,,,,,,,,,,,,,,,,,,,,
CDT.AX,,,,,,,CDT,CASTLE MINERALS LIMITED,Materials,Materials,EQUITY,ASXListedCompanies.csv,,,,,,,,,,,,,,,,,,,,,,,,,,,,,,,,,,,,,,,,,,,,,,,,,,,,,,,,,
CEH.AX,,,,,,,CEH,COAST ENTERTAINMENT HOLDINGS LIMITED,Consumer Discretionary,Consumer Services,EQUITY,ASXListedCompanies.csv,,,,,,,,,,,,,,,,,,,,,,,,,,,,,,,,,,,,,,,,,,,,,,,,,,,,,,,,,
CEL.AX,,,,,,,CEL,CHALLENGER GOLD LIMITED,Materials,Materials,EQUITY,ASXListedCompanies.csv,,,,,,,,,,,,,,,,,,,,,,,,,,,,,,,,,,,,,,,,,,,,,,,,,,,,,,,,,
CEN.AX,,,,,,,CEN,CONTACT ENERGY LIMITED,Utilities,Utilities,EQUITY,ASXListedCompanies.csv,,,,,,,,,,,,,,,,,,,,,,,,,,,,,,,,,,,,,,,,,,,,,,,,,,,,,,,,,
CETF.AX,,,,,,,CETF,VanEck FTSE China A50 ETF,,Spotlight ETP List,ETF/ETP,ASXInvestmentProductsMonthlyReport,,,,,,,,,,,,,,,,,,,,,,,,,,,,,,,,,,,,,,,,,,,,,,,,,,,,,,,,,
CF1.AX,,,,,,,CF1,COMPLII FINTECH SOLUTIONS LTD,Information Technology,Software & Services,EQUITY,ASXListedCompanies.csv,,,,,,,,,,,,,,,,,,,,,,,,,,,,,,,,,,,,,,,,,,,,,,,,,,,,,,,,,
CFLO.AX,,,,,,,CFLO,Betashares Global Cash Flow Kings ETF,,Spotlight ETP List,ETF/ETP,ASXInvestmentProductsMonthlyReport,,,,,,,,,,,,,,,,,,,,,,,,,,,,,,,,,,,,,,,,,,,,,,,,,,,,,,,,,
CG1.AX,,,,,,,CG1,CARBONXT GROUP LIMITED,Materials,Materials,EQUITY,ASXListedCompanies.csv,,,,,,,,,,,,,,,,,,,,,,,,,,,,,,,,,,,,,,,,,,,,,,,,,,,,,,,,,
CGF.AX,,,,,,,CGF,CHALLENGER LIMITED,Financials,Financial Services,EQUITY,ASXListedCompanies.csv,,,,,,,,,,,,,,,,,,,,,,,,,,,,,,,,,,,,,,,,,,,,,,,,,,,,,,,,,
CGHE.AX,,,,,,,CGHE,Claremont Global Fund (Hedged) Active ETF,,Spotlight ETP List,ETF/ETP,ASXInvestmentProductsMonthlyReport,,,,,,,,,,,,,,,,,,,,,,,,,,,,,,,,,,,,,,,,,,,,,,,,,,,,,,,,,
CGO.AX,,,,,,,CGO,CPT GLOBAL LIMITED,Information Technology,Software & Services,EQUITY,ASXListedCompanies.csv,,,,,,,,,,,,,,,,,,,,,,,,,,,,,,,,,,,,,,,,,,,,,,,,,,,,,,,,,
CGR.AX,,,,,,,CGR,CGN RESOURCES LIMITED,Materials,Materials,EQUITY,ASXListedCompanies.csv,,,,,,,,,,,,,,,,,,,,,,,,,,,,,,,,,,,,,,,,,,,,,,,,,,,,,,,,,
CGS.AX,,,,,,,CGS,COGSTATE LTD,Health Care,Health Care Equipment & Services,EQUITY,ASXListedCompanies.csv,,,,,,,,,,,,,,,,,,,,,,,,,,,,,,,,,,,,,,,,,,,,,,,,,,,,,,,,,
CGUN.AX,,,,,,,CGUN,Claremont Global Fund Active ETF,,Spotlight ETP List,ETF/ETP,ASXInvestmentProductsMonthlyReport,,,,,,,,,,,,,,,,,,,,,,,,,,,,,,,,,,,,,,,,,,,,,,,,,,,,,,,,,
CHC.AX,,,,,,,CHC,CHARTER HALL GROUP,Real Estate,Equity Real Estate Investment Trusts (REITs),EQUITY,ASXListedCompanies.csv,,,,,,,,,,,,,,,,,,,,,,,,,,,,,,,,,,,,,,,,,,,,,,,,,,,,,,,,,
CHI.AX,,,,,,,CHI,CHANNEL INFRASTRUCTURE NZ LIMITED,Energy,Energy,EQUITY,ASXListedCompanies.csv,,,,,,,,,,,,,,,,,,,,,,,,,,,,,,,,,,,,,,,,,,,,,,,,,,,,,,,,,
CHL.AX,,,,,,,CHL,CAMPLIFY HOLDINGS LIMITED,Industrials,Transportation,EQUITY,ASXListedCompanies.csv,,,,,,,,,,,,,,,,,,,,,,,,,,,,,,,,,,,,,,,,,,,,,,,,,,,,,,,,,
CHM.AX,,,,,,,CHM,CHIMERIC THERAPEUTICS LIMITED,Health Care,"Pharmaceuticals, Biotechnology & Life Sciences",EQUITY,ASXListedCompanies.csv,,,,,,,,,,,,,,,,,,,,,,,,,,,,,,,,,,,,,,,,,,,,,,,,,,,,,,,,,
CHN.AX,,,,,,,CHN,CHALICE MINING LIMITED,Materials,Materials,EQUITY,ASXListedCompanies.csv,,,,,,,,,,,,,,,,,,,,,,,,,,,,,,,,,,,,,,,,,,,,,,,,,,,,,,,,,
CHR.AX,,,,,,,CHR,CHARGER METALS NL,Materials,Materials,EQUITY,ASXListedCompanies.csv,,,,,,,,,,,,,,,,,,,,,,,,,,,,,,,,,,,,,,,,,,,,,,,,,,,,,,,,,
CHW.AX,,,,,,,CHW,CHILWA MINERALS LTD,Materials,Materials,EQUITY,ASXListedCompanies.csv,,,,,,,,,,,,,,,,,,,,,,,,,,,,,,,,,,,,,,,,,,,,,,,,,,,,,,,,,
CI1.AX,,,,,,,CI1,CREDIT INTELLIGENCE LTD,Industrials,Commercial & Professional Services,EQUITY,ASXListedCompanies.csv,,,,,,,,,,,,,,,,,,,,,,,,,,,,,,,,,,,,,,,,,,,,,,,,,,,,,,,,,
CIA.AX,,,,,,,CIA,CHAMPION IRON LIMITED,Materials,Materials,EQUITY,ASXListedCompanies.csv,,,,,,,,,,,,,,,,,,,,,,,,,,,,,,,,,,,,,,,,,,,,,,,,,,,,,,,,,
CIIH.AX,,,,,,,CIIH,CB Global Infrastructure Income (Hedged) Active ETF,,Spotlight ETP List,ETF/ETP,ASXInvestmentProductsMonthlyReport,,,,,,,,,,,,,,,,,,,,,,,,,,,,,,,,,,,,,,,,,,,,,,,,,,,,,,,,,
CIM.AX,,,,,,,CIM,CHALLENGER IM CAPITAL LIMITED,,Not Applic,EQUITY,ASXListedCompanies.csv,,,,,,,,,,,,,,,,,,,,,,,,,,,,,,,,,,,,,,,,,,,,,,,,,,,,,,,,,
CIN.AX,,,,,,,CIN,CARLTON INVESTMENTS LIMITED,,Not Applic,EQUITY,ASXListedCompanies.csv,,,,,,,,,,,,,,,,,,,,,,,,,,,,,,,,,,,,,,,,,,,,,,,,,,,,,,,,,
CIP.AX,,,,,,,CIP,CENTURIA INDUSTRIAL REIT,Real Estate,Equity Real Estate Investment Trusts (REITs),EQUITY,ASXListedCompanies.csv,,,,,,,,,,,,,,,,,,,,,,,,,,,,,,,,,,,,,,,,,,,,,,,,,,,,,,,,,
CIVH.AX,,,,,,,CIVH,CB GLBL Infrastructure Value (Hedged) Active ETF,,Spotlight ETP List,ETF/ETP,ASXInvestmentProductsMonthlyReport,,,,,,,,,,,,,,,,,,,,,,,,,,,,,,,,,,,,,,,,,,,,,,,,,,,,,,,,,
CIW.AX,,,,,,,CIW,CLIME INVESTMENT MANAGEMENT LTD,Financials,Financial Services,EQUITY,ASXListedCompanies.csv,,,,,,,,,,,,,,,,,,,,,,,,,,,,,,,,,,,,,,,,,,,,,,,,,,,,,,,,,
CKA.AX,,,,,,,CKA,COKAL LIMITED,Materials,Materials,EQUITY,ASXListedCompanies.csv,,,,,,,,,,,,,,,,,,,,,,,,,,,,,,,,,,,,,,,,,,,,,,,,,,,,,,,,,
CKF.AX,,,,,,,CKF,COLLINS FOODS LIMITED,Consumer Discretionary,Consumer Services,EQUITY,ASXListedCompanies.csv,,,,,,,,,,,,,,,,,,,,,,,,,,,,,,,,,,,,,,,,,,,,,,,,,,,,,,,,,
CL8.AX,,,,,,,CL8,CL8 HOLDINGS LIMITED,Industrials,Transportation,EQUITY,ASXListedCompanies.csv,,,,,,,,,,,,,,,,,,,,,,,,,,,,,,,,,,,,,,,,,,,,,,,,,,,,,,,,,
CLA.AX,,,,,,,CLA,CELSIUS RESOURCES LIMITED.,Materials,Materials,EQUITY,ASXListedCompanies.csv,,,,,,,,,,,,,,,,,,,,,,,,,,,,,,,,,,,,,,,,,,,,,,,,,,,,,,,,,
CLDD.AX,,,,,,,CLDD,Betashares Cloud Computing ETF,,Spotlight ETP List,ETF/ETP,ASXInvestmentProductsMonthlyReport,,,,,,,,,,,,,,,,,,,,,,,,,,,,,,,,,,,,,,,,,,,,,,,,,,,,,,,,,
CLG.AX,,,,,,,CLG,CLOSE THE LOOP LTD.,Industrials,Commercial & Professional Services,EQUITY,ASXListedCompanies.csv,,,,,,,,,,,,,,,,,,,,,,,,,,,,,,,,,,,,,,,,,,,,,,,,,,,,,,,,,
CLNE.AX,,,,,,,CLNE,VanEck Global Clean Energy ETF,,Spotlight ETP List,ETF/ETP,ASXInvestmentProductsMonthlyReport,,,,,,,,,,,,,,,,,,,,,,,,,,,,,,,,,,,,,,,,,,,,,,,,,,,,,,,,,
CLU.AX,,,,,,,CLU,CLUEY LTD,Consumer Discretionary,Consumer Services,EQUITY,ASXListedCompanies.csv,,,,,,,,,,,,,,,,,,,,,,,,,,,,,,,,,,,,,,,,,,,,,,,,,,,,,,,,,
CLV.AX,,,,,,,CLV,CLOVER CORPORATION LIMITED,Materials,Materials,EQUITY,ASXListedCompanies.csv,,,,,,,,,,,,,,,,,,,,,,,,,,,,,,,,,,,,,,,,,,,,,,,,,,,,,,,,,
CLW.AX,,,,,,,CLW,CHARTER HALL LONG WALE REIT,Real Estate,Equity Real Estate Investment Trusts (REITs),EQUITY,ASXListedCompanies.csv,,,,,,,,,,,,,,,,,,,,,,,,,,,,,,,,,,,,,,,,,,,,,,,,,,,,,,,,,
CLX.AX,,,,,,,CLX,CTI LOGISTICS LIMITED,Industrials,Transportation,EQUITY,ASXListedCompanies.csv,,,,,,,,,,,,,,,,,,,,,,,,,,,,,,,,,,,,,,,,,,,,,,,,,,,,,,,,,
CLZ.AX,,,,,,,CLZ,CLASSIC MINERALS LTD,Materials,Materials,EQUITY,ASXListedCompanies.csv,,,,,,,,,,,,,,,,,,,,,,,,,,,,,,,,,,,,,,,,,,,,,,,,,,,,,,,,,
CMA.AX,,,,,,,CMA,CARMA LIMITED,Consumer Discretionary,Consumer Discretionary Distribution & Retail,EQUITY,ASXListedCompanies.csv,,,,,,,,,,,,,,,,,,,,,,,,,,,,,,,,,,,,,,,,,,,,,,,,,,,,,,,,,
CMB.AX,,,,,,,CMB,CAMBIUM BIO LIMITED,Health Care,"Pharmaceuticals, Biotechnology & Life Sciences",EQUITY,ASXListedCompanies.csv,,,,,,,,,,,,,,,,,,,,,,,,,,,,,,,,,,,,,,,,,,,,,,,,,,,,,,,,,
CMD.AX,,,,,,,CMD,CASSIUS MINING LIMITED,Materials,Materials,EQUITY,ASXListedCompanies.csv,,,,,,,,,,,,,,,,,,,,,,,,,,,,,,,,,,,,,,,,,,,,,,,,,,,,,,,,,
CMG.AX,,,,,,,CMG,CRITICAL MINERALS GROUP LIMITED,Materials,Materials,EQUITY,ASXListedCompanies.csv,,,,,,,,,,,,,,,,,,,,,,,,,,,,,,,,,,,,,,,,,,,,,,,,,,,,,,,,,
CML.AX,,,,,,,CML,CONNECTED MINERALS LIMITED,Information Technology,Technology Hardware & Equipment,EQUITY,ASXListedCompanies.csv,,,,,,,,,,,,,,,,,,,,,,,,,,,,,,,,,,,,,,,,,,,,,,,,,,,,,,,,,
CMM.AX,,,,,,,CMM,CAPRICORN METALS LTD,Materials,Materials,EQUITY,ASXListedCompanies.csv,,,,,,,,,,,,,,,,,,,,,,,,,,,,,,,,,,,,,,,,,,,,,,,,,,,,,,,,,
CMO.AX,,,,,,,CMO,COSMO METALS LIMITED,Materials,Materials,EQUITY,ASXListedCompanies.csv,,,,,,,,,,,,,,,,,,,,,,,,,,,,,,,,,,,,,,,,,,,,,,,,,,,,,,,,,
CMP.AX,,,,,,,CMP,COMPUMEDICS LIMITED,Health Care,Health Care Equipment & Services,EQUITY,ASXListedCompanies.csv,,,,,,,,,,,,,,,,,,,,,,,,,,,,,,,,,,,,,,,,,,,,,,,,,,,,,,,,,
CMW.AX,,,,,,,CMW,CROMWELL PROPERTY GROUP,Real Estate,Equity Real Estate Investment Trusts (REITs),EQUITY,ASXListedCompanies.csv,,,,,,,,,,,,,,,,,,,,,,,,,,,,,,,,,,,,,,,,,,,,,,,,,,,,,,,,,
CMX.AX,,,,,,,CMX,CHEMX MATERIALS LIMITED,Materials,Materials,EQUITY,ASXListedCompanies.csv,,,,,,,,,,,,,,,,,,,,,,,,,,,,,,,,,,,,,,,,,,,,,,,,,,,,,,,,,
CNB.AX,,,,,,,CNB,CARNABY RESOURCES LIMITED,Materials,Materials,EQUITY,ASXListedCompanies.csv,,,,,,,,,,,,,,,,,,,,,,,,,,,,,,,,,,,,,,,,,,,,,,,,,,,,,,,,,
CND.AX,,,,,,,CND,CONDOR ENERGY LIMITED,Energy,Energy,EQUITY,ASXListedCompanies.csv,,,,,,,,,,,,,,,,,,,,,,,,,,,,,,,,,,,,,,,,,,,,,,,,,,,,,,,,,
CNEW.AX,,,,,,,CNEW,VanEck China New Economy ETF,,Spotlight ETP List,ETF/ETP,ASXInvestmentProductsMonthlyReport,,,,,,,,,,,,,,,,,,,,,,,,,,,,,,,,,,,,,,,,,,,,,,,,,,,,,,,,,
CNI.AX,,,,,,,CNI,CENTURIA CAPITAL GROUP,Real Estate,Equity Real Estate Investment Trusts (REITs),EQUITY,ASXListedCompanies.csv,,,,,,,,,,,,,,,,,,,,,,,,,,,,,,,,,,,,,,,,,,,,,,,,,,,,,,,,,
CNJ.AX,,,,,,,CNJ,CONICO LTD,Materials,Materials,EQUITY,ASXListedCompanies.csv,,,,,,,,,,,,,,,,,,,,,,,,,,,,,,,,,,,,,,,,,,,,,,,,,,,,,,,,,
CNQ.AX,,,,,,,CNQ,CLEAN TEQ WATER LIMITED,Industrials,Commercial & Professional Services,EQUITY,ASXListedCompanies.csv,,,,,,,,,,,,,,,,,,,,,,,,,,,,,,,,,,,,,,,,,,,,,,,,,,,,,,,,,
CNU.AX,,,,,,,CNU,CHORUS LIMITED,Communication Services,Telecommunication Services,EQUITY,ASXListedCompanies.csv,,,,,,,,,,,,,,,,,,,,,,,,,,,,,,,,,,,,,,,,,,,,,,,,,,,,,,,,,
COB.AX,,,,,,,COB,COBALT BLUE HOLDINGS LIMITED,Materials,Materials,EQUITY,ASXListedCompanies.csv,,,,,,,,,,,,,,,,,,,,,,,,,,,,,,,,,,,,,,,,,,,,,,,,,,,,,,,,,
COD.AX,,,,,,,COD,CODA MINERALS LTD,Materials,Materials,EQUITY,ASXListedCompanies.csv,,,,,,,,,,,,,,,,,,,,,,,,,,,,,,,,,,,,,,,,,,,,,,,,,,,,,,,,,
COF.AX,,,,,,,COF,CENTURIA OFFICE REIT,Real Estate,Equity Real Estate Investment Trusts (REITs),EQUITY,ASXListedCompanies.csv,,,,,,,,,,,,,,,,,,,,,,,,,,,,,,,,,,,,,,,,,,,,,,,,,,,,,,,,,
COG.AX,,,,,,,COG,COG FINANCIAL SERVICES LIMITED,Financials,Financial Services,EQUITY,ASXListedCompanies.csv,,,,,,,,,,,,,,,,,,,,,,,,,,,,,,,,,,,,,,,,,,,,,,,,,,,,,,,,,
COH.AX,,,,,,,COH,COCHLEAR LIMITED,Health Care,Health Care Equipment & Services,EQUITY,ASXListedCompanies.csv,,,,,,,,,,,,,,,,,,,,,,,,,,,,,,,,,,,,,,,,,,,,,,,,,,,,,,,,,
COI.AX,,,,,,,COI,COMET RIDGE LIMITED,Energy,Energy,EQUITY,ASXListedCompanies.csv,,,,,,,,,,,,,,,,,,,,,,,,,,,,,,,,,,,,,,,,,,,,,,,,,,,,,,,,,
COL.AX,,,,,,,COL,COLES GROUP LIMITED.,Consumer Staples,Consumer Staples Distribution & Retail,EQUITY,ASXListedCompanies.csv,,,,,,,,,,,,,,,,,,,,,,,,,,,,,,,,,,,,,,,,,,,,,,,,,,,,,,,,,
CORE.AX,,,,,,,CORE,Schroder Global Core Fund – Active ETF,,Spotlight ETP List,ETF/ETP,ASXInvestmentProductsMonthlyReport,,,,,,,,,,,,,,,,,,,,,,,,,,,,,,,,,,,,,,,,,,,,,,,,,,,,,,,,,
COS.AX,,,,,,,COS,COSOL LIMITED,Information Technology,Software & Services,EQUITY,ASXListedCompanies.csv,,,,,,,,,,,,,,,,,,,,,,,,,,,,,,,,,,,,,,,,,,,,,,,,,,,,,,,,,
COV.AX,,,,,,,COV,CLEO DIAGNOSTICS LTD,Health Care,"Pharmaceuticals, Biotechnology & Life Sciences",EQUITY,ASXListedCompanies.csv,,,,,,,,,,,,,,,,,,,,,,,,,,,,,,,,,,,,,,,,,,,,,,,,,,,,,,,,,
COY.AX,,,,,,,COY,COPPERMOLY LIMITED,Materials,Materials,EQUITY,ASXListedCompanies.csv,,,,,,,,,,,,,,,,,,,,,,,,,,,,,,,,,,,,,,,,,,,,,,,,,,,,,,,,,
CP8.AX,,,,,,,CP8,CANADIAN PHOSPHATE LIMITED,Materials,Materials,EQUITY,ASXListedCompanies.csv,,,,,,,,,,,,,,,,,,,,,,,,,,,,,,,,,,,,,,,,,,,,,,,,,,,,,,,,,
CPL.AX,,,,,,,CPL,CSL FINANCE PLC,,Not Applic,EQUITY,ASXListedCompanies.csv,,,,,,,,,,,,,,,,,,,,,,,,,,,,,,,,,,,,,,,,,,,,,,,,,,,,,,,,,
CPM.AX,,,,,,,CPM,COOPER METALS LIMITED,Materials,Materials,EQUITY,ASXListedCompanies.csv,,,,,,,,,,,,,,,,,,,,,,,,,,,,,,,,,,,,,,,,,,,,,,,,,,,,,,,,,
CPN.AX,,,,,,,CPN,CASPIN RESOURCES LIMITED,Materials,Materials,EQUITY,ASXListedCompanies.csv,,,,,,,,,,,,,,,,,,,,,,,,,,,,,,,,,,,,,,,,,,,,,,,,,,,,,,,,,
CPO.AX,,,,,,,CPO,CULPEO MINERALS LIMITED,Materials,Materials,EQUITY,ASXListedCompanies.csv,,,,,,,,,,,,,,,,,,,,,,,,,,,,,,,,,,,,,,,,,,,,,,,,,,,,,,,,,
CPU.AX,,,,,,,CPU,COMPUTERSHARE LIMITED.,Industrials,Commercial & Professional Services,EQUITY,ASXListedCompanies.csv,,,,,,,,,,,,,,,,,,,,,,,,,,,,,,,,,,,,,,,,,,,,,,,,,,,,,,,,,
CPV.AX,,,,,,,CPV,CLEARVUE TECHNOLOGIES LIMITED,Industrials,Capital Goods,EQUITY,ASXListedCompanies.csv,,,,,,,,,,,,,,,,,,,,,,,,,,,,,,,,,,,,,,,,,,,,,,,,,,,,,,,,,
CQE.AX,,,,,,,CQE,CHARTER HALL SOCIAL INFRASTRUCTURE REIT,Real Estate,Equity Real Estate Investment Trusts (REITs),EQUITY,ASXListedCompanies.csv,,,,,,,,,,,,,,,,,,,,,,,,,,,,,,,,,,,,,,,,,,,,,,,,,,,,,,,,,
CQR.AX,,,,,,,CQR,CHARTER HALL RETAIL REIT,Real Estate,Equity Real Estate Investment Trusts (REITs),EQUITY,ASXListedCompanies.csv,,,,,,,,,,,,,,,,,,,,,,,,,,,,,,,,,,,,,,,,,,,,,,,,,,,,,,,,,
CQT.AX,,,,,,,CQT,CONNEQT HEALTH LIMITED,Health Care,Health Care Equipment & Services,EQUITY,ASXListedCompanies.csv,,,,,,,,,,,,,,,,,,,,,,,,,,,,,,,,,,,,,,,,,,,,,,,,,,,,,,,,,
CR1.AX,,,,,,,CR1,CONSTELLATION RESOURCES LIMITED,Materials,Materials,EQUITY,ASXListedCompanies.csv,,,,,,,,,,,,,,,,,,,,,,,,,,,,,,,,,,,,,,,,,,,,,,,,,,,,,,,,,
CR3.AX,,,,,,,CR3,CORE ENERGY MINERALS LTD,Materials,Materials,EQUITY,ASXListedCompanies.csv,,,,,,,,,,,,,,,,,,,,,,,,,,,,,,,,,,,,,,,,,,,,,,,,,,,,,,,,,
CR9.AX,,,,,,,CR9,CORELLA RESOURCES LTD,Materials,Materials,EQUITY,ASXListedCompanies.csv,,,,,,,,,,,,,,,,,,,,,,,,,,,,,,,,,,,,,,,,,,,,,,,,,,,,,,,,,
CRB.AX,,,,,,,CRB,CARBINE RESOURCES LIMITED,Materials,Materials,EQUITY,ASXListedCompanies.csv,,,,,,,,,,,,,,,,,,,,,,,,,,,,,,,,,,,,,,,,,,,,,,,,,,,,,,,,,
CRD.AX,,,,,,,CRD,CONRAD ASIA ENERGY LTD.,Energy,Energy,EQUITY,ASXListedCompanies.csv,,,,,,,,,,,,,,,,,,,,,,,,,,,,,,,,,,,,,,,,,,,,,,,,,,,,,,,,,
CRED.AX,,,,,,,CRED,Betashares Australian Investment Grade Bond ETF,,Spotlight ETP List,ETF/ETP,ASXInvestmentProductsMonthlyReport,,,,,,,,,,,,,,,,,,,,,,,,,,,,,,,,,,,,,,,,,,,,,,,,,,,,,,,,,
CRI.AX,,,,,,,CRI,CRITICA LIMITED,Materials,Materials,EQUITY,ASXListedCompanies.csv,,,,,,,,,,,,,,,,,,,,,,,,,,,,,,,,,,,,,,,,,,,,,,,,,,,,,,,,,
CRN.AX,,,,,,,CRN,CORONADO GLOBAL RESOURCES INC.,Materials,Materials,EQUITY,ASXListedCompanies.csv,,,,,,,,,,,,,,,,,,,,,,,,,,,,,,,,,,,,,,,,,,,,,,,,,,,,,,,,,
CRR.AX,,,,,,,CRR,CRITICAL RESOURCES LIMITED,Materials,Materials,EQUITY,ASXListedCompanies.csv,,,,,,,,,,,,,,,,,,,,,,,,,,,,,,,,,,,,,,,,,,,,,,,,,,,,,,,,,
CRS.AX,,,,,,,CRS,CAPRICE RESOURCES LTD,Materials,Materials,EQUITY,ASXListedCompanies.csv,,,,,,,,,,,,,,,,,,,,,,,,,,,,,,,,,,,,,,,,,,,,,,,,,,,,,,,,,
CRYP.AX,,,,,,,CRYP,Betashares Crypto Innovators ETF,,Spotlight ETP List,ETF/ETP,ASXInvestmentProductsMonthlyReport,,,,,,,,,,,,,,,,,,,,,,,,,,,,,,,,,,,,,,,,,,,,,,,,,,,,,,,,,
CSC.AX,,,,,,,CSC,CAPSTONE COPPER CORP.,Materials,Materials,EQUITY,ASXListedCompanies.csv,,,,,,,,,,,,,,,,,,,,,,,,,,,,,,,,,,,,,,,,,,,,,,,,,,,,,,,,,
CSL.AX,,,,,,,CSL,CSL LIMITED,Health Care,"Pharmaceuticals, Biotechnology & Life Sciences",EQUITY,ASXListedCompanies.csv,,,,,,,,,,,,,,,,,,,,,,,,,,,,,,,,,,,,,,,,,,,,,,,,,,,,,,,,,
CST.AX,,,,,,,CST,CASTILE RESOURCES LTD,Materials,Materials,EQUITY,ASXListedCompanies.csv,,,,,,,,,,,,,,,,,,,,,,,,,,,,,,,,,,,,,,,,,,,,,,,,,,,,,,,,,
CSX.AX,,,,,,,CSX,CLEANSPACE HOLDINGS LIMITED,Health Care,Health Care Equipment & Services,EQUITY,ASXListedCompanies.csv,,,,,,,,,,,,,,,,,,,,,,,,,,,,,,,,,,,,,,,,,,,,,,,,,,,,,,,,,
CT1.AX,,,,,,,CT1,CONSTELLATION TECHNOLOGIES LIMITED,Information Technology,Technology Hardware & Equipment,EQUITY,ASXListedCompanies.csv,,,,,,,,,,,,,,,,,,,,,,,,,,,,,,,,,,,,,,,,,,,,,,,,,,,,,,,,,
CTD.AX,,,,,,,CTD,CORPORATE TRAVEL MANAGEMENT LIMITED,Consumer Discretionary,Consumer Services,EQUITY,ASXListedCompanies.csv,,,,,,,,,,,,,,,,,,,,,,,,,,,,,,,,,,,,,,,,,,,,,,,,,,,,,,,,,
CTE.AX,,,,,,,CTE,CRYOSITE LIMITED,Health Care,"Pharmaceuticals, Biotechnology & Life Sciences",EQUITY,ASXListedCompanies.csv,,,,,,,,,,,,,,,,,,,,,,,,,,,,,,,,,,,,,,,,,,,,,,,,,,,,,,,,,
CTM.AX,,,,,,,CTM,CENTAURUS METALS LIMITED,Materials,Materials,EQUITY,ASXListedCompanies.csv,,,,,,,,,,,,,,,,,,,,,,,,,,,,,,,,,,,,,,,,,,,,,,,,,,,,,,,,,
CTN.AX,,,,,,,CTN,CATALINA RESOURCES LTD,Materials,Materials,EQUITY,ASXListedCompanies.csv,,,,,,,,,,,,,,,,,,,,,,,,,,,,,,,,,,,,,,,,,,,,,,,,,,,,,,,,,
CTO.AX,,,,,,,CTO,CITIGOLD CORPORATION LIMITED,Materials,Materials,EQUITY,ASXListedCompanies.csv,,,,,,,,,,,,,,,,,,,,,,,,,,,,,,,,,,,,,,,,,,,,,,,,,,,,,,,,,
CTP.AX,,,,,,,CTP,CENTRAL PETROLEUM LIMITED,Energy,Energy,EQUITY,ASXListedCompanies.csv,,,,,,,,,,,,,,,,,,,,,,,,,,,,,,,,,,,,,,,,,,,,,,,,,,,,,,,,,
CTQ.AX,,,,,,,CTQ,CARETEQ LIMITED,Health Care,Health Care Equipment & Services,EQUITY,ASXListedCompanies.csv,,,,,,,,,,,,,,,,,,,,,,,,,,,,,,,,,,,,,,,,,,,,,,,,,,,,,,,,,
CTT.AX,,,,,,,CTT,CETTIRE LIMITED,Consumer Discretionary,Consumer Discretionary Distribution & Retail,EQUITY,ASXListedCompanies.csv,,,,,,,,,,,,,,,,,,,,,,,,,,,,,,,,,,,,,,,,,,,,,,,,,,,,,,,,,
CU6.AX,,,,,,,CU6,CLARITY PHARMACEUTICALS LTD,Health Care,"Pharmaceuticals, Biotechnology & Life Sciences",EQUITY,ASXListedCompanies.csv,,,,,,,,,,,,,,,,,,,,,,,,,,,,,,,,,,,,,,,,,,,,,,,,,,,,,,,,,
CUE.AX,,,,,,,CUE,CUE ENERGY RESOURCES LIMITED,Energy,Energy,EQUITY,ASXListedCompanies.csv,,,,,,,,,,,,,,,,,,,,,,,,,,,,,,,,,,,,,,,,,,,,,,,,,,,,,,,,,
CUF.AX,,,,,,,CUF,CUFE LTD,Materials,Materials,EQUITY,ASXListedCompanies.csv,,,,,,,,,,,,,,,,,,,,,,,,,,,,,,,,,,,,,,,,,,,,,,,,,,,,,,,,,
CUIV.AX,,,,,,,CUIV,CB GLBL Infrastructure Value Active ETF,,Spotlight ETP List,ETF/ETP,ASXInvestmentProductsMonthlyReport,,,,,,,,,,,,,,,,,,,,,,,,,,,,,,,,,,,,,,,,,,,,,,,,,,,,,,,,,
CUL.AX,,,,,,,CUL,CULLEN RESOURCES LIMITED,Materials,Materials,EQUITY,ASXListedCompanies.csv,,,,,,,,,,,,,,,,,,,,,,,,,,,,,,,,,,,,,,,,,,,,,,,,,,,,,,,,,
CUP.AX,,,,,,,CUP,COUNT LIMITED,Industrials,Commercial & Professional Services,EQUITY,ASXListedCompanies.csv,,,,,,,,,,,,,,,,,,,,,,,,,,,,,,,,,,,,,,,,,,,,,,,,,,,,,,,,,
CURE.AX,,,,,,,CURE,Global X S&P Biotech ETF,,Spotlight ETP List,ETF/ETP,ASXInvestmentProductsMonthlyReport,,,,,,,,,,,,,,,,,,,,,,,,,,,,,,,,,,,,,,,,,,,,,,,,,,,,,,,,,
CUV.AX,,,,,,,CUV,CLINUVEL PHARMACEUTICALS LIMITED,Health Care,"Pharmaceuticals, Biotechnology & Life Sciences",EQUITY,ASXListedCompanies.csv,,,,,,,,,,,,,,,,,,,,,,,,,,,,,,,,,,,,,,,,,,,,,,,,,,,,,,,,,
CVB.AX,,,,,,,CVB,CURVEBEAM AI LIMITED,Health Care,Health Care Equipment & Services,EQUITY,ASXListedCompanies.csv,,,,,,,,,,,,,,,,,,,,,,,,,,,,,,,,,,,,,,,,,,,,,,,,,,,,,,,,,
CVC.AX,,,,,,,CVC,CVC LIMITED,Financials,Financial Services,EQUITY,ASXListedCompanies.csv,,,,,,,,,,,,,,,,,,,,,,,,,,,,,,,,,,,,,,,,,,,,,,,,,,,,,,,,,
CVL.AX,,,,,,,CVL,CIVMEC LIMITED,Industrials,Capital Goods,EQUITY,ASXListedCompanies.csv,,,,,,,,,,,,,,,,,,,,,,,,,,,,,,,,,,,,,,,,,,,,,,,,,,,,,,,,,
CVN.AX,,,,,,,CVN,CARNARVON ENERGY LIMITED,Energy,Energy,EQUITY,ASXListedCompanies.csv,,,,,,,,,,,,,,,,,,,,,,,,,,,,,,,,,,,,,,,,,,,,,,,,,,,,,,,,,
CVR.AX,,,,,,,CVR,CAVALIER RESOURCES LIMITED,Materials,Materials,EQUITY,ASXListedCompanies.csv,,,,,,,,,,,,,,,,,,,,,,,,,,,,,,,,,,,,,,,,,,,,,,,,,,,,,,,,,
CVV.AX,,,,,,,CVV,CARAVEL MINERALS LIMITED,Materials,Materials,EQUITY,ASXListedCompanies.csv,,,,,,,,,,,,,,,,,,,,,,,,,,,,,,,,,,,,,,,,,,,,,,,,,,,,,,,,,
CVW.AX,,,,,,,CVW,CLEARVIEW WEALTH LIMITED,Financials,Insurance,EQUITY,ASXListedCompanies.csv,,,,,,,,,,,,,,,,,,,,,,,,,,,,,,,,,,,,,,,,,,,,,,,,,,,,,,,,,
CWP.AX,,,,,,,CWP,CEDAR WOODS PROPERTIES LIMITED,Real Estate,Real Estate Management & Development,EQUITY,ASXListedCompanies.csv,,,,,,,,,,,,,,,,,,,,,,,,,,,,,,,,,,,,,,,,,,,,,,,,,,,,,,,,,
CWY.AX,,,,,,,CWY,CLEANAWAY WASTE MANAGEMENT LIMITED,Industrials,Commercial & Professional Services,EQUITY,ASXListedCompanies.csv,,,,,,,,,,,,,,,,,,,,,,,,,,,,,,,,,,,,,,,,,,,,,,,,,,,,,,,,,
CXL.AX,,,,,,,CXL,CALIX LIMITED,Materials,Materials,EQUITY,ASXListedCompanies.csv,,,,,,,,,,,,,,,,,,,,,,,,,,,,,,,,,,,,,,,,,,,,,,,,,,,,,,,,,
CXO.AX,,,,,,,CXO,CORE LITHIUM LTD,Materials,Materials,EQUITY,ASXListedCompanies.csv,,,,,,,,,,,,,,,,,,,,,,,,,,,,,,,,,,,,,,,,,,,,,,,,,,,,,,,,,
CXU.AX,,,,,,,CXU,CAULDRON ENERGY LIMITED,Energy,Energy,EQUITY,ASXListedCompanies.csv,,,,,,,,,,,,,,,,,,,,,,,,,,,,,,,,,,,,,,,,,,,,,,,,,,,,,,,,,
CXZ.AX,,,,,,,CXZ,CONNEXION MOBILITY LTD,Information Technology,Software & Services,EQUITY,ASXListedCompanies.csv,,,,,,,,,,,,,,,,,,,,,,,,,,,,,,,,,,,,,,,,,,,,,,,,,,,,,,,,,
CY5.AX,,,,,,,CY5,CYGNUS METALS LIMITED,Materials,Materials,EQUITY,ASXListedCompanies.csv,,,,,,,,,,,,,,,,,,,,,,,,,,,,,,,,,,,,,,,,,,,,,,,,,,,,,,,,,
CYB.AX,,,,,,,CYB,AUCYBER LIMITED,Information Technology,Software & Services,EQUITY,ASXListedCompanies.csv,,,,,,,,,,,,,,,,,,,,,,,,,,,,,,,,,,,,,,,,,,,,,,,,,,,,,,,,,
CYC.AX,,,,,,,CYC,CYCLOPHARM LIMITED,Health Care,Health Care Equipment & Services,EQUITY,ASXListedCompanies.csv,,,,,,,,,,,,,,,,,,,,,,,,,,,,,,,,,,,,,,,,,,,,,,,,,,,,,,,,,
CYG.AX,,,,,,,CYG,COVENTRY GROUP LIMITED,Industrials,Capital Goods,EQUITY,ASXListedCompanies.csv,,,,,,,,,,,,,,,,,,,,,,,,,,,,,,,,,,,,,,,,,,,,,,,,,,,,,,,,,
CYL.AX,,,,,,,CYL,CATALYST METALS LIMITED,Materials,Materials,EQUITY,ASXListedCompanies.csv,,,,,,,,,,,,,,,,,,,,,,,,,,,,,,,,,,,,,,,,,,,,,,,,,,,,,,,,,
CYM.AX,,,,,,,CYM,CYPRIUM METALS LIMITED,Materials,Materials,EQUITY,ASXListedCompanies.csv,,,,,,,,,,,,,,,,,,,,,,,,,,,,,,,,,,,,,,,,,,,,,,,,,,,,,,,,,
CYP.AX,,,,,,,CYP,CYNATA THERAPEUTICS LIMITED,Health Care,"Pharmaceuticals, Biotechnology & Life Sciences",EQUITY,ASXListedCompanies.csv,,,,,,,,,,,,,,,,,,,,,,,,,,,,,,,,,,,,,,,,,,,,,,,,,,,,,,,,,
CYQ.AX,,,,,,,CYQ,CYCLIQ GROUP LTD,Consumer Discretionary,Consumer Durables & Apparel,EQUITY,ASXListedCompanies.csv,,,,,,,,,,,,,,,,,,,,,,,,,,,,,,,,,,,,,,,,,,,,,,,,,,,,,,,,,
CZN.AX,,,,,,,CZN,CORAZON MINING LIMITED,Materials,Materials,EQUITY,ASXListedCompanies.csv,,,,,,,,,,,,,,,,,,,,,,,,,,,,,,,,,,,,,,,,,,,,,,,,,,,,,,,,,
CZR.AX,,,,,,,CZR,CZR RESOURCES LTD,Materials,Materials,EQUITY,ASXListedCompanies.csv,,,,,,,,,,,,,,,,,,,,,,,,,,,,,,,,,,,,,,,,,,,,,,,,,,,,,,,,,
D10.AX,,,,,,,D10,DRIVER AUSTRALIA TEN TRUST,,Not Applic,EQUITY,ASXListedCompanies.csv,,,,,,,,,,,,,,,,,,,,,,,,,,,,,,,,,,,,,,,,,,,,,,,,,,,,,,,,,
D3E.AX,,,,,,,D3E,D3 ENERGY LIMITED,Energy,Energy,EQUITY,ASXListedCompanies.csv,,,,,,,,,,,,,,,,,,,,,,,,,,,,,,,,,,,,,,,,,,,,,,,,,,,,,,,,,
DA8.AX,,,,,,,DA8,DRIVER AUSTRALIA EIGHT TRUST,,Not Applic,EQUITY,ASXListedCompanies.csv,,,,,,,,,,,,,,,,,,,,,,,,,,,,,,,,,,,,,,,,,,,,,,,,,,,,,,,,,
DA9.AX,,,,,,,DA9,DRIVER AUSTRALIA NINE TRUST,,Not Applic,EQUITY,ASXListedCompanies.csv,,,,,,,,,,,,,,,,,,,,,,,,,,,,,,,,,,,,,,,,,,,,,,,,,,,,,,,,,
DACE.AX,,,,,,,DACE,Dimensional Australian Core Equity Trust – Active ETF,,Spotlight ETP List,ETF/ETP,ASXInvestmentProductsMonthlyReport,,,,,,,,,,,,,,,,,,,,,,,,,,,,,,,,,,,,,,,,,,,,,,,,,,,,,,,,,
DAF.AX,,,,,,,DAF,DISCOVERY ALASKA LIMITED,Materials,Materials,EQUITY,ASXListedCompanies.csv,,,,,,,,,,,,,,,,,,,,,,,,,,,,,,,,,,,,,,,,,,,,,,,,,,,,,,,,,
DAI.AX,,,,,,,DAI,DECIDR AI INDUSTRIES LTD,Consumer Staples,"Food, Beverage & Tobacco",EQUITY,ASXListedCompanies.csv,,,,,,,,,,,,,,,,,,,,,,,,,,,,,,,,,,,,,,,,,,,,,,,,,,,,,,,,,
DAL.AX,,,,,,,DAL,DALAROO METALS LTD,Materials,Materials,EQUITY,ASXListedCompanies.csv,,,,,,,,,,,,,,,,,,,,,,,,,,,,,,,,,,,,,,,,,,,,,,,,,,,,,,,,,
DAM.AX,,,,,,,DAM,DRIVER AUSTRALIA MASTER TRUST,,Not Applic,EQUITY,ASXListedCompanies.csv,,,,,,,,,,,,,,,,,,,,,,,,,,,,,,,,,,,,,,,,,,,,,,,,,,,,,,,,,
DAOR.AX,,,,,,,DAOR,Aoris Int Fund (Class D) (Hedged) Active ETF,,Spotlight ETP List,ETF/ETP,ASXInvestmentProductsMonthlyReport,,,,,,,,,,,,,,,,,,,,,,,,,,,,,,,,,,,,,,,,,,,,,,,,,,,,,,,,,
DAT.AX,,,,,,,DAT,DRIVER AUSTRALIA SEVEN TRUST,,Not Applic,EQUITY,ASXListedCompanies.csv,,,,,,,,,,,,,,,,,,,,,,,,,,,,,,,,,,,,,,,,,,,,,,,,,,,,,,,,,
DAVA.AX,,,,,,,DAVA,Dimensional Australian Value Trust - Active ETF,,Spotlight ETP List,ETF/ETP,ASXInvestmentProductsMonthlyReport,,,,,,,,,,,,,,,,,,,,,,,,,,,,,,,,,,,,,,,,,,,,,,,,,,,,,,,,,
DBBF.AX,,,,,,,DBBF,Betashares Ethical Diversified Balanced ETF,,Spotlight ETP List,ETF/ETP,ASXInvestmentProductsMonthlyReport,,,,,,,,,,,,,,,,,,,,,,,,,,,,,,,,,,,,,,,,,,,,,,,,,,,,,,,,,
DBF.AX,,,,,,,DBF,DUXTON FARMS LTD,Consumer Staples,"Food, Beverage & Tobacco",EQUITY,ASXListedCompanies.csv,,,,,,,,,,,,,,,,,,,,,,,,,,,,,,,,,,,,,,,,,,,,,,,,,,,,,,,,,
DBI.AX,,,,,,,DBI,DALRYMPLE BAY INFRASTRUCTURE LIMITED,Industrials,Transportation,EQUITY,ASXListedCompanies.csv,,,,,,,,,,,,,,,,,,,,,,,,,,,,,,,,,,,,,,,,,,,,,,,,,,,,,,,,,
DBO.AX,,,,,,,DBO,DIABLO RESOURCES LIMITED,Materials,Materials,EQUITY,ASXListedCompanies.csv,,,,,,,,,,,,,,,,,,,,,,,,,,,,,,,,,,,,,,,,,,,,,,,,,,,,,,,,,
DCC.AX,,,,,,,DCC,DIGITALX LIMITED,Information Technology,Software & Services,EQUITY,ASXListedCompanies.csv,,,,,,,,,,,,,,,,,,,,,,,,,,,,,,,,,,,,,,,,,,,,,,,,,,,,,,,,,
DCOR.AX,,,,,,,DCOR,Daintree Core Income Active ETF,,Spotlight ETP List,ETF/ETP,ASXInvestmentProductsMonthlyReport,,,,,,,,,,,,,,,,,,,,,,,,,,,,,,,,,,,,,,,,,,,,,,,,,,,,,,,,,
DDR.AX,,,,,,,DDR,DICKER DATA LIMITED,Information Technology,Technology Hardware & Equipment,EQUITY,ASXListedCompanies.csv,,,,,,,,,,,,,,,,,,,,,,,,,,,,,,,,,,,,,,,,,,,,,,,,,,,,,,,,,
DDT.AX,,,,,,,DDT,DATADOT TECHNOLOGY LIMITED,Consumer Discretionary,Automobiles & Components,EQUITY,ASXListedCompanies.csv,,,,,,,,,,,,,,,,,,,,,,,,,,,,,,,,,,,,,,,,,,,,,,,,,,,,,,,,,
DEL.AX,,,,,,,DEL,DELOREAN CORPORATION LIMITED,Utilities,Utilities,EQUITY,ASXListedCompanies.csv,,,,,,,,,,,,,,,,,,,,,,,,,,,,,,,,,,,,,,,,,,,,,,,,,,,,,,,,,
DEM.AX,,,,,,,DEM,DE.MEM LIMITED,Utilities,Utilities,EQUITY,ASXListedCompanies.csv,,,,,,,,,,,,,,,,,,,,,,,,,,,,,,,,,,,,,,,,,,,,,,,,,,,,,,,,,
DES.AX,,,,,,,DES,DESOTO RESOURCES LIMITED,Materials,Materials,EQUITY,ASXListedCompanies.csv,,,,,,,,,,,,,,,,,,,,,,,,,,,,,,,,,,,,,,,,,,,,,,,,,,,,,,,,,
DEV.AX,,,,,,,DEV,DEVEX RESOURCES LIMITED,Energy,Energy,EQUITY,ASXListedCompanies.csv,,,,,,,,,,,,,,,,,,,,,,,,,,,,,,,,,,,,,,,,,,,,,,,,,,,,,,,,,
DFGH.AX,,,,,,,DFGH,Dimensional Global Core Equity Trust (AUD Hedged Class) – Active ETF,,Spotlight ETP List,ETF/ETP,ASXInvestmentProductsMonthlyReport,,,,,,,,,,,,,,,,,,,,,,,,,,,,,,,,,,,,,,,,,,,,,,,,,,,,,,,,,
DFND.AX,,,,,,,DFND,VanEck Global Defence ETF,,Spotlight ETP List,ETF/ETP,ASXInvestmentProductsMonthlyReport,,,,,,,,,,,,,,,,,,,,,,,,,,,,,,,,,,,,,,,,,,,,,,,,,,,,,,,,,
DGCE.AX,,,,,,,DGCE,Dimensional Global Core Equity Trust (Unhedged Class) – Active ETF,,Spotlight ETP List,ETF/ETP,ASXInvestmentProductsMonthlyReport,,,,,,,,,,,,,,,,,,,,,,,,,,,,,,,,,,,,,,,,,,,,,,,,,,,,,,,,,
DGGF.AX,,,,,,,DGGF,Betashares Ethical Diversified Growth ETF,,Spotlight ETP List,ETF/ETP,ASXInvestmentProductsMonthlyReport,,,,,,,,,,,,,,,,,,,,,,,,,,,,,,,,,,,,,,,,,,,,,,,,,,,,,,,,,
DGH.AX,,,,,,,DGH,DESANE GROUP HOLDINGS LIMITED,Real Estate,Real Estate Management & Development,EQUITY,ASXListedCompanies.csv,,,,,,,,,,,,,,,,,,,,,,,,,,,,,,,,,,,,,,,,,,,,,,,,,,,,,,,,,
DGL.AX,,,,,,,DGL,DGL GROUP LIMITED,Materials,Materials,EQUITY,ASXListedCompanies.csv,,,,,,,,,,,,,,,,,,,,,,,,,,,,,,,,,,,,,,,,,,,,,,,,,,,,,,,,,
DGR.AX,,,,,,,DGR,DGR GLOBAL LIMITED,Materials,Materials,EQUITY,ASXListedCompanies.csv,,,,,,,,,,,,,,,,,,,,,,,,,,,,,,,,,,,,,,,,,,,,,,,,,,,,,,,,,
DGSM.AX,,,,,,,DGSM,Dimensional Global Small Company - Active ETF,,Spotlight ETP List,ETF/ETP,ASXInvestmentProductsMonthlyReport,,,,,,,,,,,,,,,,,,,,,,,,,,,,,,,,,,,,,,,,,,,,,,,,,,,,,,,,,
DGT.AX,,,,,,,DGT,DIGICO INFRASTRUCTURE REIT,,Class Pend,EQUITY,ASXListedCompanies.csv,,,,,,,,,,,,,,,,,,,,,,,,,,,,,,,,,,,,,,,,,,,,,,,,,,,,,,,,,
DGVA.AX,,,,,,,DGVA,Dimensional Global Value Trust - Active ETF,,Spotlight ETP List,ETF/ETP,ASXInvestmentProductsMonthlyReport,,,,,,,,,,,,,,,,,,,,,,,,,,,,,,,,,,,,,,,,,,,,,,,,,,,,,,,,,
DHHF.AX,,,,,,,DHHF,Betashares Diversified All Growth ETF,,Spotlight ETP List,ETF/ETP,ASXInvestmentProductsMonthlyReport,,,,,,,,,,,,,,,,,,,,,,,,,,,,,,,,,,,,,,,,,,,,,,,,,,,,,,,,,
DHOF.AX,,,,,,,DHOF,Daintree Hybrid Opportunities Active ETF,,Spotlight ETP List,ETF/ETP,ASXInvestmentProductsMonthlyReport,,,,,,,,,,,,,,,,,,,,,,,,,,,,,,,,,,,,,,,,,,,,,,,,,,,,,,,,,
DIFF.AX,,,,,,,DIFF,Perpetual Diversified Income Active ETF,,Spotlight ETP List,ETF/ETP,ASXInvestmentProductsMonthlyReport,,,,,,,,,,,,,,,,,,,,,,,,,,,,,,,,,,,,,,,,,,,,,,,,,,,,,,,,,
DIVI.AX,,,,,,,DIVI,Ausbil Active Dividend Income Fund - Active ETF,,Spotlight ETP List,ETF/ETP,ASXInvestmentProductsMonthlyReport,,,,,,,,,,,,,,,,,,,,,,,,,,,,,,,,,,,,,,,,,,,,,,,,,,,,,,,,,
DJRE.AX,,,,,,,DJRE,SPDR Dow Jones Global Real Estate ESG Tilted ETF,,Spotlight ETP List,ETF/ETP,ASXInvestmentProductsMonthlyReport,,,,,,,,,,,,,,,,,,,,,,,,,,,,,,,,,,,,,,,,,,,,,,,,,,,,,,,,,
DJW.AX,,,,,,,DJW,DJERRIWARRH INVESTMENTS LIMITED,,Not Applic,EQUITY,ASXListedCompanies.csv,,,,,,,,,,,,,,,,,,,,,,,,,,,,,,,,,,,,,,,,,,,,,,,,,,,,,,,,,
DKM.AX,,,,,,,DKM,DUKETON MINING LIMITED,Materials,Materials,EQUITY,ASXListedCompanies.csv,,,,,,,,,,,,,,,,,,,,,,,,,,,,,,,,,,,,,,,,,,,,,,,,,,,,,,,,,
DLI.AX,,,,,,,DLI,DELTA LITHIUM LIMITED,Materials,Materials,EQUITY,ASXListedCompanies.csv,,,,,,,,,,,,,,,,,,,,,,,,,,,,,,,,,,,,,,,,,,,,,,,,,,,,,,,,,
DM1.AX,,,,,,,DM1,DESERT METALS LIMITED,Materials,Materials,EQUITY,ASXListedCompanies.csv,,,,,,,,,,,,,,,,,,,,,,,,,,,,,,,,,,,,,,,,,,,,,,,,,,,,,,,,,
DME.AX,,,,,,,DME,DOME GOLD MINES LIMITED,Materials,Materials,EQUITY,ASXListedCompanies.csv,,,,,,,,,,,,,,,,,,,,,,,,,,,,,,,,,,,,,,,,,,,,,,,,,,,,,,,,,
DMG.AX,,,,,,,DMG,DRAGON MOUNTAIN GOLD LIMITED,Materials,Materials,EQUITY,ASXListedCompanies.csv,,,,,,,,,,,,,,,,,,,,,,,,,,,,,,,,,,,,,,,,,,,,,,,,,,,,,,,,,
DMN.AX,,,,,,,DMN,DOMINION INVESTMENT GROUP LIMITED,,Not Applic,EQUITY,ASXListedCompanies.csv,,,,,,,,,,,,,,,,,,,,,,,,,,,,,,,,,,,,,,,,,,,,,,,,,,,,,,,,,
DMP.AX,,,,,,,DMP,DOMINO'S PIZZA ENTERPRISES LIMITED,Consumer Discretionary,Consumer Services,EQUITY,ASXListedCompanies.csv,,,,,,,,,,,,,,,,,,,,,,,,,,,,,,,,,,,,,,,,,,,,,,,,,,,,,,,,,
DN1.AX,,,,,,,DN1,DOMINION INCOME TRUST 1,,Not Applic,EQUITY,ASXListedCompanies.csv,,,,,,,,,,,,,,,,,,,,,,,,,,,,,,,,,,,,,,,,,,,,,,,,,,,,,,,,,
DNL.AX,,,,,,,DNL,DYNO NOBEL LIMITED.,Materials,Materials,EQUITY,ASXListedCompanies.csv,,,,,,,,,,,,,,,,,,,,,,,,,,,,,,,,,,,,,,,,,,,,,,,,,,,,,,,,,
DOC.AX,,,,,,,DOC,DOCTOR CARE ANYWHERE GROUP PLC,Health Care,Health Care Equipment & Services,EQUITY,ASXListedCompanies.csv,,,,,,,,,,,,,,,,,,,,,,,,,,,,,,,,,,,,,,,,,,,,,,,,,,,,,,,,,
DOW.AX,,,,,,,DOW,DOWNER EDI LIMITED,Industrials,Commercial & Professional Services,EQUITY,ASXListedCompanies.csv,,,,,,,,,,,,,,,,,,,,,,,,,,,,,,,,,,,,,,,,,,,,,,,,,,,,,,,,,
DPM.AX,,,,,,,DPM,DPM METALS INC.,Materials,Materials,EQUITY,ASXListedCompanies.csv,,,,,,,,,,,,,,,,,,,,,,,,,,,,,,,,,,,,,,,,,,,,,,,,,,,,,,,,,
DRE.AX,,,,,,,DRE,DREADNOUGHT RESOURCES LTD,Materials,Materials,EQUITY,ASXListedCompanies.csv,,,,,,,,,,,,,,,,,,,,,,,,,,,,,,,,,,,,,,,,,,,,,,,,,,,,,,,,,
DRGN.AX,,,,,,,DRGN,Global X China Tech ETF,,Spotlight ETP List,ETF/ETP,ASXInvestmentProductsMonthlyReport,,,,,,,,,,,,,,,,,,,,,,,,,,,,,,,,,,,,,,,,,,,,,,,,,,,,,,,,,
DRIV.AX,,,,,,,DRIV,Betashares Electric Vehicles and Future Mobility ETF,,Spotlight ETP List,ETF/ETP,ASXInvestmentProductsMonthlyReport,,,,,,,,,,,,,,,,,,,,,,,,,,,,,,,,,,,,,,,,,,,,,,,,,,,,,,,,,
DRO.AX,,,,,,,DRO,DRONESHIELD LIMITED,Industrials,Capital Goods,EQUITY,ASXListedCompanies.csv,,,,,,,,,,,,,,,,,,,,,,,,,,,,,,,,,,,,,,,,,,,,,,,,,,,,,,,,,
DRR.AX,,,,,,,DRR,DETERRA ROYALTIES LIMITED,Materials,Materials,EQUITY,ASXListedCompanies.csv,,,,,,,,,,,,,,,,,,,,,,,,,,,,,,,,,,,,,,,,,,,,,,,,,,,,,,,,,
DRUG.AX,,,,,,,DRUG,Betashares Global Healthcare ETF - Currency Hedged,,Spotlight ETP List,ETF/ETP,ASXInvestmentProductsMonthlyReport,,,,,,,,,,,,,,,,,,,,,,,,,,,,,,,,,,,,,,,,,,,,,,,,,,,,,,,,,
DRX.AX,,,,,,,DRX,DIATREME RESOURCES LIMITED,Materials,Materials,EQUITY,ASXListedCompanies.csv,,,,,,,,,,,,,,,,,,,,,,,,,,,,,,,,,,,,,,,,,,,,,,,,,,,,,,,,,
DSK.AX,,,,,,,DSK,DUSK GROUP LIMITED,Consumer Discretionary,Consumer Discretionary Distribution & Retail,EQUITY,ASXListedCompanies.csv,,,,,,,,,,,,,,,,,,,,,,,,,,,,,,,,,,,,,,,,,,,,,,,,,,,,,,,,,
DSM.AX,,,,,,,DSM,DESERT MINERALS LTD,Materials,Materials,EQUITY,ASXListedCompanies.csv,,,,,,,,,,,,,,,,,,,,,,,,,,,,,,,,,,,,,,,,,,,,,,,,,,,,,,,,,
DTEC.AX,,,,,,,DTEC,Global X Defence Tech ETF,,Spotlight ETP List,ETF/ETP,ASXInvestmentProductsMonthlyReport,,,,,,,,,,,,,,,,,,,,,,,,,,,,,,,,,,,,,,,,,,,,,,,,,,,,,,,,,
DTI.AX,,,,,,,DTI,DTI GROUP LTD,Information Technology,Technology Hardware & Equipment,EQUITY,ASXListedCompanies.csv,,,,,,,,,,,,,,,,,,,,,,,,,,,,,,,,,,,,,,,,,,,,,,,,,,,,,,,,,
DTL.AX,,,,,,,DTL,DATA#3 LIMITED,Information Technology,Software & Services,EQUITY,ASXListedCompanies.csv,,,,,,,,,,,,,,,,,,,,,,,,,,,,,,,,,,,,,,,,,,,,,,,,,,,,,,,,,
DTM.AX,,,,,,,DTM,DART MINING NL,Materials,Materials,EQUITY,ASXListedCompanies.csv,,,,,,,,,,,,,,,,,,,,,,,,,,,,,,,,,,,,,,,,,,,,,,,,,,,,,,,,,
DTR.AX,,,,,,,DTR,DATELINE RESOURCES LIMITED,Materials,Materials,EQUITY,ASXListedCompanies.csv,,,,,,,,,,,,,,,,,,,,,,,,,,,,,,,,,,,,,,,,,,,,,,,,,,,,,,,,,
DTZ.AX,,,,,,,DTZ,DOTZ NANO LIMITED,Information Technology,Technology Hardware & Equipment,EQUITY,ASXListedCompanies.csv,,,,,,,,,,,,,,,,,,,,,,,,,,,,,,,,,,,,,,,,,,,,,,,,,,,,,,,,,
DUB.AX,,,,,,,DUB,DUBBER CORPORATION LIMITED,Information Technology,Software & Services,EQUITY,ASXListedCompanies.csv,,,,,,,,,,,,,,,,,,,,,,,,,,,,,,,,,,,,,,,,,,,,,,,,,,,,,,,,,
DUG.AX,,,,,,,DUG,DUG TECHNOLOGY LTD,Information Technology,Software & Services,EQUITY,ASXListedCompanies.csv,,,,,,,,,,,,,,,,,,,,,,,,,,,,,,,,,,,,,,,,,,,,,,,,,,,,,,,,,
DUI.AX,,,,,,,DUI,DIVERSIFIED UNITED INVESTMENT LIMITED,,Not Applic,EQUITY,ASXListedCompanies.csv,,,,,,,,,,,,,,,,,,,,,,,,,,,,,,,,,,,,,,,,,,,,,,,,,,,,,,,,,
DUN.AX,,,,,,,DUN,DUNDAS MINERALS LIMITED,Materials,Materials,EQUITY,ASXListedCompanies.csv,,,,,,,,,,,,,,,,,,,,,,,,,,,,,,,,,,,,,,,,,,,,,,,,,,,,,,,,,
DUR.AX,,,,,,,DUR,DURATEC LIMITED,Industrials,Capital Goods,EQUITY,ASXListedCompanies.csv,,,,,,,,,,,,,,,,,,,,,,,,,,,,,,,,,,,,,,,,,,,,,,,,,,,,,,,,,
DVDY.AX,,,,,,,DVDY,VanEck Morningstar Australian Moat Income ETF,,Spotlight ETP List,ETF/ETP,ASXInvestmentProductsMonthlyReport,,,,,,,,,,,,,,,,,,,,,,,,,,,,,,,,,,,,,,,,,,,,,,,,,,,,,,,,,
DVL.AX,,,,,,,DVL,DORSAVI LTD,Health Care,"Pharmaceuticals, Biotechnology & Life Sciences",EQUITY,ASXListedCompanies.csv,,,,,,,,,,,,,,,,,,,,,,,,,,,,,,,,,,,,,,,,,,,,,,,,,,,,,,,,,
DVP.AX,,,,,,,DVP,DEVELOP GLOBAL LIMITED,Materials,Materials,EQUITY,ASXListedCompanies.csv,,,,,,,,,,,,,,,,,,,,,,,,,,,,,,,,,,,,,,,,,,,,,,,,,,,,,,,,,
DWG.AX,,,,,,,DWG,DATAWORKS GROUP LIMITED,Information Technology,Software & Services,EQUITY,ASXListedCompanies.csv,,,,,,,,,,,,,,,,,,,,,,,,,,,,,,,,,,,,,,,,,,,,,,,,,,,,,,,,,
DXA.AX,,,,,,,DXA,CAISSE FRANCAISE DE FINANCEMENT LOCAL,,Not Applic,EQUITY,ASXListedCompanies.csv,,,,,,,,,,,,,,,,,,,,,,,,,,,,,,,,,,,,,,,,,,,,,,,,,,,,,,,,,
DXB.AX,,,,,,,DXB,DIMERIX LIMITED,Health Care,"Pharmaceuticals, Biotechnology & Life Sciences",EQUITY,ASXListedCompanies.csv,,,,,,,,,,,,,,,,,,,,,,,,,,,,,,,,,,,,,,,,,,,,,,,,,,,,,,,,,
DXC.AX,,,,,,,DXC,DEXUS CONVENIENCE RETAIL REIT,Real Estate,Equity Real Estate Investment Trusts (REITs),EQUITY,ASXListedCompanies.csv,,,,,,,,,,,,,,,,,,,,,,,,,,,,,,,,,,,,,,,,,,,,,,,,,,,,,,,,,
DXI.AX,,,,,,,DXI,DEXUS INDUSTRIA REIT.,Real Estate,Equity Real Estate Investment Trusts (REITs),EQUITY,ASXListedCompanies.csv,,,,,,,,,,,,,,,,,,,,,,,,,,,,,,,,,,,,,,,,,,,,,,,,,,,,,,,,,
DXN.AX,,,,,,,DXN,DXN LIMITED,Information Technology,Software & Services,EQUITY,ASXListedCompanies.csv,,,,,,,,,,,,,,,,,,,,,,,,,,,,,,,,,,,,,,,,,,,,,,,,,,,,,,,,,
DXS.AX,,,,,,,DXS,DEXUS,Real Estate,Equity Real Estate Investment Trusts (REITs),EQUITY,ASXListedCompanies.csv,,,,,,,,,,,,,,,,,,,,,,,,,,,,,,,,,,,,,,,,,,,,,,,,,,,,,,,,,
DYL.AX,,,,,,,DYL,DEEP YELLOW LIMITED,Energy,Energy,EQUITY,ASXListedCompanies.csv,,,,,,,,,,,,,,,,,,,,,,,,,,,,,,,,,,,,,,,,,,,,,,,,,,,,,,,,,
DYM.AX,,,,,,,DYM,DYNAMIC METALS LIMITED,Materials,Materials,EQUITY,ASXListedCompanies.csv,,,,,,,,,,,,,,,,,,,,,,,,,,,,,,,,,,,,,,,,,,,,,,,,,,,,,,,,,
DZZF.AX,,,,,,,DZZF,Betashares Ethical High Growth ETF,,Spotlight ETP List,ETF/ETP,ASXInvestmentProductsMonthlyReport,,,,,,,,,,,,,,,,,,,,,,,,,,,,,,,,,,,,,,,,,,,,,,,,,,,,,,,,,
E200.AX,,,,,,,E200,SPDR S&P/ASX 200 ESG ETF,,Spotlight ETP List,ETF/ETP,ASXInvestmentProductsMonthlyReport,,,,,,,,,,,,,,,,,,,,,,,,,,,,,,,,,,,,,,,,,,,,,,,,,,,,,,,,,
E25.AX,,,,,,,E25,ELEMENT 25 LIMITED,Materials,Materials,EQUITY,ASXListedCompanies.csv,,,,,,,,,,,,,,,,,,,,,,,,,,,,,,,,,,,,,,,,,,,,,,,,,,,,,,,,,
E79.AX,,,,,,,E79,E79 GOLD MINES LIMITED,Materials,Materials,EQUITY,ASXListedCompanies.csv,,,,,,,,,,,,,,,,,,,,,,,,,,,,,,,,,,,,,,,,,,,,,,,,,,,,,,,,,
EAFZ.AX,,,,,,,EAFZ,Ellerston Asia Growth Fund Complex ETF,,Spotlight ETP List,ETF/ETP,ASXInvestmentProductsMonthlyReport,,,,,,,,,,,,,,,,,,,,,,,,,,,,,,,,,,,,,,,,,,,,,,,,,,,,,,,,,
EARN.AX,,,,,,,EARN,PIMCO Short Term Active Yield Active ETF,,Spotlight ETP List,ETF/ETP,ASXInvestmentProductsMonthlyReport,,,,,,,,,,,,,,,,,,,,,,,,,,,,,,,,,,,,,,,,,,,,,,,,,,,,,,,,,
EAX.AX,,,,,,,EAX,ENERGY ACTION LIMITED,Industrials,Commercial & Professional Services,EQUITY,ASXListedCompanies.csv,,,,,,,,,,,,,,,,,,,,,,,,,,,,,,,,,,,,,,,,,,,,,,,,,,,,,,,,,
EBND.AX,,,,,,,EBND,VanEck Vectors Emerging Income Opportunities Active ETF,,Spotlight ETP List,ETF/ETP,ASXInvestmentProductsMonthlyReport,,,,,,,,,,,,,,,,,,,,,,,,,,,,,,,,,,,,,,,,,,,,,,,,,,,,,,,,,
EBO.AX,,,,,,,EBO,EBOS GROUP LIMITED,Health Care,Health Care Equipment & Services,EQUITY,ASXListedCompanies.csv,,,,,,,,,,,,,,,,,,,,,,,,,,,,,,,,,,,,,,,,,,,,,,,,,,,,,,,,,
EBR.AX,,,,,,,EBR,EBR SYSTEMS INC.,Health Care,Health Care Equipment & Services,EQUITY,ASXListedCompanies.csv,,,,,,,,,,,,,,,,,,,,,,,,,,,,,,,,,,,,,,,,,,,,,,,,,,,,,,,,,
ECF.AX,,,,,,,ECF,Elanor Commercial Property Fund,,Spotlight A-REITS  List,ETF/ETP,ASXInvestmentProductsMonthlyReport,,,,,,,,,,,,,,,,,,,,,,,,,,,,,,,,,,,,,,,,,,,,,,,,,,,,,,,,,
ECH.AX,,,,,,,ECH,ECHELON RESOURCES LIMITED,Energy,Energy,EQUITY,ASXListedCompanies.csv,,,,,,,,,,,,,,,,,,,,,,,,,,,,,,,,,,,,,,,,,,,,,,,,,,,,,,,,,
ECL.AX,,,,,,,ECL,EXCELSIOR CAPITAL LTD,Industrials,Capital Goods,EQUITY,ASXListedCompanies.csv,,,,,,,,,,,,,,,,,,,,,,,,,,,,,,,,,,,,,,,,,,,,,,,,,,,,,,,,,
ECP.AX,,,,,,,ECP,ECP EMERGING GROWTH LIMITED,,Not Applic,EQUITY,ASXListedCompanies.csv,,,,,,,,,,,,,,,,,,,,,,,,,,,,,,,,,,,,,,,,,,,,,,,,,,,,,,,,,
ECRD.AX,,,,,,,ECRD,Betashares Enhanced Credit (Geared) Complex ETF,,Spotlight ETP List,ETF/ETP,ASXInvestmentProductsMonthlyReport,,,,,,,,,,,,,,,,,,,,,,,,,,,,,,,,,,,,,,,,,,,,,,,,,,,,,,,,,
ECS.AX,,,,,,,ECS,ECS BOTANICS HOLDINGS LTD,Health Care,"Pharmaceuticals, Biotechnology & Life Sciences",EQUITY,ASXListedCompanies.csv,,,,,,,,,,,,,,,,,,,,,,,,,,,,,,,,,,,,,,,,,,,,,,,,,,,,,,,,,
ECT.AX,,,,,,,ECT,ENVIRONMENTAL CLEAN TECHNOLOGIES LIMITED.,Industrials,Commercial & Professional Services,EQUITY,ASXListedCompanies.csv,,,,,,,,,,,,,,,,,,,,,,,,,,,,,,,,,,,,,,,,,,,,,,,,,,,,,,,,,
EDE.AX,,,,,,,EDE,EDEN INNOVATIONS LTD,Energy,Energy,EQUITY,ASXListedCompanies.csv,,,,,,,,,,,,,,,,,,,,,,,,,,,,,,,,,,,,,,,,,,,,,,,,,,,,,,,,,
EDU.AX,,,,,,,EDU,EDU HOLDINGS LIMITED,Consumer Discretionary,Consumer Services,EQUITY,ASXListedCompanies.csv,,,,,,,,,,,,,,,,,,,,,,,,,,,,,,,,,,,,,,,,,,,,,,,,,,,,,,,,,
EDV.AX,,,,,,,EDV,ENDEAVOUR GROUP LIMITED,Consumer Staples,Consumer Staples Distribution & Retail,EQUITY,ASXListedCompanies.csv,,,,,,,,,,,,,,,,,,,,,,,,,,,,,,,,,,,,,,,,,,,,,,,,,,,,,,,,,
EE1.AX,,,,,,,EE1,EARTHS ENERGY LIMITED,Materials,Materials,EQUITY,ASXListedCompanies.csv,,,,,,,,,,,,,,,,,,,,,,,,,,,,,,,,,,,,,,,,,,,,,,,,,,,,,,,,,
EFE.AX,,,,,,,EFE,EASTERN RESOURCES LIMITED,Materials,Materials,EQUITY,ASXListedCompanies.csv,,,,,,,,,,,,,,,,,,,,,,,,,,,,,,,,,,,,,,,,,,,,,,,,,,,,,,,,,
EG1.AX,,,,,,,EG1,EVERGOLD MINERALS LIMITED,Materials,Materials,EQUITY,ASXListedCompanies.csv,,,,,,,,,,,,,,,,,,,,,,,,,,,,,,,,,,,,,,,,,,,,,,,,,,,,,,,,,
EGA.AX,,,,,,,EGA,EASTERN GAS CORPORATION LIMITED,Energy,Energy,EQUITY,ASXListedCompanies.csv,,,,,,,,,,,,,,,,,,,,,,,,,,,,,,,,,,,,,,,,,,,,,,,,,,,,,,,,,
EGG.AX,,,,,,,EGG,ENERO GROUP LIMITED,Communication Services,Media & Entertainment,EQUITY,ASXListedCompanies.csv,,,,,,,,,,,,,,,,,,,,,,,,,,,,,,,,,,,,,,,,,,,,,,,,,,,,,,,,,
EGH.AX,,,,,,,EGH,EUREKA GROUP HOLDINGS LIMITED,Real Estate,Real Estate Management & Development,EQUITY,ASXListedCompanies.csv,,,,,,,,,,,,,,,,,,,,,,,,,,,,,,,,,,,,,,,,,,,,,,,,,,,,,,,,,
EGL.AX,,,,,,,EGL,ENVIRONMENTAL GROUP LIMITED (THE),Industrials,Capital Goods,EQUITY,ASXListedCompanies.csv,,,,,,,,,,,,,,,,,,,,,,,,,,,,,,,,,,,,,,,,,,,,,,,,,,,,,,,,,
EGR.AX,,,,,,,EGR,ECOGRAF LIMITED,Materials,Materials,EQUITY,ASXListedCompanies.csv,,,,,,,,,,,,,,,,,,,,,,,,,,,,,,,,,,,,,,,,,,,,,,,,,,,,,,,,,
EGY.AX,,,,,,,EGY,ENERGY TECHNOLOGIES LIMITED,Industrials,Capital Goods,EQUITY,ASXListedCompanies.csv,,,,,,,,,,,,,,,,,,,,,,,,,,,,,,,,,,,,,,,,,,,,,,,,,,,,,,,,,
EHL.AX,,,,,,,EHL,EMECO HOLDINGS LIMITED,Industrials,Capital Goods,EQUITY,ASXListedCompanies.csv,,,,,,,,,,,,,,,,,,,,,,,,,,,,,,,,,,,,,,,,,,,,,,,,,,,,,,,,,
EIGA.AX,,,,,,,EIGA,Perennial Income Generator Active ETF,,Spotlight ETP List,ETF/ETP,ASXInvestmentProductsMonthlyReport,,,,,,,,,,,,,,,,,,,,,,,,,,,,,,,,,,,,,,,,,,,,,,,,,,,,,,,,,
EIQ.AX,,,,,,,EIQ,ECHOIQ LIMITED,Information Technology,Software & Services,EQUITY,ASXListedCompanies.csv,,,,,,,,,,,,,,,,,,,,,,,,,,,,,,,,,,,,,,,,,,,,,,,,,,,,,,,,,
EL8.AX,,,,,,,EL8,ELEVATE URANIUM LTD,Energy,Energy,EQUITY,ASXListedCompanies.csv,,,,,,,,,,,,,,,,,,,,,,,,,,,,,,,,,,,,,,,,,,,,,,,,,,,,,,,,,
ELD.AX,,,,,,,ELD,ELDERS LIMITED,Consumer Staples,"Food, Beverage & Tobacco",EQUITY,ASXListedCompanies.csv,,,,,,,,,,,,,,,,,,,,,,,,,,,,,,,,,,,,,,,,,,,,,,,,,,,,,,,,,
ELS.AX,,,,,,,ELS,ELSIGHT LIMITED,Information Technology,Technology Hardware & Equipment,EQUITY,ASXListedCompanies.csv,,,,,,,,,,,,,,,,,,,,,,,,,,,,,,,,,,,,,,,,,,,,,,,,,,,,,,,,,
ELT.AX,,,,,,,ELT,ELEMENTOS LIMITED,Materials,Materials,EQUITY,ASXListedCompanies.csv,,,,,,,,,,,,,,,,,,,,,,,,,,,,,,,,,,,,,,,,,,,,,,,,,,,,,,,,,
ELV.AX,,,,,,,ELV,ELEVRA LITHIUM LIMITED,Materials,Materials,EQUITY,ASXListedCompanies.csv,,,,,,,,,,,,,,,,,,,,,,,,,,,,,,,,,,,,,,,,,,,,,,,,,,,,,,,,,
EM2.AX,,,,,,,EM2,EAGLE MOUNTAIN MINING LIMITED,Materials,Materials,EQUITY,ASXListedCompanies.csv,,,,,,,,,,,,,,,,,,,,,,,,,,,,,,,,,,,,,,,,,,,,,,,,,,,,,,,,,
EM3.AX,,,,,,,EM3,EMC GOLD CORPORATION,Materials,Materials,EQUITY,ASXListedCompanies.csv,,,,,,,,,,,,,,,,,,,,,,,,,,,,,,,,,,,,,,,,,,,,,,,,,,,,,,,,,
EMA.AX,,,,,,,EMA,EMINENCE MINERALS LIMITED,Materials,Materials,EQUITY,ASXListedCompanies.csv,,,,,,,,,,,,,,,,,,,,,,,,,,,,,,,,,,,,,,,,,,,,,,,,,,,,,,,,,
EMB.AX,,,,,,,EMB,EMBELTON LIMITED,Industrials,Capital Goods,EQUITY,ASXListedCompanies.csv,,,,,,,,,,,,,,,,,,,,,,,,,,,,,,,,,,,,,,,,,,,,,,,,,,,,,,,,,
EMC.AX,,,,,,,EMC,EVEREST METALS CORPORATION LTD,Materials,Materials,EQUITY,ASXListedCompanies.csv,,,,,,,,,,,,,,,,,,,,,,,,,,,,,,,,,,,,,,,,,,,,,,,,,,,,,,,,,
EMD.AX,,,,,,,EMD,EMYRIA LIMITED,Health Care,Health Care Equipment & Services,EQUITY,ASXListedCompanies.csv,,,,,,,,,,,,,,,,,,,,,,,,,,,,,,,,,,,,,,,,,,,,,,,,,,,,,,,,,
EME.AX,,,,,,,EME,ENERGY METALS LTD,Energy,Energy,EQUITY,ASXListedCompanies.csv,,,,,,,,,,,,,,,,,,,,,,,,,,,,,,,,,,,,,,,,,,,,,,,,,,,,,,,,,
EMH.AX,,,,,,,EMH,EUROPEAN METALS HOLDINGS LIMITED,Materials,Materials,EQUITY,ASXListedCompanies.csv,,,,,,,,,,,,,,,,,,,,,,,,,,,,,,,,,,,,,,,,,,,,,,,,,,,,,,,,,
EMI.AX,,,,,,,EMI,EMIRATES NBD PJSC,,Not Applic,EQUITY,ASXListedCompanies.csv,,,,,,,,,,,,,,,,,,,,,,,,,,,,,,,,,,,,,,,,,,,,,,,,,,,,,,,,,
EMKT.AX,,,,,,,EMKT,Vaneck MSCI Multifactor Emerging Markets Equity ETF,,Spotlight ETP List,ETF/ETP,ASXInvestmentProductsMonthlyReport,,,,,,,,,,,,,,,,,,,,,,,,,,,,,,,,,,,,,,,,,,,,,,,,,,,,,,,,,
EML.AX,,,,,,,EML,EML PAYMENTS LIMITED,Financials,Financial Services,EQUITY,ASXListedCompanies.csv,,,,,,,,,,,,,,,,,,,,,,,,,,,,,,,,,,,,,,,,,,,,,,,,,,,,,,,,,
EMN.AX,,,,,,,EMN,EURO MANGANESE INC,Materials,Materials,EQUITY,ASXListedCompanies.csv,,,,,,,,,,,,,,,,,,,,,,,,,,,,,,,,,,,,,,,,,,,,,,,,,,,,,,,,,
EMP.AX,,,,,,,EMP,EMPEROR ENERGY LIMITED,Energy,Energy,EQUITY,ASXListedCompanies.csv,,,,,,,,,,,,,,,,,,,,,,,,,,,,,,,,,,,,,,,,,,,,,,,,,,,,,,,,,
EMR.AX,,,,,,,EMR,EMERALD RESOURCES NL,Materials,Materials,EQUITY,ASXListedCompanies.csv,,,,,,,,,,,,,,,,,,,,,,,,,,,,,,,,,,,,,,,,,,,,,,,,,,,,,,,,,
EMT.AX,,,,,,,EMT,EMETALS LIMITED,,Not Applic,EQUITY,ASXListedCompanies.csv,,,,,,,,,,,,,,,,,,,,,,,,,,,,,,,,,,,,,,,,,,,,,,,,,,,,,,,,,
EMU.AX,,,,,,,EMU,EMU NL,Materials,Materials,EQUITY,ASXListedCompanies.csv,,,,,,,,,,,,,,,,,,,,,,,,,,,,,,,,,,,,,,,,,,,,,,,,,,,,,,,,,
EMV.AX,,,,,,,EMV,EMVISION MEDICAL DEVICES LTD,Health Care,Health Care Equipment & Services,EQUITY,ASXListedCompanies.csv,,,,,,,,,,,,,,,,,,,,,,,,,,,,,,,,,,,,,,,,,,,,,,,,,,,,,,,,,
EMXC.AX,,,,,,,EMXC,iShares MSCI Emerging Markets ex China ETF,,Spotlight ETP List,ETF/ETP,ASXInvestmentProductsMonthlyReport,,,,,,,,,,,,,,,,,,,,,,,,,,,,,,,,,,,,,,,,,,,,,,,,,,,,,,,,,
ENL.AX,,,,,,,ENL,ENLITIC INC.,Health Care,Health Care Equipment & Services,EQUITY,ASXListedCompanies.csv,,,,,,,,,,,,,,,,,,,,,,,,,,,,,,,,,,,,,,,,,,,,,,,,,,,,,,,,,
ENN.AX,,,,,,,ENN,ELANOR INVESTORS GROUP,Consumer Discretionary,Consumer Services,EQUITY,ASXListedCompanies.csv,,,,,,,,,,,,,,,,,,,,,,,,,,,,,,,,,,,,,,,,,,,,,,,,,,,,,,,,,
ENP.AX,,,,,,,ENP,ENTROPY NEURODYNAMICS LIMITED,Health Care,"Pharmaceuticals, Biotechnology & Life Sciences",EQUITY,ASXListedCompanies.csv,,,,,,,,,,,,,,,,,,,,,,,,,,,,,,,,,,,,,,,,,,,,,,,,,,,,,,,,,
ENR.AX,,,,,,,ENR,ENCOUNTER RESOURCES LIMITED,Materials,Materials,EQUITY,ASXListedCompanies.csv,,,,,,,,,,,,,,,,,,,,,,,,,,,,,,,,,,,,,,,,,,,,,,,,,,,,,,,,,
ENT.AX,,,,,,,ENT,ENTERPRISE METALS LIMITED,Materials,Materials,EQUITY,ASXListedCompanies.csv,,,,,,,,,,,,,,,,,,,,,,,,,,,,,,,,,,,,,,,,,,,,,,,,,,,,,,,,,
ENV.AX,,,,,,,ENV,ENOVA MINING LIMITED,Materials,Materials,EQUITY,ASXListedCompanies.csv,,,,,,,,,,,,,,,,,,,,,,,,,,,,,,,,,,,,,,,,,,,,,,,,,,,,,,,,,
ENX.AX,,,,,,,ENX,ENEGEX LIMITED,Materials,Materials,EQUITY,ASXListedCompanies.csv,,,,,,,,,,,,,,,,,,,,,,,,,,,,,,,,,,,,,,,,,,,,,,,,,,,,,,,,,
EOL.AX,,,,,,,EOL,ENERGY ONE LIMITED,Information Technology,Software & Services,EQUITY,ASXListedCompanies.csv,,,,,,,,,,,,,,,,,,,,,,,,,,,,,,,,,,,,,,,,,,,,,,,,,,,,,,,,,
EOS.AX,,,,,,,EOS,ELECTRO OPTIC SYSTEMS HOLDINGS LIMITED,Industrials,Capital Goods,EQUITY,ASXListedCompanies.csv,,,,,,,,,,,,,,,,,,,,,,,,,,,,,,,,,,,,,,,,,,,,,,,,,,,,,,,,,
EPI.AX,,,,,,,EPI,EPIMINDER LIMITED,Health Care,Health Care Equipment & Services,EQUITY,ASXListedCompanies.csv,,,,,,,,,,,,,,,,,,,,,,,,,,,,,,,,,,,,,,,,,,,,,,,,,,,,,,,,,
EPM.AX,,,,,,,EPM,ECLIPSE METALS LIMITED.,Energy,Energy,EQUITY,ASXListedCompanies.csv,,,,,,,,,,,,,,,,,,,,,,,,,,,,,,,,,,,,,,,,,,,,,,,,,,,,,,,,,
EPN.AX,,,,,,,EPN,EPSILON HEALTHCARE LIMITED,Health Care,"Pharmaceuticals, Biotechnology & Life Sciences",EQUITY,ASXListedCompanies.csv,,,,,,,,,,,,,,,,,,,,,,,,,,,,,,,,,,,,,,,,,,,,,,,,,,,,,,,,,
EPX.AX,,,,,,,EPX,EPX LIMITED,Information Technology,Software & Services,EQUITY,ASXListedCompanies.csv,,,,,,,,,,,,,,,,,,,,,,,,,,,,,,,,,,,,,,,,,,,,,,,,,,,,,,,,,
EPY.AX,,,,,,,EPY,EARLYPAY LTD,Financials,Financial Services,EQUITY,ASXListedCompanies.csv,,,,,,,,,,,,,,,,,,,,,,,,,,,,,,,,,,,,,,,,,,,,,,,,,,,,,,,,,
EQIN.AX,,,,,,,EQIN,Investors Mutual Equity Income Fund - Complex ETF,,Spotlight ETP List,ETF/ETP,ASXInvestmentProductsMonthlyReport,,,,,,,,,,,,,,,,,,,,,,,,,,,,,,,,,,,,,,,,,,,,,,,,,,,,,,,,,
EQR.AX,,,,,,,EQR,EQ RESOURCES LIMITED,Materials,Materials,EQUITY,ASXListedCompanies.csv,,,,,,,,,,,,,,,,,,,,,,,,,,,,,,,,,,,,,,,,,,,,,,,,,,,,,,,,,
EQT.AX,,,,,,,EQT,EQT HOLDINGS LIMITED,Financials,Financial Services,EQUITY,ASXListedCompanies.csv,,,,,,,,,,,,,,,,,,,,,,,,,,,,,,,,,,,,,,,,,,,,,,,,,,,,,,,,,
EQU.AX,,,,,,,EQU,EQUUS ENERGY LIMITED,Energy,Energy,EQUITY,ASXListedCompanies.csv,,,,,,,,,,,,,,,,,,,,,,,,,,,,,,,,,,,,,,,,,,,,,,,,,,,,,,,,,
EQX.AX,,,,,,,EQX,EQUATORIAL RESOURCES LIMITED,Materials,Materials,EQUITY,ASXListedCompanies.csv,,,,,,,,,,,,,,,,,,,,,,,,,,,,,,,,,,,,,,,,,,,,,,,,,,,,,,,,,
ERA.AX,,,,,,,ERA,ENERGY RESOURCES OF AUSTRALIA LIMITED,Energy,Energy,EQUITY,ASXListedCompanies.csv,,,,,,,,,,,,,,,,,,,,,,,,,,,,,,,,,,,,,,,,,,,,,,,,,,,,,,,,,
ERD.AX,,,,,,,ERD,EROAD LIMITED,Information Technology,Technology Hardware & Equipment,EQUITY,ASXListedCompanies.csv,,,,,,,,,,,,,,,,,,,,,,,,,,,,,,,,,,,,,,,,,,,,,,,,,,,,,,,,,
ERE.AX,,,,,,,ERE,EUROPEAN RESOURCES LIMITED,Materials,Materials,EQUITY,ASXListedCompanies.csv,,,,,,,,,,,,,,,,,,,,,,,,,,,,,,,,,,,,,,,,,,,,,,,,,,,,,,,,,
ERG.AX,,,,,,,ERG,ENECO REFRESH LTD,Consumer Staples,"Food, Beverage & Tobacco",EQUITY,ASXListedCompanies.csv,,,,,,,,,,,,,,,,,,,,,,,,,,,,,,,,,,,,,,,,,,,,,,,,,,,,,,,,,
ERL.AX,,,,,,,ERL,EMPIRE RESOURCES LIMITED,Materials,Materials,EQUITY,ASXListedCompanies.csv,,,,,,,,,,,,,,,,,,,,,,,,,,,,,,,,,,,,,,,,,,,,,,,,,,,,,,,,,
ERM.AX,,,,,,,ERM,EMMERSON RESOURCES LIMITED,Materials,Materials,EQUITY,ASXListedCompanies.csv,,,,,,,,,,,,,,,,,,,,,,,,,,,,,,,,,,,,,,,,,,,,,,,,,,,,,,,,,
ERTH.AX,,,,,,,ERTH,Betashares Climate Change Innovation ETF,,Spotlight ETP List,ETF/ETP,ASXInvestmentProductsMonthlyReport,,,,,,,,,,,,,,,,,,,,,,,,,,,,,,,,,,,,,,,,,,,,,,,,,,,,,,,,,
ESGI.AX,,,,,,,ESGI,Vaneck MSCI International Sustainable Equity ETF,,Spotlight ETP List,ETF/ETP,ASXInvestmentProductsMonthlyReport,,,,,,,,,,,,,,,,,,,,,,,,,,,,,,,,,,,,,,,,,,,,,,,,,,,,,,,,,
ESK.AX,,,,,,,ESK,ETHERSTACK PLC,Information Technology,Software & Services,EQUITY,ASXListedCompanies.csv,,,,,,,,,,,,,,,,,,,,,,,,,,,,,,,,,,,,,,,,,,,,,,,,,,,,,,,,,
ESPO.AX,,,,,,,ESPO,VanEck Video Gaming and Esports ETF,,Spotlight ETP List,ETF/ETP,ASXInvestmentProductsMonthlyReport,,,,,,,,,,,,,,,,,,,,,,,,,,,,,,,,,,,,,,,,,,,,,,,,,,,,,,,,,
ESR.AX,,,,,,,ESR,ESTRELLA RESOURCES LIMITED,Materials,Materials,EQUITY,ASXListedCompanies.csv,,,,,,,,,,,,,,,,,,,,,,,,,,,,,,,,,,,,,,,,,,,,,,,,,,,,,,,,,
ESTX.AX,,,,,,,ESTX,Global X EURO STOXX 50 ETF,,Spotlight ETP List,ETF/ETP,ASXInvestmentProductsMonthlyReport,,,,,,,,,,,,,,,,,,,,,,,,,,,,,,,,,,,,,,,,,,,,,,,,,,,,,,,,,
ETHI.AX,,,,,,,ETHI,Betashares Global Sustainability Leaders ETF,,Spotlight ETP List,ETF/ETP,ASXInvestmentProductsMonthlyReport,,,,,,,,,,,,,,,,,,,,,,,,,,,,,,,,,,,,,,,,,,,,,,,,,,,,,,,,,
ETM.AX,,,,,,,ETM,ENERGY TRANSITION MINERALS LTD,Materials,Materials,EQUITY,ASXListedCompanies.csv,,,,,,,,,,,,,,,,,,,,,,,,,,,,,,,,,,,,,,,,,,,,,,,,,,,,,,,,,
ETPMAG.AX,,,,,,,ETPMAG,Global X Physical Silver,,Spotlight ETP List,ETF/ETP,ASXInvestmentProductsMonthlyReport,,,,,,,,,,,,,,,,,,,,,,,,,,,,,,,,,,,,,,,,,,,,,,,,,,,,,,,,,
ETPMPD.AX,,,,,,,ETPMPD,Global X Physical Palladium,,Spotlight ETP List,ETF/ETP,ASXInvestmentProductsMonthlyReport,,,,,,,,,,,,,,,,,,,,,,,,,,,,,,,,,,,,,,,,,,,,,,,,,,,,,,,,,
ETPMPM.AX,,,,,,,ETPMPM,Global X Physical Precious Metals Basket,,Spotlight ETP List,ETF/ETP,ASXInvestmentProductsMonthlyReport,,,,,,,,,,,,,,,,,,,,,,,,,,,,,,,,,,,,,,,,,,,,,,,,,,,,,,,,,
ETPMPT.AX,,,,,,,ETPMPT,Global X Physical Platinum,,Spotlight ETP List,ETF/ETP,ASXInvestmentProductsMonthlyReport,,,,,,,,,,,,,,,,,,,,,,,,,,,,,,,,,,,,,,,,,,,,,,,,,,,,,,,,,
EUR.AX,,,,,,,EUR,EUROPEAN LITHIUM LIMITED,Materials,Materials,EQUITY,ASXListedCompanies.csv,,,,,,,,,,,,,,,,,,,,,,,,,,,,,,,,,,,,,,,,,,,,,,,,,,,,,,,,,
EV1.AX,,,,,,,EV1,EVOLUTION ENERGY MINERALS LIMITED,Materials,Materials,EQUITY,ASXListedCompanies.csv,,,,,,,,,,,,,,,,,,,,,,,,,,,,,,,,,,,,,,,,,,,,,,,,,,,,,,,,,
EV8.AX,,,,,,,EV8,EVERLAST MINERALS LTD.,Materials,Materials,EQUITY,ASXListedCompanies.csv,,,,,,,,,,,,,,,,,,,,,,,,,,,,,,,,,,,,,,,,,,,,,,,,,,,,,,,,,
EVE.AX,,,,,,,EVE,EVE HEALTH GROUP LIMITED.,Financials,Financial Services,EQUITY,ASXListedCompanies.csv,,,,,,,,,,,,,,,,,,,,,,,,,,,,,,,,,,,,,,,,,,,,,,,,,,,,,,,,,
EVG.AX,,,,,,,EVG,EVION GROUP NL,Materials,Materials,EQUITY,ASXListedCompanies.csv,,,,,,,,,,,,,,,,,,,,,,,,,,,,,,,,,,,,,,,,,,,,,,,,,,,,,,,,,
EVN.AX,,,,,,,EVN,EVOLUTION MINING LIMITED,Materials,Materials,EQUITY,ASXListedCompanies.csv,,,,,,,,,,,,,,,,,,,,,,,,,,,,,,,,,,,,,,,,,,,,,,,,,,,,,,,,,
EVO.AX,,,,,,,EVO,EMBARK EARLY EDUCATION LIMITED,Consumer Discretionary,Consumer Services,EQUITY,ASXListedCompanies.csv,,,,,,,,,,,,,,,,,,,,,,,,,,,,,,,,,,,,,,,,,,,,,,,,,,,,,,,,,
EVR.AX,,,,,,,EVR,EV RESOURCES LTD,Materials,Materials,EQUITY,ASXListedCompanies.csv,,,,,,,,,,,,,,,,,,,,,,,,,,,,,,,,,,,,,,,,,,,,,,,,,,,,,,,,,
EVT.AX,,,,,,,EVT,EVT LIMITED,Communication Services,Media & Entertainment,EQUITY,ASXListedCompanies.csv,,,,,,,,,,,,,,,,,,,,,,,,,,,,,,,,,,,,,,,,,,,,,,,,,,,,,,,,,
EVZ.AX,,,,,,,EVZ,EVZ LIMITED,Industrials,Capital Goods,EQUITY,ASXListedCompanies.csv,,,,,,,,,,,,,,,,,,,,,,,,,,,,,,,,,,,,,,,,,,,,,,,,,,,,,,,,,
EWC.AX,,,,,,,EWC,ENERGY WORLD CORPORATION LTD,Utilities,Utilities,EQUITY,ASXListedCompanies.csv,,,,,,,,,,,,,,,,,,,,,,,,,,,,,,,,,,,,,,,,,,,,,,,,,,,,,,,,,
EX20.AX,,,,,,,EX20,Betashares Australian Ex-20 Portfolio Diversifier ETF,,Spotlight ETP List,ETF/ETP,ASXInvestmentProductsMonthlyReport,,,,,,,,,,,,,,,,,,,,,,,,,,,,,,,,,,,,,,,,,,,,,,,,,,,,,,,,,
EXL.AX,,,,,,,EXL,ELIXINOL WELLNESS LIMITED,Consumer Staples,Household & Personal Products,EQUITY,ASXListedCompanies.csv,,,,,,,,,,,,,,,,,,,,,,,,,,,,,,,,,,,,,,,,,,,,,,,,,,,,,,,,,
EXP.AX,,,,,,,EXP,EXPERIENCE CO LIMITED,Consumer Discretionary,Consumer Services,EQUITY,ASXListedCompanies.csv,,,,,,,,,,,,,,,,,,,,,,,,,,,,,,,,,,,,,,,,,,,,,,,,,,,,,,,,,
EXR.AX,,,,,,,EXR,ELIXIR ENERGY LIMITED,Energy,Energy,EQUITY,ASXListedCompanies.csv,,,,,,,,,,,,,,,,,,,,,,,,,,,,,,,,,,,,,,,,,,,,,,,,,,,,,,,,,
EXT.AX,,,,,,,EXT,EXCITE TECHNOLOGY SERVICES LTD,Information Technology,Software & Services,EQUITY,ASXListedCompanies.csv,,,,,,,,,,,,,,,,,,,,,,,,,,,,,,,,,,,,,,,,,,,,,,,,,,,,,,,,,
EXUS.AX,,,,,,,EXUS,Betashares Global Shares EX US ETF,,Spotlight ETP List,ETF/ETP,ASXInvestmentProductsMonthlyReport,,,,,,,,,,,,,,,,,,,,,,,,,,,,,,,,,,,,,,,,,,,,,,,,,,,,,,,,,
EYE.AX,,,,,,,EYE,NOVA EYE MEDICAL LIMITED,Health Care,Health Care Equipment & Services,EQUITY,ASXListedCompanies.csv,,,,,,,,,,,,,,,,,,,,,,,,,,,,,,,,,,,,,,,,,,,,,,,,,,,,,,,,,
EZL.AX,,,,,,,EZL,EUROZ HARTLEYS GROUP LIMITED,Financials,Financial Services,EQUITY,ASXListedCompanies.csv,,,,,,,,,,,,,,,,,,,,,,,,,,,,,,,,,,,,,,,,,,,,,,,,,,,,,,,,,
EZZ.AX,,,,,,,EZZ,EZZ LIFE SCIENCE HOLDINGS LIMITED,Consumer Discretionary,Consumer Discretionary Distribution & Retail,EQUITY,ASXListedCompanies.csv,,,,,,,,,,,,,,,,,,,,,,,,,,,,,,,,,,,,,,,,,,,,,,,,,,,,,,,,,
F100.AX,,,,,,,F100,Betashares FTSE 100 ETF,,Spotlight ETP List,ETF/ETP,ASXInvestmentProductsMonthlyReport,,,,,,,,,,,,,,,,,,,,,,,,,,,,,,,,,,,,,,,,,,,,,,,,,,,,,,,,,
FAIR.AX,,,,,,,FAIR,Betashares Australian Sustainability Leaders ETF,,Spotlight ETP List,ETF/ETP,ASXInvestmentProductsMonthlyReport,,,,,,,,,,,,,,,,,,,,,,,,,,,,,,,,,,,,,,,,,,,,,,,,,,,,,,,,,
FAL.AX,,,,,,,FAL,FALCON METALS LTD,Materials,Materials,EQUITY,ASXListedCompanies.csv,,,,,,,,,,,,,,,,,,,,,,,,,,,,,,,,,,,,,,,,,,,,,,,,,,,,,,,,,
FANG.AX,,,,,,,FANG,Global X FANG+ ETF,,Spotlight ETP List,ETF/ETP,ASXInvestmentProductsMonthlyReport,,,,,,,,,,,,,,,,,,,,,,,,,,,,,,,,,,,,,,,,,,,,,,,,,,,,,,,,,
FAR.AX,,,,,,,FAR,FAR LIMITED,Energy,Energy,EQUITY,ASXListedCompanies.csv,,,,,,,,,,,,,,,,,,,,,,,,,,,,,,,,,,,,,,,,,,,,,,,,,,,,,,,,,
FASI.AX,,,,,,,FASI,Fidelity Asia Active ETF,,Spotlight ETP List,ETF/ETP,ASXInvestmentProductsMonthlyReport,,,,,,,,,,,,,,,,,,,,,,,,,,,,,,,,,,,,,,,,,,,,,,,,,,,,,,,,,
FAU.AX,,,,,,,FAU,FIRST AU LIMITED,Materials,Materials,EQUITY,ASXListedCompanies.csv,,,,,,,,,,,,,,,,,,,,,,,,,,,,,,,,,,,,,,,,,,,,,,,,,,,,,,,,,
FBR.AX,,,,,,,FBR,FBR LTD,Industrials,Capital Goods,EQUITY,ASXListedCompanies.csv,,,,,,,,,,,,,,,,,,,,,,,,,,,,,,,,,,,,,,,,,,,,,,,,,,,,,,,,,
FBU.AX,,,,,,,FBU,FLETCHER BUILDING LIMITED,Industrials,Capital Goods,EQUITY,ASXListedCompanies.csv,,,,,,,,,,,,,,,,,,,,,,,,,,,,,,,,,,,,,,,,,,,,,,,,,,,,,,,,,
FCAP.AX,,,,,,,FCAP,Fidelity Global Leaders Active ETF,,Spotlight ETP List,ETF/ETP,ASXInvestmentProductsMonthlyReport,,,,,,,,,,,,,,,,,,,,,,,,,,,,,,,,,,,,,,,,,,,,,,,,,,,,,,,,,
FCG.AX,,,,,,,FCG,FREEDOM CARE GROUP HOLDINGS LIMITED,Health Care,Health Care Equipment & Services,EQUITY,ASXListedCompanies.csv,,,,,,,,,,,,,,,,,,,,,,,,,,,,,,,,,,,,,,,,,,,,,,,,,,,,,,,,,
FCL.AX,,,,,,,FCL,FINEOS CORPORATION HOLDINGS PLC,Information Technology,Software & Services,EQUITY,ASXListedCompanies.csv,,,,,,,,,,,,,,,,,,,,,,,,,,,,,,,,,,,,,,,,,,,,,,,,,,,,,,,,,
FCT.AX,,,,,,,FCT,FIRSTWAVE CLOUD TECHNOLOGY LIMITED,Information Technology,Software & Services,EQUITY,ASXListedCompanies.csv,,,,,,,,,,,,,,,,,,,,,,,,,,,,,,,,,,,,,,,,,,,,,,,,,,,,,,,,,
FDR.AX,,,,,,,FDR,FINDER ENERGY HOLDINGS LIMITED,Energy,Energy,EQUITY,ASXListedCompanies.csv,,,,,,,,,,,,,,,,,,,,,,,,,,,,,,,,,,,,,,,,,,,,,,,,,,,,,,,,,
FDV.AX,,,,,,,FDV,FRONTIER DIGITAL VENTURES LIMITED,Communication Services,Media & Entertainment,EQUITY,ASXListedCompanies.csv,,,,,,,,,,,,,,,,,,,,,,,,,,,,,,,,,,,,,,,,,,,,,,,,,,,,,,,,,
FEG.AX,,,,,,,FEG,FAR EAST GOLD LTD,Materials,Materials,EQUITY,ASXListedCompanies.csv,,,,,,,,,,,,,,,,,,,,,,,,,,,,,,,,,,,,,,,,,,,,,,,,,,,,,,,,,
FEMX.AX,,,,,,,FEMX,Fidelity Global Emerging Markets Active ETF,,Spotlight ETP List,ETF/ETP,ASXInvestmentProductsMonthlyReport,,,,,,,,,,,,,,,,,,,,,,,,,,,,,,,,,,,,,,,,,,,,,,,,,,,,,,,,,
FEX.AX,,,,,,,FEX,FENIX RESOURCES LTD,Materials,Materials,EQUITY,ASXListedCompanies.csv,,,,,,,,,,,,,,,,,,,,,,,,,,,,,,,,,,,,,,,,,,,,,,,,,,,,,,,,,
FFG.AX,,,,,,,FFG,FATFISH GROUP LIMITED,Financials,Financial Services,EQUITY,ASXListedCompanies.csv,,,,,,,,,,,,,,,,,,,,,,,,,,,,,,,,,,,,,,,,,,,,,,,,,,,,,,,,,
FFI.AX,,,,,,,FFI,FFI HOLDINGS LIMITED,Consumer Staples,"Food, Beverage & Tobacco",EQUITY,ASXListedCompanies.csv,,,,,,,,,,,,,,,,,,,,,,,,,,,,,,,,,,,,,,,,,,,,,,,,,,,,,,,,,
FFM.AX,,,,,,,FFM,FIREFLY METALS LTD,Materials,Materials,EQUITY,ASXListedCompanies.csv,,,,,,,,,,,,,,,,,,,,,,,,,,,,,,,,,,,,,,,,,,,,,,,,,,,,,,,,,
FG1.AX,,,,,,,FG1,FLYNN GOLD LIMITED,Materials,Materials,EQUITY,ASXListedCompanies.csv,,,,,,,,,,,,,,,,,,,,,,,,,,,,,,,,,,,,,,,,,,,,,,,,,,,,,,,,,
FGG.AX,,,,,,,FGG,FUTURE GENERATION GLOBAL LIMITED,,Not Applic,EQUITY,ASXListedCompanies.csv,,,,,,,,,,,,,,,,,,,,,,,,,,,,,,,,,,,,,,,,,,,,,,,,,,,,,,,,,
FGH.AX,,,,,,,FGH,FORESTA GROUP HOLDINGS LIMITED,Materials,Materials,EQUITY,ASXListedCompanies.csv,,,,,,,,,,,,,,,,,,,,,,,,,,,,,,,,,,,,,,,,,,,,,,,,,,,,,,,,,
FGR.AX,,,,,,,FGR,FIRST GRAPHENE LIMITED,Materials,Materials,EQUITY,ASXListedCompanies.csv,,,,,,,,,,,,,,,,,,,,,,,,,,,,,,,,,,,,,,,,,,,,,,,,,,,,,,,,,
FGX.AX,,,,,,,FGX,FUTURE GENERATION AUSTRALIA LIMITED,,Not Applic,EQUITY,ASXListedCompanies.csv,,,,,,,,,,,,,,,,,,,,,,,,,,,,,,,,,,,,,,,,,,,,,,,,,,,,,,,,,
FHCO.AX,,,,,,,FHCO,Fidelity Australian High Conviction Active ETF,,Spotlight ETP List,ETF/ETP,ASXInvestmentProductsMonthlyReport,,,,,,,,,,,,,,,,,,,,,,,,,,,,,,,,,,,,,,,,,,,,,,,,,,,,,,,,,
FHE.AX,,,,,,,FHE,FRONTIER ENERGY LIMITED,Materials,Materials,EQUITY,ASXListedCompanies.csv,,,,,,,,,,,,,,,,,,,,,,,,,,,,,,,,,,,,,,,,,,,,,,,,,,,,,,,,,
FHNG.AX,,,,,,,FHNG,FANG+ (Currency Hedged) ETF,,Spotlight ETP List,ETF/ETP,ASXInvestmentProductsMonthlyReport,,,,,,,,,,,,,,,,,,,,,,,,,,,,,,,,,,,,,,,,,,,,,,,,,,,,,,,,,
FHS.AX,,,,,,,FHS,FREEHILL MINING LIMITED.,Materials,Materials,EQUITY,ASXListedCompanies.csv,,,,,,,,,,,,,,,,,,,,,,,,,,,,,,,,,,,,,,,,,,,,,,,,,,,,,,,,,
FID.AX,,,,,,,FID,FIDUCIAN GROUP LIMITED,Financials,Financial Services,EQUITY,ASXListedCompanies.csv,,,,,,,,,,,,,,,,,,,,,,,,,,,,,,,,,,,,,,,,,,,,,,,,,,,,,,,,,
FIIN.AX,,,,,,,FIIN,Fidelity India Active ETF,,Spotlight ETP List,ETF/ETP,ASXInvestmentProductsMonthlyReport,,,,,,,,,,,,,,,,,,,,,,,,,,,,,,,,,,,,,,,,,,,,,,,,,,,,,,,,,
FIN.AX,,,,,,,FIN,FIN RESOURCES LIMITED,Materials,Materials,EQUITY,ASXListedCompanies.csv,,,,,,,,,,,,,,,,,,,,,,,,,,,,,,,,,,,,,,,,,,,,,,,,,,,,,,,,,
FL1.AX,,,,,,,FL1,FIRST LITHIUM LIMITED,Materials,Materials,EQUITY,ASXListedCompanies.csv,,,,,,,,,,,,,,,,,,,,,,,,,,,,,,,,,,,,,,,,,,,,,,,,,,,,,,,,,
FLC.AX,,,,,,,FLC,FLUENCE CORPORATION LIMITED,Utilities,Utilities,EQUITY,ASXListedCompanies.csv,,,,,,,,,,,,,,,,,,,,,,,,,,,,,,,,,,,,,,,,,,,,,,,,,,,,,,,,,
FLG.AX,,,,,,,FLG,FLAGSHIP MINERALS LIMITED,Materials,Materials,EQUITY,ASXListedCompanies.csv,,,,,,,,,,,,,,,,,,,,,,,,,,,,,,,,,,,,,,,,,,,,,,,,,,,,,,,,,
FLN.AX,,,,,,,FLN,FREELANCER LIMITED,Industrials,Commercial & Professional Services,EQUITY,ASXListedCompanies.csv,,,,,,,,,,,,,,,,,,,,,,,,,,,,,,,,,,,,,,,,,,,,,,,,,,,,,,,,,
FLOT.AX,,,,,,,FLOT,VanEck Australian Floating Rate ETF,,Spotlight ETP List,ETF/ETP,ASXInvestmentProductsMonthlyReport,,,,,,,,,,,,,,,,,,,,,,,,,,,,,,,,,,,,,,,,,,,,,,,,,,,,,,,,,
FLT.AX,,,,,,,FLT,FLIGHT CENTRE TRAVEL GROUP LIMITED,Consumer Discretionary,Consumer Services,EQUITY,ASXListedCompanies.csv,,,,,,,,,,,,,,,,,,,,,,,,,,,,,,,,,,,,,,,,,,,,,,,,,,,,,,,,,
FLX.AX,,,,,,,FLX,FELIX GROUP HOLDINGS LTD,Information Technology,Software & Services,EQUITY,ASXListedCompanies.csv,,,,,,,,,,,,,,,,,,,,,,,,,,,,,,,,,,,,,,,,,,,,,,,,,,,,,,,,,
FM1.AX,,,,,,,FM1,FIRSTMAC MORTGAGE FUNDING TRUST NO.4 SERIES 4-2019,,Not Applic,EQUITY,ASXListedCompanies.csv,,,,,,,,,,,,,,,,,,,,,,,,,,,,,,,,,,,,,,,,,,,,,,,,,,,,,,,,,
FM2.AX,,,,,,,FM2,FIRSTMAC MORTGAGE FUNDING TRUST NO.4 SERIES 2-2019,,Not Applic,EQUITY,ASXListedCompanies.csv,,,,,,,,,,,,,,,,,,,,,,,,,,,,,,,,,,,,,,,,,,,,,,,,,,,,,,,,,
FM3.AX,,,,,,,FM3,FIRSTMAC MORTGAGE FUNDING TRUST NO. 4 SERIES 1-2020,,Not Applic,EQUITY,ASXListedCompanies.csv,,,,,,,,,,,,,,,,,,,,,,,,,,,,,,,,,,,,,,,,,,,,,,,,,,,,,,,,,
FM5.AX,,,,,,,FM5,FIRSTMAC MORTGAGE FUNDING TRUST NO.4 SERIES 2-2020,,Not Applic,EQUITY,ASXListedCompanies.csv,,,,,,,,,,,,,,,,,,,,,,,,,,,,,,,,,,,,,,,,,,,,,,,,,,,,,,,,,
FME.AX,,,,,,,FME,FUTURE METALS NL,Energy,Energy,EQUITY,ASXListedCompanies.csv,,,,,,,,,,,,,,,,,,,,,,,,,,,,,,,,,,,,,,,,,,,,,,,,,,,,,,,,,
FMG.AX,,,,,,,FMG,FORTESCUE LTD,Materials,Materials,EQUITY,ASXListedCompanies.csv,,,,,,,,,,,,,,,,,,,,,,,,,,,,,,,,,,,,,,,,,,,,,,,,,,,,,,,,,
FML.AX,,,,,,,FML,FOCUS MINERALS LTD,Materials,Materials,EQUITY,ASXListedCompanies.csv,,,,,,,,,,,,,,,,,,,,,,,,,,,,,,,,,,,,,,,,,,,,,,,,,,,,,,,,,
FMR.AX,,,,,,,FMR,FMR RESOURCES LIMITED,Communication Services,Media & Entertainment,EQUITY,ASXListedCompanies.csv,,,,,,,,,,,,,,,,,,,,,,,,,,,,,,,,,,,,,,,,,,,,,,,,,,,,,,,,,
FND.AX,,,,,,,FND,FINDI LIMITED,Information Technology,Software & Services,EQUITY,ASXListedCompanies.csv,,,,,,,,,,,,,,,,,,,,,,,,,,,,,,,,,,,,,,,,,,,,,,,,,,,,,,,,,
FNR.AX,,,,,,,FNR,FAR NORTHERN RESOURCES LIMITED,Materials,Materials,EQUITY,ASXListedCompanies.csv,,,,,,,,,,,,,,,,,,,,,,,,,,,,,,,,,,,,,,,,,,,,,,,,,,,,,,,,,
FNX.AX,,,,,,,FNX,FINEXIA FINANCIAL GROUP LIMITED,Financials,Financial Services,EQUITY,ASXListedCompanies.csv,,,,,,,,,,,,,,,,,,,,,,,,,,,,,,,,,,,,,,,,,,,,,,,,,,,,,,,,,
FOOD.AX,,,,,,,FOOD,Betashares Global Agriculture Companies ETF,,Spotlight ETP List,ETF/ETP,ASXInvestmentProductsMonthlyReport,,,,,,,,,,,,,,,,,,,,,,,,,,,,,,,,,,,,,,,,,,,,,,,,,,,,,,,,,
FOS.AX,,,,,,,FOS,FOS CAPITAL LTD,Industrials,Capital Goods,EQUITY,ASXListedCompanies.csv,,,,,,,,,,,,,,,,,,,,,,,,,,,,,,,,,,,,,,,,,,,,,,,,,,,,,,,,,
FPC.AX,,,,,,,FPC,FAT PROPHETS GLOBAL CONTRARIAN FUND LTD,,Not Applic,EQUITY,ASXListedCompanies.csv,,,,,,,,,,,,,,,,,,,,,,,,,,,,,,,,,,,,,,,,,,,,,,,,,,,,,,,,,
FPH.AX,,,,,,,FPH,FISHER & PAYKEL HEALTHCARE CORPORATION LIMITED,Health Care,Health Care Equipment & Services,EQUITY,ASXListedCompanies.csv,,,,,,,,,,,,,,,,,,,,,,,,,,,,,,,,,,,,,,,,,,,,,,,,,,,,,,,,,
FPR.AX,,,,,,,FPR,FLEETPARTNERS GROUP LIMITED,Financials,Financial Services,EQUITY,ASXListedCompanies.csv,,,,,,,,,,,,,,,,,,,,,,,,,,,,,,,,,,,,,,,,,,,,,,,,,,,,,,,,,
FRAR.AX,,,,,,,FRAR,Franklin Australian Absolute Return Bond Fund – Active ETF,,Spotlight ETP List,ETF/ETP,ASXInvestmentProductsMonthlyReport,,,,,,,,,,,,,,,,,,,,,,,,,,,,,,,,,,,,,,,,,,,,,,,,,,,,,,,,,
FRB.AX,,,,,,,FRB,FIREBIRD METALS LIMITED,Materials,Materials,EQUITY,ASXListedCompanies.csv,,,,,,,,,,,,,,,,,,,,,,,,,,,,,,,,,,,,,,,,,,,,,,,,,,,,,,,,,
FRE.AX,,,,,,,FRE,FIREBRICK PHARMA LIMITED,Health Care,"Pharmaceuticals, Biotechnology & Life Sciences",EQUITY,ASXListedCompanies.csv,,,,,,,,,,,,,,,,,,,,,,,,,,,,,,,,,,,,,,,,,,,,,,,,,,,,,,,,,
FRGG.AX,,,,,,,FRGG,Franklin Global Growth Fund – Active ETF,,Spotlight ETP List,ETF/ETP,ASXInvestmentProductsMonthlyReport,,,,,,,,,,,,,,,,,,,,,,,,,,,,,,,,,,,,,,,,,,,,,,,,,,,,,,,,,
FRI.AX,,,,,,,FRI,FINBAR GROUP LIMITED,Real Estate,Real Estate Management & Development,EQUITY,ASXListedCompanies.csv,,,,,,,,,,,,,,,,,,,,,,,,,,,,,,,,,,,,,,,,,,,,,,,,,,,,,,,,,
FRM.AX,,,,,,,FRM,FARM PRIDE FOODS LIMITED,Consumer Staples,"Food, Beverage & Tobacco",EQUITY,ASXListedCompanies.csv,,,,,,,,,,,,,,,,,,,,,,,,,,,,,,,,,,,,,,,,,,,,,,,,,,,,,,,,,
FRS.AX,,,,,,,FRS,FORRESTANIA RESOURCES LIMITED,Materials,Materials,EQUITY,ASXListedCompanies.csv,,,,,,,,,,,,,,,,,,,,,,,,,,,,,,,,,,,,,,,,,,,,,,,,,,,,,,,,,
FRW.AX,,,,,,,FRW,FREIGHTWAYS GROUP LIMITED,Industrials,Transportation,EQUITY,ASXListedCompanies.csv,,,,,,,,,,,,,,,,,,,,,,,,,,,,,,,,,,,,,,,,,,,,,,,,,,,,,,,,,
FRX.AX,,,,,,,FRX,FLEXIROAM LIMITED,Communication Services,Telecommunication Services,EQUITY,ASXListedCompanies.csv,,,,,,,,,,,,,,,,,,,,,,,,,,,,,,,,,,,,,,,,,,,,,,,,,,,,,,,,,
FSA.AX,,,,,,,FSA,FSA GROUP LIMITED,Financials,Financial Services,EQUITY,ASXListedCompanies.csv,,,,,,,,,,,,,,,,,,,,,,,,,,,,,,,,,,,,,,,,,,,,,,,,,,,,,,,,,
FSI.AX,,,,,,,FSI,FLAGSHIP INVESTMENTS LIMITED,,Not Applic,EQUITY,ASXListedCompanies.csv,,,,,,,,,,,,,,,,,,,,,,,,,,,,,,,,,,,,,,,,,,,,,,,,,,,,,,,,,
FSML.AX,,,,,,,FSML,Firetrail Australian Small Companies Fund – Active ETF,,Spotlight ETP List,ETF/ETP,ASXInvestmentProductsMonthlyReport,,,,,,,,,,,,,,,,,,,,,,,,,,,,,,,,,,,,,,,,,,,,,,,,,,,,,,,,,
FSUB.AX,,,,,,,FSUB,Vaneck Australian Fixed Rate Subordinated Debt ETF,,Spotlight ETP List,ETF/ETP,ASXInvestmentProductsMonthlyReport,,,,,,,,,,,,,,,,,,,,,,,,,,,,,,,,,,,,,,,,,,,,,,,,,,,,,,,,,
FTI.AX,,,,,,,FTI,FORTIFAI LTD,Communication Services,Media & Entertainment,EQUITY,ASXListedCompanies.csv,,,,,,,,,,,,,,,,,,,,,,,,,,,,,,,,,,,,,,,,,,,,,,,,,,,,,,,,,
FUEL.AX,,,,,,,FUEL,Betashares Global Energy Companies Currency Hedged ETF,,Spotlight ETP List,ETF/ETP,ASXInvestmentProductsMonthlyReport,,,,,,,,,,,,,,,,,,,,,,,,,,,,,,,,,,,,,,,,,,,,,,,,,,,,,,,,,
FUL.AX,,,,,,,FUL,FULCRUM LITHIUM LTD,Materials,Materials,EQUITY,ASXListedCompanies.csv,,,,,,,,,,,,,,,,,,,,,,,,,,,,,,,,,,,,,,,,,,,,,,,,,,,,,,,,,
FUN.AX,,,,,,,FUN,FORTUNA METALS LTD,Materials,Materials,EQUITY,ASXListedCompanies.csv,,,,,,,,,,,,,,,,,,,,,,,,,,,,,,,,,,,,,,,,,,,,,,,,,,,,,,,,,
FUTR.AX,,,,,,,FUTR,Janus Henderson Global Sustainable Active ETF,,Spotlight ETP List,ETF/ETP,ASXInvestmentProductsMonthlyReport,,,,,,,,,,,,,,,,,,,,,,,,,,,,,,,,,,,,,,,,,,,,,,,,,,,,,,,,,
FWD.AX,,,,,,,FWD,FLEETWOOD LIMITED,Consumer Discretionary,Consumer Durables & Apparel,EQUITY,ASXListedCompanies.csv,,,,,,,,,,,,,,,,,,,,,,,,,,,,,,,,,,,,,,,,,,,,,,,,,,,,,,,,,
FXG.AX,,,,,,,FXG,FELIX GOLD LIMITED,Materials,Materials,EQUITY,ASXListedCompanies.csv,,,,,,,,,,,,,,,,,,,,,,,,,,,,,,,,,,,,,,,,,,,,,,,,,,,,,,,,,
FZR.AX,,,,,,,FZR,FITZROY RIVER CORPORATION LTD,Energy,Energy,EQUITY,ASXListedCompanies.csv,,,,,,,,,,,,,,,,,,,,,,,,,,,,,,,,,,,,,,,,,,,,,,,,,,,,,,,,,
G11.AX,,,,,,,G11,G11 RESOURCES LIMITED,Materials,Materials,EQUITY,ASXListedCompanies.csv,,,,,,,,,,,,,,,,,,,,,,,,,,,,,,,,,,,,,,,,,,,,,,,,,,,,,,,,,
G1C.AX,,,,,,,G1C,GROUP ONE CAPITAL LIMITED,Real Estate,Real Estate Management & Development,EQUITY,ASXListedCompanies.csv,,,,,,,,,,,,,,,,,,,,,,,,,,,,,,,,,,,,,,,,,,,,,,,,,,,,,,,,,
G200.AX,,,,,,,G200,Betashares Wealthbuilder Aus200 Geared Complex ETF,,Spotlight ETP List,ETF/ETP,ASXInvestmentProductsMonthlyReport,,,,,,,,,,,,,,,,,,,,,,,,,,,,,,,,,,,,,,,,,,,,,,,,,,,,,,,,,
G50.AX,,,,,,,G50,G50 CORP LIMITED,Materials,Materials,EQUITY,ASXListedCompanies.csv,,,,,,,,,,,,,,,,,,,,,,,,,,,,,,,,,,,,,,,,,,,,,,,,,,,,,,,,,
G6M.AX,,,,,,,G6M,GROUP 6 METALS LIMITED,Materials,Materials,EQUITY,ASXListedCompanies.csv,,,,,,,,,,,,,,,,,,,,,,,,,,,,,,,,,,,,,,,,,,,,,,,,,,,,,,,,,
G88.AX,,,,,,,G88,GOLDEN MILE RESOURCES LTD,Materials,Materials,EQUITY,ASXListedCompanies.csv,,,,,,,,,,,,,,,,,,,,,,,,,,,,,,,,,,,,,,,,,,,,,,,,,,,,,,,,,
GA8.AX,,,,,,,GA8,GOLDARC RESOURCES LIMITED,Materials,Materials,EQUITY,ASXListedCompanies.csv,,,,,,,,,,,,,,,,,,,,,,,,,,,,,,,,,,,,,,,,,,,,,,,,,,,,,,,,,
GAL.AX,,,,,,,GAL,GALILEO MINING LTD,Materials,Materials,EQUITY,ASXListedCompanies.csv,,,,,,,,,,,,,,,,,,,,,,,,,,,,,,,,,,,,,,,,,,,,,,,,,,,,,,,,,
GAME.AX,,,,,,,GAME,Betashares Video Games and Esports ETF,,Spotlight ETP List,ETF/ETP,ASXInvestmentProductsMonthlyReport,,,,,,,,,,,,,,,,,,,,,,,,,,,,,,,,,,,,,,,,,,,,,,,,,,,,,,,,,
GAP.AX,,,,,,,GAP,GALE PACIFIC LIMITED,Consumer Discretionary,Consumer Durables & Apparel,EQUITY,ASXListedCompanies.csv,,,,,,,,,,,,,,,,,,,,,,,,,,,,,,,,,,,,,,,,,,,,,,,,,,,,,,,,,
GARP.AX,,,,,,,GARP,Global X S&P World ex Australia GARP ETF,,Spotlight ETP List,ETF/ETP,ASXInvestmentProductsMonthlyReport,,,,,,,,,,,,,,,,,,,,,,,,,,,,,,,,,,,,,,,,,,,,,,,,,,,,,,,,,
GAS.AX,,,,,,,GAS,STATE GAS LIMITED,Energy,Energy,EQUITY,ASXListedCompanies.csv,,,,,,,,,,,,,,,,,,,,,,,,,,,,,,,,,,,,,,,,,,,,,,,,,,,,,,,,,
GBE.AX,,,,,,,GBE,GLOBE METALS & MINING LIMITED,Materials,Materials,EQUITY,ASXListedCompanies.csv,,,,,,,,,,,,,,,,,,,,,,,,,,,,,,,,,,,,,,,,,,,,,,,,,,,,,,,,,
GBM.AX,,,,,,,GBM,GBM RESOURCES LIMITED.,Materials,Materials,EQUITY,ASXListedCompanies.csv,,,,,,,,,,,,,,,,,,,,,,,,,,,,,,,,,,,,,,,,,,,,,,,,,,,,,,,,,
GBND.AX,,,,,,,GBND,Betashares Sustainability leaders Diversified Bond ETF - Currency Hedged,,Spotlight ETP List,ETF/ETP,ASXInvestmentProductsMonthlyReport,,,,,,,,,,,,,,,,,,,,,,,,,,,,,,,,,,,,,,,,,,,,,,,,,,,,,,,,,
GBR.AX,,,,,,,GBR,GREAT BOULDER RESOURCES LIMITED,Materials,Materials,EQUITY,ASXListedCompanies.csv,,,,,,,,,,,,,,,,,,,,,,,,,,,,,,,,,,,,,,,,,,,,,,,,,,,,,,,,,
GC1.AX,,,,,,,GC1,GLENNON SMALL COMPANIES LIMITED,,Not Applic,EQUITY,ASXListedCompanies.csv,,,,,,,,,,,,,,,,,,,,,,,,,,,,,,,,,,,,,,,,,,,,,,,,,,,,,,,,,
GCAP.AX,,,,,,,GCAP,VanEck Bentham Global Capital Securities Active ETF,,Spotlight ETP List,ETF/ETP,ASXInvestmentProductsMonthlyReport,,,,,,,,,,,,,,,,,,,,,,,,,,,,,,,,,,,,,,,,,,,,,,,,,,,,,,,,,
GCI.AX,,,,,,,GCI,GRYPHON CAPITAL INCOME TRUST,,Not Applic,EQUITY,ASXListedCompanies.csv,,,,,,,,,,,,,,,,,,,,,,,,,,,,,,,,,,,,,,,,,,,,,,,,,,,,,,,,,
GCM.AX,,,,,,,GCM,GCM CORPORATION LIMITED,Materials,Materials,EQUITY,ASXListedCompanies.csv,,,,,,,,,,,,,,,,,,,,,,,,,,,,,,,,,,,,,,,,,,,,,,,,,,,,,,,,,
GCQF.AX,,,,,,,GCQF,GCQ Global Equities Complex ETF,,Spotlight ETP List,ETF/ETP,ASXInvestmentProductsMonthlyReport,,,,,,,,,,,,,,,,,,,,,,,,,,,,,,,,,,,,,,,,,,,,,,,,,,,,,,,,,
GCR.AX,,,,,,,GCR,GOLDEN CROSS RESOURCES LTD,Materials,Materials,EQUITY,ASXListedCompanies.csv,,,,,,,,,,,,,,,,,,,,,,,,,,,,,,,,,,,,,,,,,,,,,,,,,,,,,,,,,
GDF.AX,,,,,,,GDF,GARDA PROPERTY GROUP,Real Estate,Equity Real Estate Investment Trusts (REITs),EQUITY,ASXListedCompanies.csv,,,,,,,,,,,,,,,,,,,,,,,,,,,,,,,,,,,,,,,,,,,,,,,,,,,,,,,,,
GDG.AX,,,,,,,GDG,GENERATION DEVELOPMENT GROUP LIMITED,Financials,Insurance,EQUITY,ASXListedCompanies.csv,,,,,,,,,,,,,,,,,,,,,,,,,,,,,,,,,,,,,,,,,,,,,,,,,,,,,,,,,
GDI.AX,,,,,,,GDI,GDI PROPERTY GROUP,Real Estate,Equity Real Estate Investment Trusts (REITs),EQUITY,ASXListedCompanies.csv,,,,,,,,,,,,,,,,,,,,,,,,,,,,,,,,,,,,,,,,,,,,,,,,,,,,,,,,,
GDM.AX,,,,,,,GDM,GREAT DIVIDE MINING LTD,Materials,Materials,EQUITY,ASXListedCompanies.csv,,,,,,,,,,,,,,,,,,,,,,,,,,,,,,,,,,,,,,,,,,,,,,,,,,,,,,,,,
GDR.AX,,,,,,,GDR,GOLDEN DRAGON MINING LTD,Materials,Materials,EQUITY,ASXListedCompanies.csv,,,,,,,,,,,,,,,,,,,,,,,,,,,,,,,,,,,,,,,,,,,,,,,,,,,,,,,,,
GDX.AX,,,,,,,GDX,VanEck Gold Miners ETF,,Spotlight ETP List,ETF/ETP,ASXInvestmentProductsMonthlyReport,,,,,,,,,,,,,,,,,,,,,,,,,,,,,,,,,,,,,,,,,,,,,,,,,,,,,,,,,
GEAR.AX,,,,,,,GEAR,Betashares Geared Australian Equities Complex ETF,,Spotlight ETP List,ETF/ETP,ASXInvestmentProductsMonthlyReport,,,,,,,,,,,,,,,,,,,,,,,,,,,,,,,,,,,,,,,,,,,,,,,,,,,,,,,,,
GED.AX,,,,,,,GED,GOLDEN DEEPS LIMITED.,Materials,Materials,EQUITY,ASXListedCompanies.csv,,,,,,,,,,,,,,,,,,,,,,,,,,,,,,,,,,,,,,,,,,,,,,,,,,,,,,,,,
GEM.AX,,,,,,,GEM,G8 EDUCATION LIMITED,Consumer Discretionary,Consumer Services,EQUITY,ASXListedCompanies.csv,,,,,,,,,,,,,,,,,,,,,,,,,,,,,,,,,,,,,,,,,,,,,,,,,,,,,,,,,
GEN.AX,,,,,,,GEN,GENMIN LIMITED,Materials,Materials,EQUITY,ASXListedCompanies.csv,,,,,,,,,,,,,,,,,,,,,,,,,,,,,,,,,,,,,,,,,,,,,,,,,,,,,,,,,
GES.AX,,,,,,,GES,GENESIS RESOURCES LIMITED,Materials,Materials,EQUITY,ASXListedCompanies.csv,,,,,,,,,,,,,,,,,,,,,,,,,,,,,,,,,,,,,,,,,,,,,,,,,,,,,,,,,
GFL.AX,,,,,,,GFL,GLOBAL MASTERS FUND LIMITED,,Not Applic,EQUITY,ASXListedCompanies.csv,,,,,,,,,,,,,,,,,,,,,,,,,,,,,,,,,,,,,,,,,,,,,,,,,,,,,,,,,
GG1.AX,,,,,,,GG1,GREEN & GOLD MINERALS LIMITED,Materials,Materials,EQUITY,ASXListedCompanies.csv,,,,,,,,,,,,,,,,,,,,,,,,,,,,,,,,,,,,,,,,,,,,,,,,,,,,,,,,,
GG8.AX,,,,,,,GG8,GORILLA GOLD MINES LTD,Materials,Materials,EQUITY,ASXListedCompanies.csv,,,,,,,,,,,,,,,,,,,,,,,,,,,,,,,,,,,,,,,,,,,,,,,,,,,,,,,,,
GGAB.AX,,,,,,,GGAB,Betashares Geared Long Australian Government Bond Complex ETF,,Spotlight ETP List,ETF/ETP,ASXInvestmentProductsMonthlyReport,,,,,,,,,,,,,,,,,,,,,,,,,,,,,,,,,,,,,,,,,,,,,,,,,,,,,,,,,
GGBL.AX,,,,,,,GGBL,Betashares WealthBuilder Global Geared Complex ETF,,Spotlight ETP List,ETF/ETP,ASXInvestmentProductsMonthlyReport,,,,,,,,,,,,,,,,,,,,,,,,,,,,,,,,,,,,,,,,,,,,,,,,,,,,,,,,,
GGE.AX,,,,,,,GGE,GRAND GULF ENERGY LIMITED,Energy,Energy,EQUITY,ASXListedCompanies.csv,,,,,,,,,,,,,,,,,,,,,,,,,,,,,,,,,,,,,,,,,,,,,,,,,,,,,,,,,
GGFD.AX,,,,,,,GGFD,Geared Long US Treasury Bond Currency Hedged Complex ETF,,Spotlight ETP List,ETF/ETP,ASXInvestmentProductsMonthlyReport,,,,,,,,,,,,,,,,,,,,,,,,,,,,,,,,,,,,,,,,,,,,,,,,,,,,,,,,,
GGOV.AX,,,,,,,GGOV,Betashares U.S. Treasury Bond20+ Year ETF - Currency Hedged,,Spotlight ETP List,ETF/ETP,ASXInvestmentProductsMonthlyReport,,,,,,,,,,,,,,,,,,,,,,,,,,,,,,,,,,,,,,,,,,,,,,,,,,,,,,,,,
GGP.AX,,,,,,,GGP,GREATLAND RESOURCES LIMITED,Materials,Materials,EQUITY,ASXListedCompanies.csv,,,,,,,,,,,,,,,,,,,,,,,,,,,,,,,,,,,,,,,,,,,,,,,,,,,,,,,,,
GGR.AX,,,,,,,GGR,GOLDEN GLOBE RESOURCES LTD.,Materials,Materials,EQUITY,ASXListedCompanies.csv,,,,,,,,,,,,,,,,,,,,,,,,,,,,,,,,,,,,,,,,,,,,,,,,,,,,,,,,,
GGUS.AX,,,,,,,GGUS,Betashares Geared US Equities Currency Hedged Complex ETF,,Spotlight ETP List,ETF/ETP,ASXInvestmentProductsMonthlyReport,,,,,,,,,,,,,,,,,,,,,,,,,,,,,,,,,,,,,,,,,,,,,,,,,,,,,,,,,
GHHF.AX,,,,,,,GHHF,Betashares Wealthbuilder All Gr Geared Complex ETF,,Spotlight ETP List,ETF/ETP,ASXInvestmentProductsMonthlyReport,,,,,,,,,,,,,,,,,,,,,,,,,,,,,,,,,,,,,,,,,,,,,,,,,,,,,,,,,
GHIF.AX,,,,,,,GHIF,Ausbil Global Essential Infrastructure Fund (Hedged) – Active ETF,,Spotlight ETP List,ETF/ETP,ASXInvestmentProductsMonthlyReport,,,,,,,,,,,,,,,,,,,,,,,,,,,,,,,,,,,,,,,,,,,,,,,,,,,,,,,,,
GHLD.AX,,,,,,,GHLD,Global X Gold Bullion (Currency Hedged) ETF,,Spotlight ETP List,ETF/ETP,ASXInvestmentProductsMonthlyReport,,,,,,,,,,,,,,,,,,,,,,,,,,,,,,,,,,,,,,,,,,,,,,,,,,,,,,,,,
GHM.AX,,,,,,,GHM,GOLDEN HORSE MINERALS LIMITED,Materials,Materials,EQUITY,ASXListedCompanies.csv,,,,,,,,,,,,,,,,,,,,,,,,,,,,,,,,,,,,,,,,,,,,,,,,,,,,,,,,,
GHY.AX,,,,,,,GHY,GOLD HYDROGEN LIMITED,Energy,Energy,EQUITY,ASXListedCompanies.csv,,,,,,,,,,,,,,,,,,,,,,,,,,,,,,,,,,,,,,,,,,,,,,,,,,,,,,,,,
GIB.AX,,,,,,,GIB,GIBB RIVER DIAMONDS LIMITED,Materials,Materials,EQUITY,ASXListedCompanies.csv,,,,,,,,,,,,,,,,,,,,,,,,,,,,,,,,,,,,,,,,,,,,,,,,,,,,,,,,,
GIVE.AX,,,,,,,GIVE,Perpetual ESG Australian Share Active ETF,,Spotlight ETP List,ETF/ETP,ASXInvestmentProductsMonthlyReport,,,,,,,,,,,,,,,,,,,,,,,,,,,,,,,,,,,,,,,,,,,,,,,,,,,,,,,,,
GL1.AX,,,,,,,GL1,GLOBAL LITHIUM RESOURCES LIMITED,Materials,Materials,EQUITY,ASXListedCompanies.csv,,,,,,,,,,,,,,,,,,,,,,,,,,,,,,,,,,,,,,,,,,,,,,,,,,,,,,,,,
GLB.AX,,,,,,,GLB,GLOBE INTERNATIONAL LIMITED,Consumer Discretionary,Consumer Durables & Apparel,EQUITY,ASXListedCompanies.csv,,,,,,,,,,,,,,,,,,,,,,,,,,,,,,,,,,,,,,,,,,,,,,,,,,,,,,,,,
GLDN.AX,,,,,,,GLDN,iShares Physical Gold ETF,,Spotlight ETP List,ETF/ETP,ASXInvestmentProductsMonthlyReport,,,,,,,,,,,,,,,,,,,,,,,,,,,,,,,,,,,,,,,,,,,,,,,,,,,,,,,,,
GLE.AX,,,,,,,GLE,GLG CORP LTD,Consumer Discretionary,Consumer Durables & Apparel,EQUITY,ASXListedCompanies.csv,,,,,,,,,,,,,,,,,,,,,,,,,,,,,,,,,,,,,,,,,,,,,,,,,,,,,,,,,
GLF.AX,,,,,,,GLF,GEMLIFE COMMUNITIES GROUP,Real Estate,Real Estate Management & Development,EQUITY,ASXListedCompanies.csv,,,,,,,,,,,,,,,,,,,,,,,,,,,,,,,,,,,,,,,,,,,,,,,,,,,,,,,,,
GLH.AX,,,,,,,GLH,GLOBAL HEALTH LIMITED,Health Care,Health Care Equipment & Services,EQUITY,ASXListedCompanies.csv,,,,,,,,,,,,,,,,,,,,,,,,,,,,,,,,,,,,,,,,,,,,,,,,,,,,,,,,,
GLIN.AX,,,,,,,GLIN,iShares Core FTSE Global Infrastructure (AUD Hedged) ETF,,Spotlight ETP List,ETF/ETP,ASXInvestmentProductsMonthlyReport,,,,,,,,,,,,,,,,,,,,,,,,,,,,,,,,,,,,,,,,,,,,,,,,,,,,,,,,,
GLL.AX,,,,,,,GLL,GALILEE ENERGY LIMITED,Energy,Energy,EQUITY,ASXListedCompanies.csv,,,,,,,,,,,,,,,,,,,,,,,,,,,,,,,,,,,,,,,,,,,,,,,,,,,,,,,,,
GLN.AX,,,,,,,GLN,GALAN LITHIUM LIMITED,Materials,Materials,EQUITY,ASXListedCompanies.csv,,,,,,,,,,,,,,,,,,,,,,,,,,,,,,,,,,,,,,,,,,,,,,,,,,,,,,,,,
GLOB.AX,,,,,,,GLOB,Barrow Hanley Global Share Active ETF,,Spotlight ETP List,ETF/ETP,ASXInvestmentProductsMonthlyReport,,,,,,,,,,,,,,,,,,,,,,,,,,,,,,,,,,,,,,,,,,,,,,,,,,,,,,,,,
GLPR.AX,,,,,,,GLPR,iShares Core FTSE Global Property Ex Australia (AUD Hedged) ETF,,Spotlight ETP List,ETF/ETP,ASXInvestmentProductsMonthlyReport,,,,,,,,,,,,,,,,,,,,,,,,,,,,,,,,,,,,,,,,,,,,,,,,,,,,,,,,,
GLS.AX,,,,,,,GLS,L1 GLOBAL LONG SHORT FUND LIMITED,,Not Applic,EQUITY,ASXListedCompanies.csv,,,,,,,,,,,,,,,,,,,,,,,,,,,,,,,,,,,,,,,,,,,,,,,,,,,,,,,,,
GMD.AX,,,,,,,GMD,GENESIS MINERALS LIMITED,Materials,Materials,EQUITY,ASXListedCompanies.csv,,,,,,,,,,,,,,,,,,,,,,,,,,,,,,,,,,,,,,,,,,,,,,,,,,,,,,,,,
GMG.AX,,,,,,,GMG,GOODMAN GROUP,Real Estate,Equity Real Estate Investment Trusts (REITs),EQUITY,ASXListedCompanies.csv,,,,,,,,,,,,,,,,,,,,,,,,,,,,,,,,,,,,,,,,,,,,,,,,,,,,,,,,,
GML.AX,,,,,,,GML,GATEWAY MINING LIMITED,Materials,Materials,EQUITY,ASXListedCompanies.csv,,,,,,,,,,,,,,,,,,,,,,,,,,,,,,,,,,,,,,,,,,,,,,,,,,,,,,,,,
GMN.AX,,,,,,,GMN,GOLD MOUNTAIN LIMITED,Materials,Materials,EQUITY,ASXListedCompanies.csv,,,,,,,,,,,,,,,,,,,,,,,,,,,,,,,,,,,,,,,,,,,,,,,,,,,,,,,,,
GMTL.AX,,,,,,,GMTL,Global X Green Metal Miners ETF,,Spotlight ETP List,ETF/ETP,ASXInvestmentProductsMonthlyReport,,,,,,,,,,,,,,,,,,,,,,,,,,,,,,,,,,,,,,,,,,,,,,,,,,,,,,,,,
GMVW.AX,,,,,,,GMVW,VanEck Geared Australian Equal Weight Complex ETF,,Spotlight ETP List,ETF/ETP,ASXInvestmentProductsMonthlyReport,,,,,,,,,,,,,,,,,,,,,,,,,,,,,,,,,,,,,,,,,,,,,,,,,,,,,,,,,
GNC.AX,,,,,,,GNC,GRAINCORP LIMITED,Consumer Staples,Consumer Staples Distribution & Retail,EQUITY,ASXListedCompanies.csv,,,,,,,,,,,,,,,,,,,,,,,,,,,,,,,,,,,,,,,,,,,,,,,,,,,,,,,,,
GNDQ.AX,,,,,,,GNDQ,Betashares Wealth Builder Nasdaq 100 Geared (30-40% LVR) Complex ETF,,Spotlight ETP List,ETF/ETP,ASXInvestmentProductsMonthlyReport,,,,,,,,,,,,,,,,,,,,,,,,,,,,,,,,,,,,,,,,,,,,,,,,,,,,,,,,,
GNE.AX,,,,,,,GNE,GENESIS ENERGY LIMITED,Utilities,Utilities,EQUITY,ASXListedCompanies.csv,,,,,,,,,,,,,,,,,,,,,,,,,,,,,,,,,,,,,,,,,,,,,,,,,,,,,,,,,
GNG.AX,,,,,,,GNG,GR ENGINEERING SERVICES LIMITED,Materials,Materials,EQUITY,ASXListedCompanies.csv,,,,,,,,,,,,,,,,,,,,,,,,,,,,,,,,,,,,,,,,,,,,,,,,,,,,,,,,,
GNM.AX,,,,,,,GNM,GREAT NORTHERN MINERALS LIMITED,Materials,Materials,EQUITY,ASXListedCompanies.csv,,,,,,,,,,,,,,,,,,,,,,,,,,,,,,,,,,,,,,,,,,,,,,,,,,,,,,,,,
GNP.AX,,,,,,,GNP,GENUSPLUS GROUP LTD,Industrials,Capital Goods,EQUITY,ASXListedCompanies.csv,,,,,,,,,,,,,,,,,,,,,,,,,,,,,,,,,,,,,,,,,,,,,,,,,,,,,,,,,
GOAT.AX,,,,,,,GOAT,VanEck Morningstar International Wide Moat ETF,,Spotlight ETP List,ETF/ETP,ASXInvestmentProductsMonthlyReport,,,,,,,,,,,,,,,,,,,,,,,,,,,,,,,,,,,,,,,,,,,,,,,,,,,,,,,,,
GOLD.AX,,,,,,,GOLD,Global X Physical Gold,,Spotlight ETP List,ETF/ETP,ASXInvestmentProductsMonthlyReport,,,,,,,,,,,,,,,,,,,,,,,,,,,,,,,,,,,,,,,,,,,,,,,,,,,,,,,,,
GOOD.AX,,,,,,,GOOD,Janus Henderson Sustainable Credit Active ETF,,Spotlight ETP List,ETF/ETP,ASXInvestmentProductsMonthlyReport,,,,,,,,,,,,,,,,,,,,,,,,,,,,,,,,,,,,,,,,,,,,,,,,,,,,,,,,,
GOVT.AX,,,,,,,GOVT,SPDR S&P/ASX Australian Government Bond ETF,,Spotlight ETP List,ETF/ETP,ASXInvestmentProductsMonthlyReport,,,,,,,,,,,,,,,,,,,,,,,,,,,,,,,,,,,,,,,,,,,,,,,,,,,,,,,,,
GOW.AX,,,,,,,GOW,GOWING BROS LIMITED,Financials,Financial Services,EQUITY,ASXListedCompanies.csv,,,,,,,,,,,,,,,,,,,,,,,,,,,,,,,,,,,,,,,,,,,,,,,,,,,,,,,,,
GOZ.AX,,,,,,,GOZ,GROWTHPOINT PROPERTIES AUSTRALIA,Real Estate,Equity Real Estate Investment Trusts (REITs),EQUITY,ASXListedCompanies.csv,,,,,,,,,,,,,,,,,,,,,,,,,,,,,,,,,,,,,,,,,,,,,,,,,,,,,,,,,
GPEQ.AX,,,,,,,GPEQ,VanEck Global Listed Private Equity ETF,,Spotlight ETP List,ETF/ETP,ASXInvestmentProductsMonthlyReport,,,,,,,,,,,,,,,,,,,,,,,,,,,,,,,,,,,,,,,,,,,,,,,,,,,,,,,,,
GPR.AX,,,,,,,GPR,GEOPACIFIC RESOURCES LTD,Materials,Materials,EQUITY,ASXListedCompanies.csv,,,,,,,,,,,,,,,,,,,,,,,,,,,,,,,,,,,,,,,,,,,,,,,,,,,,,,,,,
GPT.AX,,,,,,,GPT,GPT GROUP,Real Estate,Equity Real Estate Investment Trusts (REITs),EQUITY,ASXListedCompanies.csv,,,,,,,,,,,,,,,,,,,,,,,,,,,,,,,,,,,,,,,,,,,,,,,,,,,,,,,,,
GQG.AX,,,,,,,GQG,GQG PARTNERS INC.,Financials,Financial Services,EQUITY,ASXListedCompanies.csv,,,,,,,,,,,,,,,,,,,,,,,,,,,,,,,,,,,,,,,,,,,,,,,,,,,,,,,,,
GR8.AX,,,,,,,GR8,GREAT DIRT RESOURCES LTD,Materials,Materials,EQUITY,ASXListedCompanies.csv,,,,,,,,,,,,,,,,,,,,,,,,,,,,,,,,,,,,,,,,,,,,,,,,,,,,,,,,,
GRE.AX,,,,,,,GRE,GREENTECH METALS LIMITED,Materials,Materials,EQUITY,ASXListedCompanies.csv,,,,,,,,,,,,,,,,,,,,,,,,,,,,,,,,,,,,,,,,,,,,,,,,,,,,,,,,,
GRIN.AX,,,,,,,GRIN,VanEck India Growth Leaders ETF,,Spotlight ETP List,ETF/ETP,ASXInvestmentProductsMonthlyReport,,,,,,,,,,,,,,,,,,,,,,,,,,,,,,,,,,,,,,,,,,,,,,,,,,,,,,,,,
GRL.AX,,,,,,,GRL,GODOLPHIN RESOURCES LIMITED,Materials,Materials,EQUITY,ASXListedCompanies.csv,,,,,,,,,,,,,,,,,,,,,,,,,,,,,,,,,,,,,,,,,,,,,,,,,,,,,,,,,
GRNV.AX,,,,,,,GRNV,VanEck MSCI Australian Sustainable Equity ETF,,Spotlight ETP List,ETF/ETP,ASXInvestmentProductsMonthlyReport,,,,,,,,,,,,,,,,,,,,,,,,,,,,,,,,,,,,,,,,,,,,,,,,,,,,,,,,,
GROW.AX,,,,,,,GROW,Schroder Real Return Active ETF,,Spotlight ETP List,ETF/ETP,ASXInvestmentProductsMonthlyReport,,,,,,,,,,,,,,,,,,,,,,,,,,,,,,,,,,,,,,,,,,,,,,,,,,,,,,,,,
GRPA.AX,,,,,,,GRPA,Global X S&P Australia GARP ETF,,Spotlight ETP List,ETF/ETP,ASXInvestmentProductsMonthlyReport,,,,,,,,,,,,,,,,,,,,,,,,,,,,,,,,,,,,,,,,,,,,,,,,,,,,,,,,,
GRR.AX,,,,,,,GRR,GRANGE RESOURCES LIMITED.,Materials,Materials,EQUITY,ASXListedCompanies.csv,,,,,,,,,,,,,,,,,,,,,,,,,,,,,,,,,,,,,,,,,,,,,,,,,,,,,,,,,
GRV.AX,,,,,,,GRV,GREENVALE ENERGY LTD,Energy,Energy,EQUITY,ASXListedCompanies.csv,,,,,,,,,,,,,,,,,,,,,,,,,,,,,,,,,,,,,,,,,,,,,,,,,,,,,,,,,
GRX.AX,,,,,,,GRX,GREENX METALS LIMITED,Materials,Materials,EQUITY,ASXListedCompanies.csv,,,,,,,,,,,,,,,,,,,,,,,,,,,,,,,,,,,,,,,,,,,,,,,,,,,,,,,,,
GSCF.AX,,,,,,,GSCF,Ausbil Global SmallCap Fund – Active ETF,,Spotlight ETP List,ETF/ETP,ASXInvestmentProductsMonthlyReport,,,,,,,,,,,,,,,,,,,,,,,,,,,,,,,,,,,,,,,,,,,,,,,,,,,,,,,,,
GSM.AX,,,,,,,GSM,GOLDEN STATE MINING LIMITED,Materials,Materials,EQUITY,ASXListedCompanies.csv,,,,,,,,,,,,,,,,,,,,,,,,,,,,,,,,,,,,,,,,,,,,,,,,,,,,,,,,,
GSN.AX,,,,,,,GSN,GREAT SOUTHERN MINING LIMITED,Materials,Materials,EQUITY,ASXListedCompanies.csv,,,,,,,,,,,,,,,,,,,,,,,,,,,,,,,,,,,,,,,,,,,,,,,,,,,,,,,,,
GSS.AX,,,,,,,GSS,GENETIC SIGNATURES LIMITED,Health Care,"Pharmaceuticals, Biotechnology & Life Sciences",EQUITY,ASXListedCompanies.csv,,,,,,,,,,,,,,,,,,,,,,,,,,,,,,,,,,,,,,,,,,,,,,,,,,,,,,,,,
GSUS.AX,,,,,,,GSUS,Candriam Sustainable Global Equity Fund – Active ETF,,Spotlight ETP List,ETF/ETP,ASXInvestmentProductsMonthlyReport,,,,,,,,,,,,,,,,,,,,,,,,,,,,,,,,,,,,,,,,,,,,,,,,,,,,,,,,,
GT1.AX,,,,,,,GT1,GREEN TECHNOLOGY METALS LIMITED,Materials,Materials,EQUITY,ASXListedCompanies.csv,,,,,,,,,,,,,,,,,,,,,,,,,,,,,,,,,,,,,,,,,,,,,,,,,,,,,,,,,
GT3.AX,,,,,,,GT3,GREEN360 TECHNOLOGIES LIMITED,Materials,Materials,EQUITY,ASXListedCompanies.csv,,,,,,,,,,,,,,,,,,,,,,,,,,,,,,,,,,,,,,,,,,,,,,,,,,,,,,,,,
GTE.AX,,,,,,,GTE,GREAT WESTERN EXPLORATION LIMITED.,Materials,Materials,EQUITY,ASXListedCompanies.csv,,,,,,,,,,,,,,,,,,,,,,,,,,,,,,,,,,,,,,,,,,,,,,,,,,,,,,,,,
GTG.AX,,,,,,,GTG,GENETIC TECHNOLOGIES LIMITED,Health Care,"Pharmaceuticals, Biotechnology & Life Sciences",EQUITY,ASXListedCompanies.csv,,,,,,,,,,,,,,,,,,,,,,,,,,,,,,,,,,,,,,,,,,,,,,,,,,,,,,,,,
GTI.AX,,,,,,,GTI,GRATIFII LIMITED,Information Technology,Software & Services,EQUITY,ASXListedCompanies.csv,,,,,,,,,,,,,,,,,,,,,,,,,,,,,,,,,,,,,,,,,,,,,,,,,,,,,,,,,
GTK.AX,,,,,,,GTK,GENTRACK GROUP LIMITED,Information Technology,Software & Services,EQUITY,ASXListedCompanies.csv,,,,,,,,,,,,,,,,,,,,,,,,,,,,,,,,,,,,,,,,,,,,,,,,,,,,,,,,,
GTN.AX,,,,,,,GTN,GTN LIMITED,Communication Services,Media & Entertainment,EQUITY,ASXListedCompanies.csv,,,,,,,,,,,,,,,,,,,,,,,,,,,,,,,,,,,,,,,,,,,,,,,,,,,,,,,,,
GUE.AX,,,,,,,GUE,GLOBAL URANIUM AND ENRICHMENT LTD,Materials,Materials,EQUITY,ASXListedCompanies.csv,,,,,,,,,,,,,,,,,,,,,,,,,,,,,,,,,,,,,,,,,,,,,,,,,,,,,,,,,
GUL.AX,,,,,,,GUL,GULLEWA LIMITED,Materials,Materials,EQUITY,ASXListedCompanies.csv,,,,,,,,,,,,,,,,,,,,,,,,,,,,,,,,,,,,,,,,,,,,,,,,,,,,,,,,,
GUM.AX,,,,,,,GUM,GUMTREE AUSTRALIA MARKETS LIMITED,Communication Services,Media & Entertainment,EQUITY,ASXListedCompanies.csv,,,,,,,,,,,,,,,,,,,,,,,,,,,,,,,,,,,,,,,,,,,,,,,,,,,,,,,,,
GVF.AX,,,,,,,GVF,STAUDE CAPITAL GLOBAL VALUE FUND LIMITED,,Not Applic,EQUITY,ASXListedCompanies.csv,,,,,,,,,,,,,,,,,,,,,,,,,,,,,,,,,,,,,,,,,,,,,,,,,,,,,,,,,
GW1.AX,,,,,,,GW1,GREENWING RESOURCES LTD,Materials,Materials,EQUITY,ASXListedCompanies.csv,,,,,,,,,,,,,,,,,,,,,,,,,,,,,,,,,,,,,,,,,,,,,,,,,,,,,,,,,
GWA.AX,,,,,,,GWA,GWA GROUP LIMITED.,Industrials,Capital Goods,EQUITY,ASXListedCompanies.csv,,,,,,,,,,,,,,,,,,,,,,,,,,,,,,,,,,,,,,,,,,,,,,,,,,,,,,,,,
GWR.AX,,,,,,,GWR,GWR GROUP LIMITED,Materials,Materials,EQUITY,ASXListedCompanies.csv,,,,,,,,,,,,,,,,,,,,,,,,,,,,,,,,,,,,,,,,,,,,,,,,,,,,,,,,,
GWTH.AX,,,,,,,GWTH,VanEck MSCI International Growth ETF,,Spotlight ETP List,ETF/ETP,ASXInvestmentProductsMonthlyReport,,,,,,,,,,,,,,,,,,,,,,,,,,,,,,,,,,,,,,,,,,,,,,,,,,,,,,,,,
GXAI.AX,,,,,,,GXAI,Global X Artificial Intelligence ETF,,Spotlight ETP List,ETF/ETP,ASXInvestmentProductsMonthlyReport,,,,,,,,,,,,,,,,,,,,,,,,,,,,,,,,,,,,,,,,,,,,,,,,,,,,,,,,,
GXLD.AX,,,,,,,GXLD,Global X Gold Bullion ETF,,Spotlight ETP List,ETF/ETP,ASXInvestmentProductsMonthlyReport,,,,,,,,,,,,,,,,,,,,,,,,,,,,,,,,,,,,,,,,,,,,,,,,,,,,,,,,,
GYG.AX,,,,,,,GYG,GUZMAN Y GOMEZ LIMITED,Consumer Discretionary,Consumer Services,EQUITY,ASXListedCompanies.csv,,,,,,,,,,,,,,,,,,,,,,,,,,,,,,,,,,,,,,,,,,,,,,,,,,,,,,,,,
H100.AX,,,,,,,H100,Betashares FTSE 100 Currency Hedged ETF,,Spotlight ETP List,ETF/ETP,ASXInvestmentProductsMonthlyReport,,,,,,,,,,,,,,,,,,,,,,,,,,,,,,,,,,,,,,,,,,,,,,,,,,,,,,,,,
H2G.AX,,,,,,,H2G,GREENHY2 LIMITED,Industrials,Commercial & Professional Services,EQUITY,ASXListedCompanies.csv,,,,,,,,,,,,,,,,,,,,,,,,,,,,,,,,,,,,,,,,,,,,,,,,,,,,,,,,,
H3E.AX,,,,,,,H3E,H3 ENERGY LIMITED,Energy,Energy,EQUITY,ASXListedCompanies.csv,,,,,,,,,,,,,,,,,,,,,,,,,,,,,,,,,,,,,,,,,,,,,,,,,,,,,,,,,
HACK.AX,,,,,,,HACK,Betashares Global Cybersecurity ETF,,Spotlight ETP List,ETF/ETP,ASXInvestmentProductsMonthlyReport,,,,,,,,,,,,,,,,,,,,,,,,,,,,,,,,,,,,,,,,,,,,,,,,,,,,,,,,,
HAL.AX,,,,,,,HAL,HALO TECHNOLOGIES HOLDINGS LTD,Financials,Financial Services,EQUITY,ASXListedCompanies.csv,,,,,,,,,,,,,,,,,,,,,,,,,,,,,,,,,,,,,,,,,,,,,,,,,,,,,,,,,
HAR.AX,,,,,,,HAR,HARANGA RESOURCES LIMITED.,Materials,Materials,EQUITY,ASXListedCompanies.csv,,,,,,,,,,,,,,,,,,,,,,,,,,,,,,,,,,,,,,,,,,,,,,,,,,,,,,,,,
HAS.AX,,,,,,,HAS,HASTINGS TECHNOLOGY METALS LTD,Materials,Materials,EQUITY,ASXListedCompanies.csv,,,,,,,,,,,,,,,,,,,,,,,,,,,,,,,,,,,,,,,,,,,,,,,,,,,,,,,,,
HAV.AX,,,,,,,HAV,HAVILAH RESOURCES LIMITED,Materials,Materials,EQUITY,ASXListedCompanies.csv,,,,,,,,,,,,,,,,,,,,,,,,,,,,,,,,,,,,,,,,,,,,,,,,,,,,,,,,,
HAW.AX,,,,,,,HAW,HAWTHORN RESOURCES LIMITED,Materials,Materials,EQUITY,ASXListedCompanies.csv,,,,,,,,,,,,,,,,,,,,,,,,,,,,,,,,,,,,,,,,,,,,,,,,,,,,,,,,,
HBRD.AX,,,,,,,HBRD,BetaShares Australian Hybrids Active ETF,,Spotlight ETP List,ETF/ETP,ASXInvestmentProductsMonthlyReport,,,,,,,,,,,,,,,,,,,,,,,,,,,,,,,,,,,,,,,,,,,,,,,,,,,,,,,,,
HCD.AX,,,,,,,HCD,HYDROCARBON DYNAMICS LIMITED,Energy,Energy,EQUITY,ASXListedCompanies.csv,,,,,,,,,,,,,,,,,,,,,,,,,,,,,,,,,,,,,,,,,,,,,,,,,,,,,,,,,
HCF.AX,,,,,,,HCF,H&G HIGH CONVICTION LIMITED,,Not Applic,EQUITY,ASXListedCompanies.csv,,,,,,,,,,,,,,,,,,,,,,,,,,,,,,,,,,,,,,,,,,,,,,,,,,,,,,,,,
HCH.AX,,,,,,,HCH,HOT CHILI LIMITED,Materials,Materials,EQUITY,ASXListedCompanies.csv,,,,,,,,,,,,,,,,,,,,,,,,,,,,,,,,,,,,,,,,,,,,,,,,,,,,,,,,,
HCL.AX,,,,,,,HCL,HIGHCOM LIMITED,Industrials,Capital Goods,EQUITY,ASXListedCompanies.csv,,,,,,,,,,,,,,,,,,,,,,,,,,,,,,,,,,,,,,,,,,,,,,,,,,,,,,,,,
HCRD.AX,,,,,,,HCRD,Betashares Interest Rate Hedged Australian Grade Corporate Bond ETF,,Spotlight ETP List,ETF/ETP,ASXInvestmentProductsMonthlyReport,,,,,,,,,,,,,,,,,,,,,,,,,,,,,,,,,,,,,,,,,,,,,,,,,,,,,,,,,
HCT.AX,,,,,,,HCT,HOLISTA COLLTECH LIMITED,Consumer Staples,Household & Personal Products,EQUITY,ASXListedCompanies.csv,,,,,,,,,,,,,,,,,,,,,,,,,,,,,,,,,,,,,,,,,,,,,,,,,,,,,,,,,
HCW.AX,,,,,,,HCW,HEALTHCO HEALTHCARE AND WELLNESS REIT,Real Estate,Equity Real Estate Investment Trusts (REITs),EQUITY,ASXListedCompanies.csv,,,,,,,,,,,,,,,,,,,,,,,,,,,,,,,,,,,,,,,,,,,,,,,,,,,,,,,,,
HDN.AX,,,,,,,HDN,HOMECO DAILY NEEDS REIT,Real Estate,Equity Real Estate Investment Trusts (REITs),EQUITY,ASXListedCompanies.csv,,,,,,,,,,,,,,,,,,,,,,,,,,,,,,,,,,,,,,,,,,,,,,,,,,,,,,,,,
HE8.AX,,,,,,,HE8,HELIOS ENERGY LTD,Energy,Energy,EQUITY,ASXListedCompanies.csv,,,,,,,,,,,,,,,,,,,,,,,,,,,,,,,,,,,,,,,,,,,,,,,,,,,,,,,,,
HETH.AX,,,,,,,HETH,Betashares Global Sustainability Leaders ETF - Currency Hedged,,Spotlight ETP List,ETF/ETP,ASXInvestmentProductsMonthlyReport,,,,,,,,,,,,,,,,,,,,,,,,,,,,,,,,,,,,,,,,,,,,,,,,,,,,,,,,,
HEUR.AX,,,,,,,HEUR,Betashares Europe ETF - Currency Hedged,,Spotlight ETP List,ETF/ETP,ASXInvestmentProductsMonthlyReport,,,,,,,,,,,,,,,,,,,,,,,,,,,,,,,,,,,,,,,,,,,,,,,,,,,,,,,,,
HFR.AX,,,,,,,HFR,HIGHFIELD RESOURCES LIMITED,Materials,Materials,EQUITY,ASXListedCompanies.csv,,,,,,,,,,,,,,,,,,,,,,,,,,,,,,,,,,,,,,,,,,,,,,,,,,,,,,,,,
HFY.AX,,,,,,,HFY,HUBIFY LIMITED,Communication Services,Telecommunication Services,EQUITY,ASXListedCompanies.csv,,,,,,,,,,,,,,,,,,,,,,,,,,,,,,,,,,,,,,,,,,,,,,,,,,,,,,,,,
HGBL.AX,,,,,,,HGBL,Betashares Global Shares Currency Hedged ETF,,Spotlight ETP List,ETF/ETP,ASXInvestmentProductsMonthlyReport,,,,,,,,,,,,,,,,,,,,,,,,,,,,,,,,,,,,,,,,,,,,,,,,,,,,,,,,,
HGEN.AX,,,,,,,HGEN,Global X Hydrogen ETF,,Spotlight ETP List,ETF/ETP,ASXInvestmentProductsMonthlyReport,,,,,,,,,,,,,,,,,,,,,,,,,,,,,,,,,,,,,,,,,,,,,,,,,,,,,,,,,
HGH.AX,,,,,,,HGH,HEARTLAND GROUP HOLDINGS LIMITED,Financials,Banks,EQUITY,ASXListedCompanies.csv,,,,,,,,,,,,,,,,,,,,,,,,,,,,,,,,,,,,,,,,,,,,,,,,,,,,,,,,,
HGO.AX,,,,,,,HGO,HILLGROVE RESOURCES LIMITED,Materials,Materials,EQUITY,ASXListedCompanies.csv,,,,,,,,,,,,,,,,,,,,,,,,,,,,,,,,,,,,,,,,,,,,,,,,,,,,,,,,,
HHIF.AX,,,,,,,HHIF,Hejaz High Innovation Active ETF,,Spotlight ETP List,ETF/ETP,ASXInvestmentProductsMonthlyReport,,,,,,,,,,,,,,,,,,,,,,,,,,,,,,,,,,,,,,,,,,,,,,,,,,,,,,,,,
HHR.AX,,,,,,,HHR,HARTSHEAD RESOURCES NL,Energy,Energy,EQUITY,ASXListedCompanies.csv,,,,,,,,,,,,,,,,,,,,,,,,,,,,,,,,,,,,,,,,,,,,,,,,,,,,,,,,,
HIO.AX,,,,,,,HIO,HAWSONS IRON LTD,Materials,Materials,EQUITY,ASXListedCompanies.csv,,,,,,,,,,,,,,,,,,,,,,,,,,,,,,,,,,,,,,,,,,,,,,,,,,,,,,,,,
HIQ.AX,,,,,,,HIQ,HITIQ LIMITED,Health Care,Health Care Equipment & Services,EQUITY,ASXListedCompanies.csv,,,,,,,,,,,,,,,,,,,,,,,,,,,,,,,,,,,,,,,,,,,,,,,,,,,,,,,,,
HIT.AX,,,,,,,HIT,HITECH GROUP AUSTRALIA LIMITED,Industrials,Commercial & Professional Services,EQUITY,ASXListedCompanies.csv,,,,,,,,,,,,,,,,,,,,,,,,,,,,,,,,,,,,,,,,,,,,,,,,,,,,,,,,,
HJHI.AX,,,,,,,HJHI,Hejaz High Income Active ETF,,Spotlight ETP List,ETF/ETP,ASXInvestmentProductsMonthlyReport,,,,,,,,,,,,,,,,,,,,,,,,,,,,,,,,,,,,,,,,,,,,,,,,,,,,,,,,,
HJPN.AX,,,,,,,HJPN,Betashares Japan Currency Hedged ETF,,Spotlight ETP List,ETF/ETP,ASXInvestmentProductsMonthlyReport,,,,,,,,,,,,,,,,,,,,,,,,,,,,,,,,,,,,,,,,,,,,,,,,,,,,,,,,,
HJZP.AX,,,,,,,HJZP,Hejaz Property Fund Active ETF,,Spotlight ETP List,ETF/ETP,ASXInvestmentProductsMonthlyReport,,,,,,,,,,,,,,,,,,,,,,,,,,,,,,,,,,,,,,,,,,,,,,,,,,,,,,,,,
HLI.AX,,,,,,,HLI,HELIA GROUP LIMITED,Financials,Financial Services,EQUITY,ASXListedCompanies.csv,,,,,,,,,,,,,,,,,,,,,,,,,,,,,,,,,,,,,,,,,,,,,,,,,,,,,,,,,
HLO.AX,,,,,,,HLO,HELLOWORLD TRAVEL LIMITED,Consumer Discretionary,Consumer Services,EQUITY,ASXListedCompanies.csv,,,,,,,,,,,,,,,,,,,,,,,,,,,,,,,,,,,,,,,,,,,,,,,,,,,,,,,,,
HLS.AX,,,,,,,HLS,HEALIUS LIMITED,Health Care,Health Care Equipment & Services,EQUITY,ASXListedCompanies.csv,,,,,,,,,,,,,,,,,,,,,,,,,,,,,,,,,,,,,,,,,,,,,,,,,,,,,,,,,
HLTH.AX,,,,,,,HLTH,VanEck Global Healthcare Leaders ETF,,Spotlight ETP List,ETF/ETP,ASXInvestmentProductsMonthlyReport,,,,,,,,,,,,,,,,,,,,,,,,,,,,,,,,,,,,,,,,,,,,,,,,,,,,,,,,,
HLX.AX,,,,,,,HLX,HELIX RESOURCES LIMITED,Materials,Materials,EQUITY,ASXListedCompanies.csv,,,,,,,,,,,,,,,,,,,,,,,,,,,,,,,,,,,,,,,,,,,,,,,,,,,,,,,,,
HM1.AX,,,,,,,HM1,HEARTS AND MINDS INVESTMENTS LIMITED,,Not Applic,EQUITY,ASXListedCompanies.csv,,,,,,,,,,,,,,,,,,,,,,,,,,,,,,,,,,,,,,,,,,,,,,,,,,,,,,,,,
HMC.AX,,,,,,,HMC,HMC CAPITAL LIMITED,Financials,Financial Services,EQUITY,ASXListedCompanies.csv,,,,,,,,,,,,,,,,,,,,,,,,,,,,,,,,,,,,,,,,,,,,,,,,,,,,,,,,,
HMD.AX,,,,,,,HMD,HERAMED LIMITED,Health Care,Health Care Equipment & Services,EQUITY,ASXListedCompanies.csv,,,,,,,,,,,,,,,,,,,,,,,,,,,,,,,,,,,,,,,,,,,,,,,,,,,,,,,,,
HMG.AX,,,,,,,HMG,HAMELIN GOLD LIMITED,Materials,Materials,EQUITY,ASXListedCompanies.csv,,,,,,,,,,,,,,,,,,,,,,,,,,,,,,,,,,,,,,,,,,,,,,,,,,,,,,,,,
HMI.AX,,,,,,,HMI,HIREMII LIMITED,Industrials,Commercial & Professional Services,EQUITY,ASXListedCompanies.csv,,,,,,,,,,,,,,,,,,,,,,,,,,,,,,,,,,,,,,,,,,,,,,,,,,,,,,,,,
HMX.AX,,,,,,,HMX,HAMMER METALS LIMITED,Materials,Materials,EQUITY,ASXListedCompanies.csv,,,,,,,,,,,,,,,,,,,,,,,,,,,,,,,,,,,,,,,,,,,,,,,,,,,,,,,,,
HMY.AX,,,,,,,HMY,HARMONEY CORP LIMITED,Financials,Financial Services,EQUITY,ASXListedCompanies.csv,,,,,,,,,,,,,,,,,,,,,,,,,,,,,,,,,,,,,,,,,,,,,,,,,,,,,,,,,
HNDQ.AX,,,,,,,HNDQ,Betashares NASDAQ 100 ETF - Currency Hedged ETF,,Spotlight ETP List,ETF/ETP,ASXInvestmentProductsMonthlyReport,,,,,,,,,,,,,,,,,,,,,,,,,,,,,,,,,,,,,,,,,,,,,,,,,,,,,,,,,
HNG.AX,,,,,,,HNG,HANCOCK & GORE LTD,Industrials,Capital Goods,EQUITY,ASXListedCompanies.csv,,,,,,,,,,,,,,,,,,,,,,,,,,,,,,,,,,,,,,,,,,,,,,,,,,,,,,,,,
HOR.AX,,,,,,,HOR,HORSESHOE METALS LIMITED,Materials,Materials,EQUITY,ASXListedCompanies.csv,,,,,,,,,,,,,,,,,,,,,,,,,,,,,,,,,,,,,,,,,,,,,,,,,,,,,,,,,
HPC.AX,,,,,,,HPC,THE HYDRATION PHARMACEUTICALS COMPANY LIMITED,Consumer Staples,Household & Personal Products,EQUITY,ASXListedCompanies.csv,,,,,,,,,,,,,,,,,,,,,,,,,,,,,,,,,,,,,,,,,,,,,,,,,,,,,,,,,
HPG.AX,,,,,,,HPG,HIPAGES GROUP HOLDINGS LTD,Communication Services,Media & Entertainment,EQUITY,ASXListedCompanies.csv,,,,,,,,,,,,,,,,,,,,,,,,,,,,,,,,,,,,,,,,,,,,,,,,,,,,,,,,,
HPR.AX,,,,,,,HPR,HIGH PEAK ROYALTIES LIMITED,Energy,Energy,EQUITY,ASXListedCompanies.csv,,,,,,,,,,,,,,,,,,,,,,,,,,,,,,,,,,,,,,,,,,,,,,,,,,,,,,,,,
HQLT.AX,,,,,,,HQLT,Betashares Global Quality Leaders ETF - Currency Hedged,,Spotlight ETP List,ETF/ETP,ASXInvestmentProductsMonthlyReport,,,,,,,,,,,,,,,,,,,,,,,,,,,,,,,,,,,,,,,,,,,,,,,,,,,,,,,,,
HQUS.AX,,,,,,,HQUS,Betashares S&P 500 Equal Weight Currency Hedged ETF,,Spotlight ETP List,ETF/ETP,ASXInvestmentProductsMonthlyReport,,,,,,,,,,,,,,,,,,,,,,,,,,,,,,,,,,,,,,,,,,,,,,,,,,,,,,,,,
HRE.AX,,,,,,,HRE,HEAVY RARE EARTHS LIMITED,Materials,Materials,EQUITY,ASXListedCompanies.csv,,,,,,,,,,,,,,,,,,,,,,,,,,,,,,,,,,,,,,,,,,,,,,,,,,,,,,,,,
HRN.AX,,,,,,,HRN,HORIZON GOLD LIMITED,Materials,Materials,EQUITY,ASXListedCompanies.csv,,,,,,,,,,,,,,,,,,,,,,,,,,,,,,,,,,,,,,,,,,,,,,,,,,,,,,,,,
HRZ.AX,,,,,,,HRZ,HORIZON MINERALS LIMITED,Materials,Materials,EQUITY,ASXListedCompanies.csv,,,,,,,,,,,,,,,,,,,,,,,,,,,,,,,,,,,,,,,,,,,,,,,,,,,,,,,,,
HSN.AX,,,,,,,HSN,HANSEN TECHNOLOGIES LIMITED,Information Technology,Software & Services,EQUITY,ASXListedCompanies.csv,,,,,,,,,,,,,,,,,,,,,,,,,,,,,,,,,,,,,,,,,,,,,,,,,,,,,,,,,
HT8.AX,,,,,,,HT8,HARRIS TECHNOLOGY GROUP LIMITED,Industrials,Transportation,EQUITY,ASXListedCompanies.csv,,,,,,,,,,,,,,,,,,,,,,,,,,,,,,,,,,,,,,,,,,,,,,,,,,,,,,,,,
HTG.AX,,,,,,,HTG,HARVEST TECHNOLOGY GROUP LTD,Information Technology,Technology Hardware & Equipment,EQUITY,ASXListedCompanies.csv,,,,,,,,,,,,,,,,,,,,,,,,,,,,,,,,,,,,,,,,,,,,,,,,,,,,,,,,,
HTM.AX,,,,,,,HTM,HIGH-TECH METALS LTD,Materials,Materials,EQUITY,ASXListedCompanies.csv,,,,,,,,,,,,,,,,,,,,,,,,,,,,,,,,,,,,,,,,,,,,,,,,,,,,,,,,,
HUB.AX,,,,,,,HUB,HUB24 LIMITED,Financials,Financial Services,EQUITY,ASXListedCompanies.csv,,,,,,,,,,,,,,,,,,,,,,,,,,,,,,,,,,,,,,,,,,,,,,,,,,,,,,,,,
HUGE.AX,,,,,,,HUGE,ETFS Magnificent 7+ ETF,,Spotlight ETP List,ETF/ETP,ASXInvestmentProductsMonthlyReport,,,,,,,,,,,,,,,,,,,,,,,,,,,,,,,,,,,,,,,,,,,,,,,,,,,,,,,,,
HUM.AX,,,,,,,HUM,HUMM GROUP LIMITED,Financials,Financial Services,EQUITY,ASXListedCompanies.csv,,,,,,,,,,,,,,,,,,,,,,,,,,,,,,,,,,,,,,,,,,,,,,,,,,,,,,,,,
HVLU.AX,,,,,,,HVLU,VanEck MSCI International Value (AUD Hedged) ETF,,Spotlight ETP List,ETF/ETP,ASXInvestmentProductsMonthlyReport,,,,,,,,,,,,,,,,,,,,,,,,,,,,,,,,,,,,,,,,,,,,,,,,,,,,,,,,,
HVN.AX,,,,,,,HVN,HARVEY NORMAN HOLDINGS LIMITED,Consumer Discretionary,Consumer Discretionary Distribution & Retail,EQUITY,ASXListedCompanies.csv,,,,,,,,,,,,,,,,,,,,,,,,,,,,,,,,,,,,,,,,,,,,,,,,,,,,,,,,,
HVST.AX,,,,,,,HVST,BetaShares Aus Dividend Harvester Active ETF,,Spotlight ETP List,ETF/ETP,ASXInvestmentProductsMonthlyReport,,,,,,,,,,,,,,,,,,,,,,,,,,,,,,,,,,,,,,,,,,,,,,,,,,,,,,,,,
HVY.AX,,,,,,,HVY,HEAVY MINERALS LIMITED,Materials,Materials,EQUITY,ASXListedCompanies.csv,,,,,,,,,,,,,,,,,,,,,,,,,,,,,,,,,,,,,,,,,,,,,,,,,,,,,,,,,
HWK.AX,,,,,,,HWK,HAWK RESOURCES LIMITED.,Materials,Materials,EQUITY,ASXListedCompanies.csv,,,,,,,,,,,,,,,,,,,,,,,,,,,,,,,,,,,,,,,,,,,,,,,,,,,,,,,,,
HXL.AX,,,,,,,HXL,HEXIMA LIMITED.,Health Care,"Pharmaceuticals, Biotechnology & Life Sciences",EQUITY,ASXListedCompanies.csv,,,,,,,,,,,,,,,,,,,,,,,,,,,,,,,,,,,,,,,,,,,,,,,,,,,,,,,,,
HYD.AX,,,,,,,HYD,HYDRIX LIMITED,Information Technology,Technology Hardware & Equipment,EQUITY,ASXListedCompanies.csv,,,,,,,,,,,,,,,,,,,,,,,,,,,,,,,,,,,,,,,,,,,,,,,,,,,,,,,,,
HYGG.AX,,,,,,,HYGG,Hyperion Global Growth Companies Fund - Active ETF,,Spotlight ETP List,ETF/ETP,ASXInvestmentProductsMonthlyReport,,,,,,,,,,,,,,,,,,,,,,,,,,,,,,,,,,,,,,,,,,,,,,,,,,,,,,,,,
HYLD.AX,,,,,,,HYLD,Betashares S&P Australian Shares High Yield ETF,,Spotlight ETP List,ETF/ETP,ASXInvestmentProductsMonthlyReport,,,,,,,,,,,,,,,,,,,,,,,,,,,,,,,,,,,,,,,,,,,,,,,,,,,,,,,,,
HYT.AX,,,,,,,HYT,HYTERRA LTD,Energy,Energy,EQUITY,ASXListedCompanies.csv,,,,,,,,,,,,,,,,,,,,,,,,,,,,,,,,,,,,,,,,,,,,,,,,,,,,,,,,,
HZN.AX,,,,,,,HZN,HORIZON OIL LIMITED,Energy,Energy,EQUITY,ASXListedCompanies.csv,,,,,,,,,,,,,,,,,,,,,,,,,,,,,,,,,,,,,,,,,,,,,,,,,,,,,,,,,
HZR.AX,,,,,,,HZR,HAZER GROUP LIMITED,Materials,Materials,EQUITY,ASXListedCompanies.csv,,,,,,,,,,,,,,,,,,,,,,,,,,,,,,,,,,,,,,,,,,,,,,,,,,,,,,,,,
I88.AX,,,,,,,I88,INFINI RESOURCES LIMITED,Materials,Materials,EQUITY,ASXListedCompanies.csv,,,,,,,,,,,,,,,,,,,,,,,,,,,,,,,,,,,,,,,,,,,,,,,,,,,,,,,,,
IAA.AX,,,,,,,IAA,iShares Asia 50 ETF,,Spotlight ETP List,ETF/ETP,ASXInvestmentProductsMonthlyReport,,,,,,,,,,,,,,,,,,,,,,,,,,,,,,,,,,,,,,,,,,,,,,,,,,,,,,,,,
IACT.AX,,,,,,,IACT,Ishares U.S. Factor Rotation Active ETF,,Spotlight ETP List,ETF/ETP,ASXInvestmentProductsMonthlyReport,,,,,,,,,,,,,,,,,,,,,,,,,,,,,,,,,,,,,,,,,,,,,,,,,,,,,,,,,
IAF.AX,,,,,,,IAF,iShares Core Composite Bond ETF,,Spotlight ETP List,ETF/ETP,ASXInvestmentProductsMonthlyReport,,,,,,,,,,,,,,,,,,,,,,,,,,,,,,,,,,,,,,,,,,,,,,,,,,,,,,,,,
IAG.AX,,,,,,,IAG,INSURANCE AUSTRALIA GROUP LIMITED,Financials,Insurance,EQUITY,ASXListedCompanies.csv,,,,,,,,,,,,,,,,,,,,,,,,,,,,,,,,,,,,,,,,,,,,,,,,,,,,,,,,,
IAM.AX,,,,,,,IAM,INCOME ASSET MANAGEMENT GROUP LIMITED.,Financials,Financial Services,EQUITY,ASXListedCompanies.csv,,,,,,,,,,,,,,,,,,,,,,,,,,,,,,,,,,,,,,,,,,,,,,,,,,,,,,,,,
IBAL.AX,,,,,,,IBAL,iShares Balanced ESG ETF,,Spotlight ETP List,ETF/ETP,ASXInvestmentProductsMonthlyReport,,,,,,,,,,,,,,,,,,,,,,,,,,,,,,,,,,,,,,,,,,,,,,,,,,,,,,,,,
IBC.AX,,,,,,,IBC,IRONBARK BALANCED INCOME LIMITED,,Not Applic,EQUITY,ASXListedCompanies.csv,,,,,,,,,,,,,,,,,,,,,,,,,,,,,,,,,,,,,,,,,,,,,,,,,,,,,,,,,
IBIT.AX,,,,,,,IBIT,iShares Bitcoin ETF,,Spotlight ETP List,ETF/ETP,ASXInvestmentProductsMonthlyReport,,,,,,,,,,,,,,,,,,,,,,,,,,,,,,,,,,,,,,,,,,,,,,,,,,,,,,,,,
IBK.AX,,,,,,,IBK,INDUSTRIAL BANK OF KOREA.,,Not Applic,EQUITY,ASXListedCompanies.csv,,,,,,,,,,,,,,,,,,,,,,,,,,,,,,,,,,,,,,,,,,,,,,,,,,,,,,,,,
IBR.AX,,,,,,,IBR,IRON BEAR RESOURCES LTD,Materials,Materials,EQUITY,ASXListedCompanies.csv,,,,,,,,,,,,,,,,,,,,,,,,,,,,,,,,,,,,,,,,,,,,,,,,,,,,,,,,,
IBX.AX,,,,,,,IBX,IMAGION BIOSYSTEMS LIMITED,Health Care,Health Care Equipment & Services,EQUITY,ASXListedCompanies.csv,,,,,,,,,,,,,,,,,,,,,,,,,,,,,,,,,,,,,,,,,,,,,,,,,,,,,,,,,
ICE.AX,,,,,,,ICE,ICETANA LIMITED,Information Technology,Software & Services,EQUITY,ASXListedCompanies.csv,,,,,,,,,,,,,,,,,,,,,,,,,,,,,,,,,,,,,,,,,,,,,,,,,,,,,,,,,
ICI.AX,,,,,,,ICI,ICANDY INTERACTIVE LIMITED,Communication Services,Media & Entertainment,EQUITY,ASXListedCompanies.csv,,,,,,,,,,,,,,,,,,,,,,,,,,,,,,,,,,,,,,,,,,,,,,,,,,,,,,,,,
ICL.AX,,,,,,,ICL,ICENI GOLD LIMITED,Materials,Materials,EQUITY,ASXListedCompanies.csv,,,,,,,,,,,,,,,,,,,,,,,,,,,,,,,,,,,,,,,,,,,,,,,,,,,,,,,,,
ICME.AX,,,,,,,ICME,iShares Credit Income Active ETF,,Spotlight ETP List,ETF/ETP,ASXInvestmentProductsMonthlyReport,,,,,,,,,,,,,,,,,,,,,,,,,,,,,,,,,,,,,,,,,,,,,,,,,,,,,,,,,
ICOR.AX,,,,,,,ICOR,iShares Core Corporate Bond ETF,,Spotlight ETP List,ETF/ETP,ASXInvestmentProductsMonthlyReport,,,,,,,,,,,,,,,,,,,,,,,,,,,,,,,,,,,,,,,,,,,,,,,,,,,,,,,,,
ICR.AX,,,,,,,ICR,INTELICARE HOLDINGS LIMITED,Health Care,Health Care Equipment & Services,EQUITY,ASXListedCompanies.csv,,,,,,,,,,,,,,,,,,,,,,,,,,,,,,,,,,,,,,,,,,,,,,,,,,,,,,,,,
ICU.AX,,,,,,,ICU,INVESTOR CENTRE LIMITED,Financials,Financial Services,EQUITY,ASXListedCompanies.csv,,,,,,,,,,,,,,,,,,,,,,,,,,,,,,,,,,,,,,,,,,,,,,,,,,,,,,,,,
ID8.AX,,,,,,,ID8,IDENTITII LIMITED,Information Technology,Software & Services,EQUITY,ASXListedCompanies.csv,,,,,,,,,,,,,,,,,,,,,,,,,,,,,,,,,,,,,,,,,,,,,,,,,,,,,,,,,
IDA.AX,,,,,,,IDA,INDIANA RESOURCES LIMITED,Materials,Materials,EQUITY,ASXListedCompanies.csv,,,,,,,,,,,,,,,,,,,,,,,,,,,,,,,,,,,,,,,,,,,,,,,,,,,,,,,,,
IDT.AX,,,,,,,IDT,IDT AUSTRALIA LIMITED,Health Care,"Pharmaceuticals, Biotechnology & Life Sciences",EQUITY,ASXListedCompanies.csv,,,,,,,,,,,,,,,,,,,,,,,,,,,,,,,,,,,,,,,,,,,,,,,,,,,,,,,,,
IDX.AX,,,,,,,IDX,INTEGRAL DIAGNOSTICS LIMITED,Health Care,Health Care Equipment & Services,EQUITY,ASXListedCompanies.csv,,,,,,,,,,,,,,,,,,,,,,,,,,,,,,,,,,,,,,,,,,,,,,,,,,,,,,,,,
IEL.AX,,,,,,,IEL,IDP EDUCATION LIMITED,Consumer Discretionary,Consumer Services,EQUITY,ASXListedCompanies.csv,,,,,,,,,,,,,,,,,,,,,,,,,,,,,,,,,,,,,,,,,,,,,,,,,,,,,,,,,
IEM.AX,,,,,,,IEM,iShares MSCI Emerging Markets ETF,,Spotlight ETP List,ETF/ETP,ASXInvestmentProductsMonthlyReport,,,,,,,,,,,,,,,,,,,,,,,,,,,,,,,,,,,,,,,,,,,,,,,,,,,,,,,,,
IEQ.AX,,,,,,,IEQ,INTERNATIONAL EQUITIES CORPORATION LIMITED.,Real Estate,Real Estate Management & Development,EQUITY,ASXListedCompanies.csv,,,,,,,,,,,,,,,,,,,,,,,,,,,,,,,,,,,,,,,,,,,,,,,,,,,,,,,,,
IESG.AX,,,,,,,IESG,iShares Core MSCI Australia ESG ETF,,Spotlight ETP List,ETF/ETP,ASXInvestmentProductsMonthlyReport,,,,,,,,,,,,,,,,,,,,,,,,,,,,,,,,,,,,,,,,,,,,,,,,,,,,,,,,,
IEU.AX,,,,,,,IEU,iShares Europe ETF,,Spotlight ETP List,ETF/ETP,ASXInvestmentProductsMonthlyReport,,,,,,,,,,,,,,,,,,,,,,,,,,,,,,,,,,,,,,,,,,,,,,,,,,,,,,,,,
IF1.AX,,,,,,,IF1,"IBERDROLA FINANZAS, S.A.U.",,Not Applic,EQUITY,ASXListedCompanies.csv,,,,,,,,,,,,,,,,,,,,,,,,,,,,,,,,,,,,,,,,,,,,,,,,,,,,,,,,,
IFG.AX,,,,,,,IFG,INFOCUS GROUP HOLDINGS LIMITED,Information Technology,Software & Services,EQUITY,ASXListedCompanies.csv,,,,,,,,,,,,,,,,,,,,,,,,,,,,,,,,,,,,,,,,,,,,,,,,,,,,,,,,,
IFL.AX,,,,,,,IFL,INSIGNIA FINANCIAL LTD,Financials,Financial Services,EQUITY,ASXListedCompanies.csv,,,,,,,,,,,,,,,,,,,,,,,,,,,,,,,,,,,,,,,,,,,,,,,,,,,,,,,,,
IFN.AX,,,,,,,IFN,INFRAGREEN GROUP LIMITED,Industrials,Commercial & Professional Services,EQUITY,ASXListedCompanies.csv,,,,,,,,,,,,,,,,,,,,,,,,,,,,,,,,,,,,,,,,,,,,,,,,,,,,,,,,,
IFRA.AX,,,,,,,IFRA,VanEck FTSE Global Infrastructure (Hedged) ETF,,Spotlight ETP List,ETF/ETP,ASXInvestmentProductsMonthlyReport,,,,,,,,,,,,,,,,,,,,,,,,,,,,,,,,,,,,,,,,,,,,,,,,,,,,,,,,,
IFT.AX,,,,,,,IFT,INFRATIL LIMITED.,Industrials,Capital Goods,EQUITY,ASXListedCompanies.csv,,,,,,,,,,,,,,,,,,,,,,,,,,,,,,,,,,,,,,,,,,,,,,,,,,,,,,,,,
IFX.AX,,,,,,,IFX,INTERNATIONAL FINANCE CORPORATION,,Not Applic,EQUITY,ASXListedCompanies.csv,,,,,,,,,,,,,,,,,,,,,,,,,,,,,,,,,,,,,,,,,,,,,,,,,,,,,,,,,
IG6.AX,,,,,,,IG6,INTERNATIONAL GRAPHITE LIMITED,Industrials,Capital Goods,EQUITY,ASXListedCompanies.csv,,,,,,,,,,,,,,,,,,,,,,,,,,,,,,,,,,,,,,,,,,,,,,,,,,,,,,,,,
IGB.AX,,,,,,,IGB,iShares Treasury ETF,,Spotlight ETP List,ETF/ETP,ASXInvestmentProductsMonthlyReport,,,,,,,,,,,,,,,,,,,,,,,,,,,,,,,,,,,,,,,,,,,,,,,,,,,,,,,,,
IGL.AX,,,,,,,IGL,IVE GROUP LIMITED,Communication Services,Media & Entertainment,EQUITY,ASXListedCompanies.csv,,,,,,,,,,,,,,,,,,,,,,,,,,,,,,,,,,,,,,,,,,,,,,,,,,,,,,,,,
IGN.AX,,,,,,,IGN,IGNITE LIMITED,Industrials,Commercial & Professional Services,EQUITY,ASXListedCompanies.csv,,,,,,,,,,,,,,,,,,,,,,,,,,,,,,,,,,,,,,,,,,,,,,,,,,,,,,,,,
IGO.AX,,,,,,,IGO,IGO LIMITED,Materials,Materials,EQUITY,ASXListedCompanies.csv,,,,,,,,,,,,,,,,,,,,,,,,,,,,,,,,,,,,,,,,,,,,,,,,,,,,,,,,,
IGRO.AX,,,,,,,IGRO,iShares High Growth ESG ETF,,Spotlight ETP List,ETF/ETP,ASXInvestmentProductsMonthlyReport,,,,,,,,,,,,,,,,,,,,,,,,,,,,,,,,,,,,,,,,,,,,,,,,,,,,,,,,,
IHCB.AX,,,,,,,IHCB,iShares Core Global Corporate Bond (AUD Hedged) ETF,,Spotlight ETP List,ETF/ETP,ASXInvestmentProductsMonthlyReport,,,,,,,,,,,,,,,,,,,,,,,,,,,,,,,,,,,,,,,,,,,,,,,,,,,,,,,,,
IHD.AX,,,,,,,IHD,iShares S&P/ASX Dividend Opportunities ESG Screened ETF,,Spotlight ETP List,ETF/ETP,ASXInvestmentProductsMonthlyReport,,,,,,,,,,,,,,,,,,,,,,,,,,,,,,,,,,,,,,,,,,,,,,,,,,,,,,,,,
IHEB.AX,,,,,,,IHEB,iShares J.P.Morgan USD Emerging Markets Bond (AUD Hedged) ETF,,Spotlight ETP List,ETF/ETP,ASXInvestmentProductsMonthlyReport,,,,,,,,,,,,,,,,,,,,,,,,,,,,,,,,,,,,,,,,,,,,,,,,,,,,,,,,,
IHHY.AX,,,,,,,IHHY,iShares Global High Yield Bond (AUD Hedged) ETF,,Spotlight ETP List,ETF/ETP,ASXInvestmentProductsMonthlyReport,,,,,,,,,,,,,,,,,,,,,,,,,,,,,,,,,,,,,,,,,,,,,,,,,,,,,,,,,
IHOO.AX,,,,,,,IHOO,iShares Global 100 AUD Hedged ETF,,Spotlight ETP List,ETF/ETP,ASXInvestmentProductsMonthlyReport,,,,,,,,,,,,,,,,,,,,,,,,,,,,,,,,,,,,,,,,,,,,,,,,,,,,,,,,,
IHVV.AX,,,,,,,IHVV,iShares S&P 500 AUD Hedged ETF,,Spotlight ETP List,ETF/ETP,ASXInvestmentProductsMonthlyReport,,,,,,,,,,,,,,,,,,,,,,,,,,,,,,,,,,,,,,,,,,,,,,,,,,,,,,,,,
IHWL.AX,,,,,,,IHWL,iShares Core MSCI World ex Australia ESG (AUD Hedged) ETF,,Spotlight ETP List,ETF/ETP,ASXInvestmentProductsMonthlyReport,,,,,,,,,,,,,,,,,,,,,,,,,,,,,,,,,,,,,,,,,,,,,,,,,,,,,,,,,
IIGF.AX,,,,,,,IIGF,Intelligent Investor Australian Equity Income Fund - Active ETF,,Spotlight ETP List,ETF/ETP,ASXInvestmentProductsMonthlyReport,,,,,,,,,,,,,,,,,,,,,,,,,,,,,,,,,,,,,,,,,,,,,,,,,,,,,,,,,
IIND.AX,,,,,,,IIND,Betashares India Quality ETF,,Spotlight ETP List,ETF/ETP,ASXInvestmentProductsMonthlyReport,,,,,,,,,,,,,,,,,,,,,,,,,,,,,,,,,,,,,,,,,,,,,,,,,,,,,,,,,
IIQ.AX,,,,,,,IIQ,INOVIQ LTD,Health Care,Health Care Equipment & Services,EQUITY,ASXListedCompanies.csv,,,,,,,,,,,,,,,,,,,,,,,,,,,,,,,,,,,,,,,,,,,,,,,,,,,,,,,,,
IISV.AX,,,,,,,IISV,Intell Investor Select Value Share Fund - Active ETF,,Spotlight ETP List,ETF/ETP,ASXInvestmentProductsMonthlyReport,,,,,,,,,,,,,,,,,,,,,,,,,,,,,,,,,,,,,,,,,,,,,,,,,,,,,,,,,
IJH.AX,,,,,,,IJH,iShares S&P Midcap ETF,,Spotlight ETP List,ETF/ETP,ASXInvestmentProductsMonthlyReport,,,,,,,,,,,,,,,,,,,,,,,,,,,,,,,,,,,,,,,,,,,,,,,,,,,,,,,,,
IJP.AX,,,,,,,IJP,iShares MSCI Japan ETF,,Spotlight ETP List,ETF/ETP,ASXInvestmentProductsMonthlyReport,,,,,,,,,,,,,,,,,,,,,,,,,,,,,,,,,,,,,,,,,,,,,,,,,,,,,,,,,
IJR.AX,,,,,,,IJR,iShares S&P Small-Cap ETF,,Spotlight ETP List,ETF/ETP,ASXInvestmentProductsMonthlyReport,,,,,,,,,,,,,,,,,,,,,,,,,,,,,,,,,,,,,,,,,,,,,,,,,,,,,,,,,
IKE.AX,,,,,,,IKE,IKEGPS GROUP LIMITED,Information Technology,Technology Hardware & Equipment,EQUITY,ASXListedCompanies.csv,,,,,,,,,,,,,,,,,,,,,,,,,,,,,,,,,,,,,,,,,,,,,,,,,,,,,,,,,
IKO.AX,,,,,,,IKO,iShares MSCI South Korea ETF,,Spotlight ETP List,ETF/ETP,ASXInvestmentProductsMonthlyReport,,,,,,,,,,,,,,,,,,,,,,,,,,,,,,,,,,,,,,,,,,,,,,,,,,,,,,,,,
ILA.AX,,,,,,,ILA,ISLAND PHARMACEUTICALS LIMITED,Health Care,"Pharmaceuticals, Biotechnology & Life Sciences",EQUITY,ASXListedCompanies.csv,,,,,,,,,,,,,,,,,,,,,,,,,,,,,,,,,,,,,,,,,,,,,,,,,,,,,,,,,
ILB.AX,,,,,,,ILB,iShares Government Inflation ETF,,Spotlight ETP List,ETF/ETP,ASXInvestmentProductsMonthlyReport,,,,,,,,,,,,,,,,,,,,,,,,,,,,,,,,,,,,,,,,,,,,,,,,,,,,,,,,,
ILC.AX,,,,,,,ILC,iShares S&P/ASX 20 ETF,,Spotlight ETP List,ETF/ETP,ASXInvestmentProductsMonthlyReport,,,,,,,,,,,,,,,,,,,,,,,,,,,,,,,,,,,,,,,,,,,,,,,,,,,,,,,,,
ILT.AX,,,,,,,ILT,ILTANI RESOURCES LIMITED.,Materials,Materials,EQUITY,ASXListedCompanies.csv,,,,,,,,,,,,,,,,,,,,,,,,,,,,,,,,,,,,,,,,,,,,,,,,,,,,,,,,,
ILU.AX,,,,,,,ILU,ILUKA RESOURCES LIMITED,Materials,Materials,EQUITY,ASXListedCompanies.csv,,,,,,,,,,,,,,,,,,,,,,,,,,,,,,,,,,,,,,,,,,,,,,,,,,,,,,,,,
IMA.AX,,,,,,,IMA,IMAGE RESOURCES NL,Materials,Materials,EQUITY,ASXListedCompanies.csv,,,,,,,,,,,,,,,,,,,,,,,,,,,,,,,,,,,,,,,,,,,,,,,,,,,,,,,,,
IMB.AX,,,,,,,IMB,INTELLIGENT MONITORING GROUP LIMITED,Industrials,Commercial & Professional Services,EQUITY,ASXListedCompanies.csv,,,,,,,,,,,,,,,,,,,,,,,,,,,,,,,,,,,,,,,,,,,,,,,,,,,,,,,,,
IMC.AX,,,,,,,IMC,IMMURON LIMITED,Health Care,"Pharmaceuticals, Biotechnology & Life Sciences",EQUITY,ASXListedCompanies.csv,,,,,,,,,,,,,,,,,,,,,,,,,,,,,,,,,,,,,,,,,,,,,,,,,,,,,,,,,
IMD.AX,,,,,,,IMD,IMDEX LIMITED,Materials,Materials,EQUITY,ASXListedCompanies.csv,,,,,,,,,,,,,,,,,,,,,,,,,,,,,,,,,,,,,,,,,,,,,,,,,,,,,,,,,
IME.AX,,,,,,,IME,IMEXHS LIMITED,Health Care,Health Care Equipment & Services,EQUITY,ASXListedCompanies.csv,,,,,,,,,,,,,,,,,,,,,,,,,,,,,,,,,,,,,,,,,,,,,,,,,,,,,,,,,
IMI.AX,,,,,,,IMI,INFINITY MINING LIMITED,Materials,Materials,EQUITY,ASXListedCompanies.csv,,,,,,,,,,,,,,,,,,,,,,,,,,,,,,,,,,,,,,,,,,,,,,,,,,,,,,,,,
IMLC.AX,,,,,,,IMLC,Investors Mutual Concentrated Australian Share Fund - Active ETF,,Spotlight ETP List,ETF/ETP,ASXInvestmentProductsMonthlyReport,,,,,,,,,,,,,,,,,,,,,,,,,,,,,,,,,,,,,,,,,,,,,,,,,,,,,,,,,
IMM.AX,,,,,,,IMM,IMMUTEP LIMITED,Health Care,"Pharmaceuticals, Biotechnology & Life Sciences",EQUITY,ASXListedCompanies.csv,,,,,,,,,,,,,,,,,,,,,,,,,,,,,,,,,,,,,,,,,,,,,,,,,,,,,,,,,
IMPQ.AX,,,,,,,IMPQ,Perennial Better Future Active ETF,,Spotlight ETP List,ETF/ETP,ASXInvestmentProductsMonthlyReport,,,,,,,,,,,,,,,,,,,,,,,,,,,,,,,,,,,,,,,,,,,,,,,,,,,,,,,,,
IMR.AX,,,,,,,IMR,IMRICOR MEDICAL SYSTEMS INC.,Health Care,Health Care Equipment & Services,EQUITY,ASXListedCompanies.csv,,,,,,,,,,,,,,,,,,,,,,,,,,,,,,,,,,,,,,,,,,,,,,,,,,,,,,,,,
IMU.AX,,,,,,,IMU,IMUGENE LIMITED,Health Care,"Pharmaceuticals, Biotechnology & Life Sciences",EQUITY,ASXListedCompanies.csv,,,,,,,,,,,,,,,,,,,,,,,,,,,,,,,,,,,,,,,,,,,,,,,,,,,,,,,,,
INA.AX,,,,,,,INA,INGENIA COMMUNITIES GROUP,Real Estate,Equity Real Estate Investment Trusts (REITs),EQUITY,ASXListedCompanies.csv,,,,,,,,,,,,,,,,,,,,,,,,,,,,,,,,,,,,,,,,,,,,,,,,,,,,,,,,,
INCM.AX,,,,,,,INCM,Betashares S&P Global High Dividend Aristocrats ETF,,Spotlight ETP List,ETF/ETP,ASXInvestmentProductsMonthlyReport,,,,,,,,,,,,,,,,,,,,,,,,,,,,,,,,,,,,,,,,,,,,,,,,,,,,,,,,,
IND.AX,,,,,,,IND,INDUSTRIAL MINERALS LTD,Materials,Materials,EQUITY,ASXListedCompanies.csv,,,,,,,,,,,,,,,,,,,,,,,,,,,,,,,,,,,,,,,,,,,,,,,,,,,,,,,,,
INES.AX,,,,,,,INES,Intelligent Investor Ethical Share Fund - Active ETF,,Spotlight ETP List,ETF/ETP,ASXInvestmentProductsMonthlyReport,,,,,,,,,,,,,,,,,,,,,,,,,,,,,,,,,,,,,,,,,,,,,,,,,,,,,,,,,
INF.AX,,,,,,,INF,INFINITY METALS LIMITED,Materials,Materials,EQUITY,ASXListedCompanies.csv,,,,,,,,,,,,,,,,,,,,,,,,,,,,,,,,,,,,,,,,,,,,,,,,,,,,,,,,,
ING.AX,,,,,,,ING,INGHAMS GROUP LIMITED,Consumer Staples,"Food, Beverage & Tobacco",EQUITY,ASXListedCompanies.csv,,,,,,,,,,,,,,,,,,,,,,,,,,,,,,,,,,,,,,,,,,,,,,,,,,,,,,,,,
INIF.AX,,,,,,,INIF,Intelligent Investor Australian Equity - Active ETF,,Spotlight ETP List,ETF/ETP,ASXInvestmentProductsMonthlyReport,,,,,,,,,,,,,,,,,,,,,,,,,,,,,,,,,,,,,,,,,,,,,,,,,,,,,,,,,
INR.AX,,,,,,,INR,IONEER LTD,Materials,Materials,EQUITY,ASXListedCompanies.csv,,,,,,,,,,,,,,,,,,,,,,,,,,,,,,,,,,,,,,,,,,,,,,,,,,,,,,,,,
INS01.AX,,,,,,,INS01,Insync Global Capital Aware Fund,,Spotlight mFund List,ETF/ETP,ASXInvestmentProductsMonthlyReport,,,,,,,,,,,,,,,,,,,,,,,,,,,,,,,,,,,,,,,,,,,,,,,,,,,,,,,,,
INV.AX,,,,,,,INV,INVESTSMART GROUP LIMITED,Financials,Financial Services,EQUITY,ASXListedCompanies.csv,,,,,,,,,,,,,,,,,,,,,,,,,,,,,,,,,,,,,,,,,,,,,,,,,,,,,,,,,
IOD.AX,,,,,,,IOD,IODM LIMITED,Information Technology,Software & Services,EQUITY,ASXListedCompanies.csv,,,,,,,,,,,,,,,,,,,,,,,,,,,,,,,,,,,,,,,,,,,,,,,,,,,,,,,,,
ION.AX,,,,,,,ION,IONDRIVE LIMITED,Materials,Materials,EQUITY,ASXListedCompanies.csv,,,,,,,,,,,,,,,,,,,,,,,,,,,,,,,,,,,,,,,,,,,,,,,,,,,,,,,,,
IOO.AX,,,,,,,IOO,iShares Global 100 ETF,,Spotlight ETP List,ETF/ETP,ASXInvestmentProductsMonthlyReport,,,,,,,,,,,,,,,,,,,,,,,,,,,,,,,,,,,,,,,,,,,,,,,,,,,,,,,,,
IOV.AX,,,,,,,IOV,ION VIDEO LTD,Information Technology,Software & Services,EQUITY,ASXListedCompanies.csv,,,,,,,,,,,,,,,,,,,,,,,,,,,,,,,,,,,,,,,,,,,,,,,,,,,,,,,,,
IOZ.AX,,,,,,,IOZ,iShares Core S&P/ASX 200 ETF,,Spotlight ETP List,ETF/ETP,ASXInvestmentProductsMonthlyReport,,,,,,,,,,,,,,,,,,,,,,,,,,,,,,,,,,,,,,,,,,,,,,,,,,,,,,,,,
IPB.AX,,,,,,,IPB,IPB PETROLEUM LIMITED,Energy,Energy,EQUITY,ASXListedCompanies.csv,,,,,,,,,,,,,,,,,,,,,,,,,,,,,,,,,,,,,,,,,,,,,,,,,,,,,,,,,
IPC.AX,,,,,,,IPC,IMPERIAL PACIFIC LIMITED,Financials,Financial Services,EQUITY,ASXListedCompanies.csv,,,,,,,,,,,,,,,,,,,,,,,,,,,,,,,,,,,,,,,,,,,,,,,,,,,,,,,,,
IPD.AX,,,,,,,IPD,IMPEDIMED LIMITED,Health Care,Health Care Equipment & Services,EQUITY,ASXListedCompanies.csv,,,,,,,,,,,,,,,,,,,,,,,,,,,,,,,,,,,,,,,,,,,,,,,,,,,,,,,,,
IPG.AX,,,,,,,IPG,IPD GROUP LTD,Industrials,Capital Goods,EQUITY,ASXListedCompanies.csv,,,,,,,,,,,,,,,,,,,,,,,,,,,,,,,,,,,,,,,,,,,,,,,,,,,,,,,,,
IPH.AX,,,,,,,IPH,IPH LIMITED,Industrials,Commercial & Professional Services,EQUITY,ASXListedCompanies.csv,,,,,,,,,,,,,,,,,,,,,,,,,,,,,,,,,,,,,,,,,,,,,,,,,,,,,,,,,
IPT.AX,,,,,,,IPT,IMPACT MINERALS LIMITED,Materials,Materials,EQUITY,ASXListedCompanies.csv,,,,,,,,,,,,,,,,,,,,,,,,,,,,,,,,,,,,,,,,,,,,,,,,,,,,,,,,,
IPX.AX,,,,,,,IPX,IPERIONX LIMITED,Materials,Materials,EQUITY,ASXListedCompanies.csv,,,,,,,,,,,,,,,,,,,,,,,,,,,,,,,,,,,,,,,,,,,,,,,,,,,,,,,,,
IR1.AX,,,,,,,IR1,IRIS METALS LIMITED,Materials,Materials,EQUITY,ASXListedCompanies.csv,,,,,,,,,,,,,,,,,,,,,,,,,,,,,,,,,,,,,,,,,,,,,,,,,,,,,,,,,
IRD.AX,,,,,,,IRD,IRON ROAD LIMITED,Materials,Materials,EQUITY,ASXListedCompanies.csv,,,,,,,,,,,,,,,,,,,,,,,,,,,,,,,,,,,,,,,,,,,,,,,,,,,,,,,,,
IRE.AX,,,,,,,IRE,IRESS LIMITED,Information Technology,Software & Services,EQUITY,ASXListedCompanies.csv,,,,,,,,,,,,,,,,,,,,,,,,,,,,,,,,,,,,,,,,,,,,,,,,,,,,,,,,,
IRI.AX,,,,,,,IRI,INTEGRATED RESEARCH LIMITED,Information Technology,Software & Services,EQUITY,ASXListedCompanies.csv,,,,,,,,,,,,,,,,,,,,,,,,,,,,,,,,,,,,,,,,,,,,,,,,,,,,,,,,,
IRX.AX,,,,,,,IRX,INHALERX LIMITED,Health Care,Health Care Equipment & Services,EQUITY,ASXListedCompanies.csv,,,,,,,,,,,,,,,,,,,,,,,,,,,,,,,,,,,,,,,,,,,,,,,,,,,,,,,,,
IS3.AX,,,,,,,IS3,I SYNERGY GROUP LIMITED,Information Technology,Software & Services,EQUITY,ASXListedCompanies.csv,,,,,,,,,,,,,,,,,,,,,,,,,,,,,,,,,,,,,,,,,,,,,,,,,,,,,,,,,
ISEC.AX,,,,,,,ISEC,iShares Enhanced Cash ETF,,Spotlight ETP List,ETF/ETP,ASXInvestmentProductsMonthlyReport,,,,,,,,,,,,,,,,,,,,,,,,,,,,,,,,,,,,,,,,,,,,,,,,,,,,,,,,,
ISLM.AX,,,,,,,ISLM,Hejaz Equities Fund Active ETF,,Spotlight ETP List,ETF/ETP,ASXInvestmentProductsMonthlyReport,,,,,,,,,,,,,,,,,,,,,,,,,,,,,,,,,,,,,,,,,,,,,,,,,,,,,,,,,
ISO.AX,,,,,,,ISO,iShares S&P/ASX Small Ordinaries ETF,,Spotlight ETP List,ETF/ETP,ASXInvestmentProductsMonthlyReport,,,,,,,,,,,,,,,,,,,,,,,,,,,,,,,,,,,,,,,,,,,,,,,,,,,,,,,,,
ITEK.AX,,,,,,,ITEK,iShares Future Tech Innovators ETF,,Spotlight ETP List,ETF/ETP,ASXInvestmentProductsMonthlyReport,,,,,,,,,,,,,,,,,,,,,,,,,,,,,,,,,,,,,,,,,,,,,,,,,,,,,,,,,
ITM.AX,,,,,,,ITM,ITECH MINERALS LTD,Materials,Materials,EQUITY,ASXListedCompanies.csv,,,,,,,,,,,,,,,,,,,,,,,,,,,,,,,,,,,,,,,,,,,,,,,,,,,,,,,,,
ITS.AX,,,,,,,ITS,INFOTRUST LTD,Information Technology,Software & Services,EQUITY,ASXListedCompanies.csv,,,,,,,,,,,,,,,,,,,,,,,,,,,,,,,,,,,,,,,,,,,,,,,,,,,,,,,,,
IUSG.AX,,,,,,,IUSG,iShares U.S. Treasury Bond (AUD Hedged) ETF,,Spotlight ETP List,ETF/ETP,ASXInvestmentProductsMonthlyReport,,,,,,,,,,,,,,,,,,,,,,,,,,,,,,,,,,,,,,,,,,,,,,,,,,,,,,,,,
IVE.AX,,,,,,,IVE,iShares MSCI EAFE ETF,,Spotlight ETP List,ETF/ETP,ASXInvestmentProductsMonthlyReport,,,,,,,,,,,,,,,,,,,,,,,,,,,,,,,,,,,,,,,,,,,,,,,,,,,,,,,,,
IVG.AX,,,,,,,IVG,INVERT GRAPHITE LIMITED,Health Care,"Pharmaceuticals, Biotechnology & Life Sciences",EQUITY,ASXListedCompanies.csv,,,,,,,,,,,,,,,,,,,,,,,,,,,,,,,,,,,,,,,,,,,,,,,,,,,,,,,,,
IVR.AX,,,,,,,IVR,INVESTIGATOR SILVER LIMITED,Materials,Materials,EQUITY,ASXListedCompanies.csv,,,,,,,,,,,,,,,,,,,,,,,,,,,,,,,,,,,,,,,,,,,,,,,,,,,,,,,,,
IVV.AX,,,,,,,IVV,iShares S&P 500 ETF,,Spotlight ETP List,ETF/ETP,ASXInvestmentProductsMonthlyReport,,,,,,,,,,,,,,,,,,,,,,,,,,,,,,,,,,,,,,,,,,,,,,,,,,,,,,,,,
IVX.AX,,,,,,,IVX,INVION LIMITED,Health Care,"Pharmaceuticals, Biotechnology & Life Sciences",EQUITY,ASXListedCompanies.csv,,,,,,,,,,,,,,,,,,,,,,,,,,,,,,,,,,,,,,,,,,,,,,,,,,,,,,,,,
IVZ.AX,,,,,,,IVZ,INVICTUS ENERGY LTD,Energy,Energy,EQUITY,ASXListedCompanies.csv,,,,,,,,,,,,,,,,,,,,,,,,,,,,,,,,,,,,,,,,,,,,,,,,,,,,,,,,,
IWLD.AX,,,,,,,IWLD,iShares Core MSCI World ex Australia ESG ETF,,Spotlight ETP List,ETF/ETP,ASXInvestmentProductsMonthlyReport,,,,,,,,,,,,,,,,,,,,,,,,,,,,,,,,,,,,,,,,,,,,,,,,,,,,,,,,,
IXC.AX,,,,,,,IXC,INVEX THERAPEUTICS LTD,Health Care,"Pharmaceuticals, Biotechnology & Life Sciences",EQUITY,ASXListedCompanies.csv,,,,,,,,,,,,,,,,,,,,,,,,,,,,,,,,,,,,,,,,,,,,,,,,,,,,,,,,,
IXI.AX,,,,,,,IXI,iShares Global Consumer Staples ETF,,Spotlight ETP List,ETF/ETP,ASXInvestmentProductsMonthlyReport,,,,,,,,,,,,,,,,,,,,,,,,,,,,,,,,,,,,,,,,,,,,,,,,,,,,,,,,,
IXJ.AX,,,,,,,IXJ,iShares Global Healthcare ETF,,Spotlight ETP List,ETF/ETP,ASXInvestmentProductsMonthlyReport,,,,,,,,,,,,,,,,,,,,,,,,,,,,,,,,,,,,,,,,,,,,,,,,,,,,,,,,,
IXR.AX,,,,,,,IXR,IONIC RARE EARTHS LIMITED,Materials,Materials,EQUITY,ASXListedCompanies.csv,,,,,,,,,,,,,,,,,,,,,,,,,,,,,,,,,,,,,,,,,,,,,,,,,,,,,,,,,
IYLD.AX,,,,,,,IYLD,iShares Yield Plus ETF,,Spotlight ETP List,ETF/ETP,ASXInvestmentProductsMonthlyReport,,,,,,,,,,,,,,,,,,,,,,,,,,,,,,,,,,,,,,,,,,,,,,,,,,,,,,,,,
IZZ.AX,,,,,,,IZZ,iShares China Large-Cap ETF,,Spotlight ETP List,ETF/ETP,ASXInvestmentProductsMonthlyReport,,,,,,,,,,,,,,,,,,,,,,,,,,,,,,,,,,,,,,,,,,,,,,,,,,,,,,,,,
J100.AX,,,,,,,J100,Global X Japan Topix 100 ETF,,Spotlight ETP List,ETF/ETP,ASXInvestmentProductsMonthlyReport,,,,,,,,,,,,,,,,,,,,,,,,,,,,,,,,,,,,,,,,,,,,,,,,,,,,,,,,,
JAL.AX,,,,,,,JAL,JAMESON RESOURCES LIMITED,Materials,Materials,EQUITY,ASXListedCompanies.csv,,,,,,,,,,,,,,,,,,,,,,,,,,,,,,,,,,,,,,,,,,,,,,,,,,,,,,,,,
JAN.AX,,,,,,,JAN,JANISON EDUCATION GROUP LIMITED,Information Technology,Software & Services,EQUITY,ASXListedCompanies.csv,,,,,,,,,,,,,,,,,,,,,,,,,,,,,,,,,,,,,,,,,,,,,,,,,,,,,,,,,
JAT.AX,,,,,,,JAT,JATCORP LIMITED,Consumer Discretionary,Consumer Discretionary Distribution & Retail,EQUITY,ASXListedCompanies.csv,,,,,,,,,,,,,,,,,,,,,,,,,,,,,,,,,,,,,,,,,,,,,,,,,,,,,,,,,
JAV.AX,,,,,,,JAV,JAVELIN MINERALS LIMITED,Materials,Materials,EQUITY,ASXListedCompanies.csv,,,,,,,,,,,,,,,,,,,,,,,,,,,,,,,,,,,,,,,,,,,,,,,,,,,,,,,,,
JAY.AX,,,,,,,JAY,JAYRIDE GROUP LIMITED,Industrials,Transportation,EQUITY,ASXListedCompanies.csv,,,,,,,,,,,,,,,,,,,,,,,,,,,,,,,,,,,,,,,,,,,,,,,,,,,,,,,,,
JBH.AX,,,,,,,JBH,JB HI-FI LIMITED,Consumer Discretionary,Consumer Discretionary Distribution & Retail,EQUITY,ASXListedCompanies.csv,,,,,,,,,,,,,,,,,,,,,,,,,,,,,,,,,,,,,,,,,,,,,,,,,,,,,,,,,
JCS.AX,,,,,,,JCS,JCURVE SOLUTIONS LTD,Information Technology,Software & Services,EQUITY,ASXListedCompanies.csv,,,,,,,,,,,,,,,,,,,,,,,,,,,,,,,,,,,,,,,,,,,,,,,,,,,,,,,,,
JDO.AX,,,,,,,JDO,JUDO CAPITAL HOLDINGS LIMITED,Financials,Banks,EQUITY,ASXListedCompanies.csv,,,,,,,,,,,,,,,,,,,,,,,,,,,,,,,,,,,,,,,,,,,,,,,,,,,,,,,,,
JEGA.AX,,,,,,,JEGA,JPMorgan Global Equity Premium Income Complex ETF,,Spotlight ETP List,ETF/ETP,ASXInvestmentProductsMonthlyReport,,,,,,,,,,,,,,,,,,,,,,,,,,,,,,,,,,,,,,,,,,,,,,,,,,,,,,,,,
JEME.AX,,,,,,,JEME,JPMorgan EM Research Enhanced IDX EQTY Active ETF,,Spotlight ETP List,ETF/ETP,ASXInvestmentProductsMonthlyReport,,,,,,,,,,,,,,,,,,,,,,,,,,,,,,,,,,,,,,,,,,,,,,,,,,,,,,,,,
JEPI.AX,,,,,,,JEPI,JPMorgan Equity Premium Income Active ETF,,Spotlight ETP List,ETF/ETP,ASXInvestmentProductsMonthlyReport,,,,,,,,,,,,,,,,,,,,,,,,,,,,,,,,,,,,,,,,,,,,,,,,,,,,,,,,,
JGH.AX,,,,,,,JGH,JADE GAS HOLDINGS LIMITED,Materials,Materials,EQUITY,ASXListedCompanies.csv,,,,,,,,,,,,,,,,,,,,,,,,,,,,,,,,,,,,,,,,,,,,,,,,,,,,,,,,,
JGLO.AX,,,,,,,JGLO,JPMorgan Global Select Equity Active ETF,,Spotlight ETP List,ETF/ETP,ASXInvestmentProductsMonthlyReport,,,,,,,,,,,,,,,,,,,,,,,,,,,,,,,,,,,,,,,,,,,,,,,,,,,,,,,,,
JHGA.AX,,,,,,,JHGA,JPMorgan Global Equity Premium Income (Hedged) Complex ETF,,Spotlight ETP List,ETF/ETP,ASXInvestmentProductsMonthlyReport,,,,,,,,,,,,,,,,,,,,,,,,,,,,,,,,,,,,,,,,,,,,,,,,,,,,,,,,,
JHI02.AX,,,,,,,JHI02,Janus Henderson Tactical Income Fund,,Spotlight mFund List,ETF/ETP,ASXInvestmentProductsMonthlyReport,,,,,,,,,,,,,,,,,,,,,,,,,,,,,,,,,,,,,,,,,,,,,,,,,,,,,,,,,
JHI04.AX,,,,,,,JHI04,Janus Henderson Diversified Credit Fund,,Spotlight mFund List,ETF/ETP,ASXInvestmentProductsMonthlyReport,,,,,,,,,,,,,,,,,,,,,,,,,,,,,,,,,,,,,,,,,,,,,,,,,,,,,,,,,
JHI05.AX,,,,,,,JHI05,Janus Henderson Australian Fixed Interest Fund,,Spotlight mFund List,ETF/ETP,ASXInvestmentProductsMonthlyReport,,,,,,,,,,,,,,,,,,,,,,,,,,,,,,,,,,,,,,,,,,,,,,,,,,,,,,,,,
JHI06.AX,,,,,,,JHI06,Janus Henderson Global Multi-Strategy Fund,,Spotlight mFund List,ETF/ETP,ASXInvestmentProductsMonthlyReport,,,,,,,,,,,,,,,,,,,,,,,,,,,,,,,,,,,,,,,,,,,,,,,,,,,,,,,,,
JHLO.AX,,,,,,,JHLO,JPMorgan Global Select Equity (Hedged) Active ETF,,Spotlight ETP List,ETF/ETP,ASXInvestmentProductsMonthlyReport,,,,,,,,,,,,,,,,,,,,,,,,,,,,,,,,,,,,,,,,,,,,,,,,,,,,,,,,,
JHPI.AX,,,,,,,JHPI,JPMorgan Equity Premium Income Active ETF (Hedged),,Spotlight ETP List,ETF/ETP,ASXInvestmentProductsMonthlyReport,,,,,,,,,,,,,,,,,,,,,,,,,,,,,,,,,,,,,,,,,,,,,,,,,,,,,,,,,
JHX.AX,,,,,,,JHX,JAMES HARDIE INDUSTRIES PLC,Materials,Materials,EQUITY,ASXListedCompanies.csv,,,,,,,,,,,,,,,,,,,,,,,,,,,,,,,,,,,,,,,,,,,,,,,,,,,,,,,,,
JIN.AX,,,,,,,JIN,JUMBO INTERACTIVE LIMITED,Consumer Discretionary,Consumer Services,EQUITY,ASXListedCompanies.csv,,,,,,,,,,,,,,,,,,,,,,,,,,,,,,,,,,,,,,,,,,,,,,,,,,,,,,,,,
JLL.AX,,,,,,,JLL,JINDALEE LITHIUM LIMITED,Materials,Materials,EQUITY,ASXListedCompanies.csv,,,,,,,,,,,,,,,,,,,,,,,,,,,,,,,,,,,,,,,,,,,,,,,,,,,,,,,,,
JMS.AX,,,,,,,JMS,JUPITER MINES LIMITED.,Materials,Materials,EQUITY,ASXListedCompanies.csv,,,,,,,,,,,,,,,,,,,,,,,,,,,,,,,,,,,,,,,,,,,,,,,,,,,,,,,,,
JNDQ.AX,,,,,,,JNDQ,BetaShares NASDAQ Next Gen 100 ETF,,Spotlight ETP List,ETF/ETP,ASXInvestmentProductsMonthlyReport,,,,,,,,,,,,,,,,,,,,,,,,,,,,,,,,,,,,,,,,,,,,,,,,,,,,,,,,,
JNO.AX,,,,,,,JNO,JUNO MINERALS LIMITED,Materials,Materials,EQUITY,ASXListedCompanies.csv,,,,,,,,,,,,,,,,,,,,,,,,,,,,,,,,,,,,,,,,,,,,,,,,,,,,,,,,,
JNS.AX,,,,,,,JNS,JANUS ELECTRIC HOLDINGS LIMITED,Utilities,Utilities,EQUITY,ASXListedCompanies.csv,,,,,,,,,,,,,,,,,,,,,,,,,,,,,,,,,,,,,,,,,,,,,,,,,,,,,,,,,
JPEQ.AX,,,,,,,JPEQ,JPMorgan US 100Q Equity Premium Income Active ETF (Hedged),,Spotlight ETP List,ETF/ETP,ASXInvestmentProductsMonthlyReport,,,,,,,,,,,,,,,,,,,,,,,,,,,,,,,,,,,,,,,,,,,,,,,,,,,,,,,,,
JPHQ.AX,,,,,,,JPHQ,JPMorgan US 100Q Equity Premium Income Active ETF (Hedged),,Spotlight ETP List,ETF/ETP,ASXInvestmentProductsMonthlyReport,,,,,,,,,,,,,,,,,,,,,,,,,,,,,,,,,,,,,,,,,,,,,,,,,,,,,,,,,
JPR.AX,,,,,,,JPR,JUPITER ENERGY LIMITED,Energy,Energy,EQUITY,ASXListedCompanies.csv,,,,,,,,,,,,,,,,,,,,,,,,,,,,,,,,,,,,,,,,,,,,,,,,,,,,,,,,,
JREG.AX,,,,,,,JREG,JPMorgan Global Research Enhanced Index Equity Active ETF,,Spotlight ETP List,ETF/ETP,ASXInvestmentProductsMonthlyReport,,,,,,,,,,,,,,,,,,,,,,,,,,,,,,,,,,,,,,,,,,,,,,,,,,,,,,,,,
JRHG.AX,,,,,,,JRHG,JPMorgan Global Research Enhanced Index Equity (Hedged) Active ETF,,Spotlight ETP List,ETF/ETP,ASXInvestmentProductsMonthlyReport,,,,,,,,,,,,,,,,,,,,,,,,,,,,,,,,,,,,,,,,,,,,,,,,,,,,,,,,,
JYC.AX,,,,,,,JYC,JOYCE CORPORATION LTD,Consumer Discretionary,Consumer Discretionary Distribution & Retail,EQUITY,ASXListedCompanies.csv,,,,,,,,,,,,,,,,,,,,,,,,,,,,,,,,,,,,,,,,,,,,,,,,,,,,,,,,,
JZRO.AX,,,,,,,JZRO,Janus Henderson Net Zero Active ETF,,Spotlight ETP List,ETF/ETP,ASXInvestmentProductsMonthlyReport,,,,,,,,,,,,,,,,,,,,,,,,,,,,,,,,,,,,,,,,,,,,,,,,,,,,,,,,,
KAI.AX,,,,,,,KAI,KAIROS MINERALS LIMITED,Materials,Materials,EQUITY,ASXListedCompanies.csv,,,,,,,,,,,,,,,,,,,,,,,,,,,,,,,,,,,,,,,,,,,,,,,,,,,,,,,,,
KAL.AX,,,,,,,KAL,KALGOORLIE GOLD MINING LIMITED,Materials,Materials,EQUITY,ASXListedCompanies.csv,,,,,,,,,,,,,,,,,,,,,,,,,,,,,,,,,,,,,,,,,,,,,,,,,,,,,,,,,
KAM.AX,,,,,,,KAM,K2 ASSET MANAGEMENT HOLDINGS LTD,Financials,Financial Services,EQUITY,ASXListedCompanies.csv,,,,,,,,,,,,,,,,,,,,,,,,,,,,,,,,,,,,,,,,,,,,,,,,,,,,,,,,,
KAR.AX,,,,,,,KAR,KAROON ENERGY LTD,Energy,Energy,EQUITY,ASXListedCompanies.csv,,,,,,,,,,,,,,,,,,,,,,,,,,,,,,,,,,,,,,,,,,,,,,,,,,,,,,,,,
KAT.AX,,,,,,,KAT,KATANA CAPITAL LIMITED,,Not Applic,EQUITY,ASXListedCompanies.csv,,,,,,,,,,,,,,,,,,,,,,,,,,,,,,,,,,,,,,,,,,,,,,,,,,,,,,,,,
KAU.AX,,,,,,,KAU,KAISER REEF LIMITED,Materials,Materials,EQUITY,ASXListedCompanies.csv,,,,,,,,,,,,,,,,,,,,,,,,,,,,,,,,,,,,,,,,,,,,,,,,,,,,,,,,,
KBC.AX,,,,,,,KBC,KEYBRIDGE CAPITAL LIMITED,Financials,Financial Services,EQUITY,ASXListedCompanies.csv,,,,,,,,,,,,,,,,,,,,,,,,,,,,,,,,,,,,,,,,,,,,,,,,,,,,,,,,,
KCC.AX,,,,,,,KCC,KINCORA COPPER LIMITED,Materials,Materials,EQUITY,ASXListedCompanies.csv,,,,,,,,,,,,,,,,,,,,,,,,,,,,,,,,,,,,,,,,,,,,,,,,,,,,,,,,,
KCN.AX,,,,,,,KCN,KINGSGATE CONSOLIDATED LIMITED.,Materials,Materials,EQUITY,ASXListedCompanies.csv,,,,,,,,,,,,,,,,,,,,,,,,,,,,,,,,,,,,,,,,,,,,,,,,,,,,,,,,,
KEY.AX,,,,,,,KEY,KEY PETROLEUM LIMITED,Energy,Energy,EQUITY,ASXListedCompanies.csv,,,,,,,,,,,,,,,,,,,,,,,,,,,,,,,,,,,,,,,,,,,,,,,,,,,,,,,,,
KFM.AX,,,,,,,KFM,KINGFISHER MINING LTD,Materials,Materials,EQUITY,ASXListedCompanies.csv,,,,,,,,,,,,,,,,,,,,,,,,,,,,,,,,,,,,,,,,,,,,,,,,,,,,,,,,,
KFW.AX,,,,,,,KFW,KFW,,Not Applic,EQUITY,ASXListedCompanies.csv,,,,,,,,,,,,,,,,,,,,,,,,,,,,,,,,,,,,,,,,,,,,,,,,,,,,,,,,,
KGL.AX,,,,,,,KGL,KGL RESOURCES LIMITED,Materials,Materials,EQUITY,ASXListedCompanies.csv,,,,,,,,,,,,,,,,,,,,,,,,,,,,,,,,,,,,,,,,,,,,,,,,,,,,,,,,,
KGN.AX,,,,,,,KGN,KOGAN.COM LTD,Consumer Discretionary,Consumer Discretionary Distribution & Retail,EQUITY,ASXListedCompanies.csv,,,,,,,,,,,,,,,,,,,,,,,,,,,,,,,,,,,,,,,,,,,,,,,,,,,,,,,,,
KI1.AX,,,,,,,KI1,KINGFISHER TRUST 2019-1,,Not Applic,EQUITY,ASXListedCompanies.csv,,,,,,,,,,,,,,,,,,,,,,,,,,,,,,,,,,,,,,,,,,,,,,,,,,,,,,,,,
KIG.AX,,,,,,,KIG,KINGFISHER TRUST 2016-1,,Not Applic,EQUITY,ASXListedCompanies.csv,,,,,,,,,,,,,,,,,,,,,,,,,,,,,,,,,,,,,,,,,,,,,,,,,,,,,,,,,
KKC.AX,,,,,,,KKC,KKR CREDIT INCOME FUND,,Not Applic,EQUITY,ASXListedCompanies.csv,,,,,,,,,,,,,,,,,,,,,,,,,,,,,,,,,,,,,,,,,,,,,,,,,,,,,,,,,
KKO.AX,,,,,,,KKO,KINETIKO ENERGY LTD,Energy,Energy,EQUITY,ASXListedCompanies.csv,,,,,,,,,,,,,,,,,,,,,,,,,,,,,,,,,,,,,,,,,,,,,,,,,,,,,,,,,
KLI.AX,,,,,,,KLI,KILLI RESOURCES LIMITED,Materials,Materials,EQUITY,ASXListedCompanies.csv,,,,,,,,,,,,,,,,,,,,,,,,,,,,,,,,,,,,,,,,,,,,,,,,,,,,,,,,,
KLR.AX,,,,,,,KLR,KAILI RESOURCES LIMITED,Energy,Energy,EQUITY,ASXListedCompanies.csv,,,,,,,,,,,,,,,,,,,,,,,,,,,,,,,,,,,,,,,,,,,,,,,,,,,,,,,,,
KLS.AX,,,,,,,KLS,KELSIAN GROUP LIMITED,Industrials,Transportation,EQUITY,ASXListedCompanies.csv,,,,,,,,,,,,,,,,,,,,,,,,,,,,,,,,,,,,,,,,,,,,,,,,,,,,,,,,,
KLV.AX,,,,,,,KLV,KLEVO REWARDS LIMITED,Industrials,Commercial & Professional Services,EQUITY,ASXListedCompanies.csv,,,,,,,,,,,,,,,,,,,,,,,,,,,,,,,,,,,,,,,,,,,,,,,,,,,,,,,,,
KM1.AX,,,,,,,KM1,KALI METALS LIMITED,Materials,Materials,EQUITY,ASXListedCompanies.csv,,,,,,,,,,,,,,,,,,,,,,,,,,,,,,,,,,,,,,,,,,,,,,,,,,,,,,,,,
KMD.AX,,,,,,,KMD,KMD BRANDS LIMITED,Consumer Discretionary,Consumer Discretionary Distribution & Retail,EQUITY,ASXListedCompanies.csv,,,,,,,,,,,,,,,,,,,,,,,,,,,,,,,,,,,,,,,,,,,,,,,,,,,,,,,,,
KME.AX,,,,,,,KME,KIP MCGRATH EDUCATION CENTRES LIMITED,Consumer Discretionary,Consumer Services,EQUITY,ASXListedCompanies.csv,,,,,,,,,,,,,,,,,,,,,,,,,,,,,,,,,,,,,,,,,,,,,,,,,,,,,,,,,
KNB.AX,,,,,,,KNB,KOONENBERRY GOLD LIMITED,Materials,Materials,EQUITY,ASXListedCompanies.csv,,,,,,,,,,,,,,,,,,,,,,,,,,,,,,,,,,,,,,,,,,,,,,,,,,,,,,,,,
KNG.AX,,,,,,,KNG,KINGSLAND MINERALS LTD,Materials,Materials,EQUITY,ASXListedCompanies.csv,,,,,,,,,,,,,,,,,,,,,,,,,,,,,,,,,,,,,,,,,,,,,,,,,,,,,,,,,
KNI.AX,,,,,,,KNI,KUNIKO LIMITED,Materials,Materials,EQUITY,ASXListedCompanies.csv,,,,,,,,,,,,,,,,,,,,,,,,,,,,,,,,,,,,,,,,,,,,,,,,,,,,,,,,,
KNM.AX,,,,,,,KNM,KNEOMEDIA LIMITED,Communication Services,Media & Entertainment,EQUITY,ASXListedCompanies.csv,,,,,,,,,,,,,,,,,,,,,,,,,,,,,,,,,,,,,,,,,,,,,,,,,,,,,,,,,
KNO.AX,,,,,,,KNO,KNOSYS LIMITED,Information Technology,Software & Services,EQUITY,ASXListedCompanies.csv,,,,,,,,,,,,,,,,,,,,,,,,,,,,,,,,,,,,,,,,,,,,,,,,,,,,,,,,,
KOB.AX,,,,,,,KOB,KOBA RESOURCES LIMITED,Materials,Materials,EQUITY,ASXListedCompanies.csv,,,,,,,,,,,,,,,,,,,,,,,,,,,,,,,,,,,,,,,,,,,,,,,,,,,,,,,,,
KOR.AX,,,,,,,KOR,KORAB RESOURCES LIMITED,Materials,Materials,EQUITY,ASXListedCompanies.csv,,,,,,,,,,,,,,,,,,,,,,,,,,,,,,,,,,,,,,,,,,,,,,,,,,,,,,,,,
KOV.AX,,,,,,,KOV,KORVEST LTD,Industrials,Capital Goods,EQUITY,ASXListedCompanies.csv,,,,,,,,,,,,,,,,,,,,,,,,,,,,,,,,,,,,,,,,,,,,,,,,,,,,,,,,,
KP2.AX,,,,,,,KP2,KORE POTASH PLC,Materials,Materials,EQUITY,ASXListedCompanies.csv,,,,,,,,,,,,,,,,,,,,,,,,,,,,,,,,,,,,,,,,,,,,,,,,,,,,,,,,,
KPG.AX,,,,,,,KPG,KELLY PARTNERS GROUP HOLDINGS LIMITED,Industrials,Commercial & Professional Services,EQUITY,ASXListedCompanies.csv,,,,,,,,,,,,,,,,,,,,,,,,,,,,,,,,,,,,,,,,,,,,,,,,,,,,,,,,,
KPO.AX,,,,,,,KPO,KALINA POWER LIMITED,Utilities,Utilities,EQUITY,ASXListedCompanies.csv,,,,,,,,,,,,,,,,,,,,,,,,,,,,,,,,,,,,,,,,,,,,,,,,,,,,,,,,,
KRM.AX,,,,,,,KRM,KINGSROSE MINING LIMITED,Materials,Materials,EQUITY,ASXListedCompanies.csv,,,,,,,,,,,,,,,,,,,,,,,,,,,,,,,,,,,,,,,,,,,,,,,,,,,,,,,,,
KRR.AX,,,,,,,KRR,KING RIVER RESOURCES LIMITED,Materials,Materials,EQUITY,ASXListedCompanies.csv,,,,,,,,,,,,,,,,,,,,,,,,,,,,,,,,,,,,,,,,,,,,,,,,,,,,,,,,,
KSC.AX,,,,,,,KSC,K & S CORPORATION LIMITED,Industrials,Transportation,EQUITY,ASXListedCompanies.csv,,,,,,,,,,,,,,,,,,,,,,,,,,,,,,,,,,,,,,,,,,,,,,,,,,,,,,,,,
KSL.AX,,,,,,,KSL,KINA SECURITIES LIMITED,Financials,Banks,EQUITY,ASXListedCompanies.csv,,,,,,,,,,,,,,,,,,,,,,,,,,,,,,,,,,,,,,,,,,,,,,,,,,,,,,,,,
KSM.AX,,,,,,,KSM,K2 Australian Small Cap Hedge Fund - Complex ETF,,Spotlight ETP List,ETF/ETP,ASXInvestmentProductsMonthlyReport,,,,,,,,,,,,,,,,,,,,,,,,,,,,,,,,,,,,,,,,,,,,,,,,,,,,,,,,,
KSN.AX,,,,,,,KSN,KINGSTON RESOURCES LIMITED,Materials,Materials,EQUITY,ASXListedCompanies.csv,,,,,,,,,,,,,,,,,,,,,,,,,,,,,,,,,,,,,,,,,,,,,,,,,,,,,,,,,
KTA.AX,,,,,,,KTA,KRAKATOA RESOURCES LIMITED,Materials,Materials,EQUITY,ASXListedCompanies.csv,,,,,,,,,,,,,,,,,,,,,,,,,,,,,,,,,,,,,,,,,,,,,,,,,,,,,,,,,
KYP.AX,,,,,,,KYP,KINATICO LTD,Information Technology,Software & Services,EQUITY,ASXListedCompanies.csv,,,,,,,,,,,,,,,,,,,,,,,,,,,,,,,,,,,,,,,,,,,,,,,,,,,,,,,,,
KZR.AX,,,,,,,KZR,KALAMAZOO RESOURCES LIMITED,Materials,Materials,EQUITY,ASXListedCompanies.csv,,,,,,,,,,,,,,,,,,,,,,,,,,,,,,,,,,,,,,,,,,,,,,,,,,,,,,,,,
L1G.AX,,,,,,,L1G,L1 GROUP LIMITED,Financials,Financial Services,EQUITY,ASXListedCompanies.csv,,,,,,,,,,,,,,,,,,,,,,,,,,,,,,,,,,,,,,,,,,,,,,,,,,,,,,,,,
L1HI.AX,,,,,,,L1HI,L1 Capital International (Hedged) Active ETF,,Spotlight ETP List,ETF/ETP,ASXInvestmentProductsMonthlyReport,,,,,,,,,,,,,,,,,,,,,,,,,,,,,,,,,,,,,,,,,,,,,,,,,,,,,,,,,
L1IF.AX,,,,,,,L1IF,L1 Capital International (Unhedged) Active ETF,,Spotlight ETP List,ETF/ETP,ASXInvestmentProductsMonthlyReport,,,,,,,,,,,,,,,,,,,,,,,,,,,,,,,,,,,,,,,,,,,,,,,,,,,,,,,,,
L1M.AX,,,,,,,L1M,LIGHTNING MINERALS LTD,Materials,Materials,EQUITY,ASXListedCompanies.csv,,,,,,,,,,,,,,,,,,,,,,,,,,,,,,,,,,,,,,,,,,,,,,,,,,,,,,,,,
LAM.AX,,,,,,,LAM,LARAMIDE RESOURCES LTD,Energy,Energy,EQUITY,ASXListedCompanies.csv,,,,,,,,,,,,,,,,,,,,,,,,,,,,,,,,,,,,,,,,,,,,,,,,,,,,,,,,,
LAT.AX,,,,,,,LAT,LATITUDE 66 LIMITED,Materials,Materials,EQUITY,ASXListedCompanies.csv,,,,,,,,,,,,,,,,,,,,,,,,,,,,,,,,,,,,,,,,,,,,,,,,,,,,,,,,,
LAU.AX,,,,,,,LAU,LINDSAY AUSTRALIA LIMITED,Industrials,Transportation,EQUITY,ASXListedCompanies.csv,,,,,,,,,,,,,,,,,,,,,,,,,,,,,,,,,,,,,,,,,,,,,,,,,,,,,,,,,
LBL.AX,,,,,,,LBL,LASERBOND LIMITED,Industrials,Capital Goods,EQUITY,ASXListedCompanies.csv,,,,,,,,,,,,,,,,,,,,,,,,,,,,,,,,,,,,,,,,,,,,,,,,,,,,,,,,,
LCE.AX,,,,,,,LCE,LONDON CITY EQUITIES LIMITED,Financials,Financial Services,EQUITY,ASXListedCompanies.csv,,,,,,,,,,,,,,,,,,,,,,,,,,,,,,,,,,,,,,,,,,,,,,,,,,,,,,,,,
LCL.AX,,,,,,,LCL,LCL RESOURCES LIMITED,Materials,Materials,EQUITY,ASXListedCompanies.csv,,,,,,,,,,,,,,,,,,,,,,,,,,,,,,,,,,,,,,,,,,,,,,,,,,,,,,,,,
LCN.AX,,,,,,,LCN,LATITUDE AUSTRALIA CREDIT CARD LOAN NOTE TRUST,,Not Applic,EQUITY,ASXListedCompanies.csv,,,,,,,,,,,,,,,,,,,,,,,,,,,,,,,,,,,,,,,,,,,,,,,,,,,,,,,,,
LCY.AX,,,,,,,LCY,LEGACY IRON ORE LIMITED,Materials,Materials,EQUITY,ASXListedCompanies.csv,,,,,,,,,,,,,,,,,,,,,,,,,,,,,,,,,,,,,,,,,,,,,,,,,,,,,,,,,
LDR.AX,,,,,,,LDR,LODE RESOURCES LTD,Materials,Materials,EQUITY,ASXListedCompanies.csv,,,,,,,,,,,,,,,,,,,,,,,,,,,,,,,,,,,,,,,,,,,,,,,,,,,,,,,,,
LDX.AX,,,,,,,LDX,LUMOS DIAGNOSTICS HOLDINGS LIMITED,Health Care,Health Care Equipment & Services,EQUITY,ASXListedCompanies.csv,,,,,,,,,,,,,,,,,,,,,,,,,,,,,,,,,,,,,,,,,,,,,,,,,,,,,,,,,
LED.AX,,,,,,,LED,LDR CAPITAL PROPERTY FUND,Real Estate,Equity Real Estate Investment Trusts (REITs),EQUITY,ASXListedCompanies.csv,,,,,,,,,,,,,,,,,,,,,,,,,,,,,,,,,,,,,,,,,,,,,,,,,,,,,,,,,
LEG.AX,,,,,,,LEG,LEGEND MINING LIMITED,Materials,Materials,EQUITY,ASXListedCompanies.csv,,,,,,,,,,,,,,,,,,,,,,,,,,,,,,,,,,,,,,,,,,,,,,,,,,,,,,,,,
LEL.AX,,,,,,,LEL,LITHIUM ENERGY LIMITED,Materials,Materials,EQUITY,ASXListedCompanies.csv,,,,,,,,,,,,,,,,,,,,,,,,,,,,,,,,,,,,,,,,,,,,,,,,,,,,,,,,,
LEND.AX,,,,,,,LEND,VanEck Global Listed Private Credit (AUD Hedged) ETF,,Spotlight ETP List,ETF/ETP,ASXInvestmentProductsMonthlyReport,,,,,,,,,,,,,,,,,,,,,,,,,,,,,,,,,,,,,,,,,,,,,,,,,,,,,,,,,
LEVR.AX,,,,,,,LEVR,First Sentier Geared Australian Share Complex ETF,,Spotlight ETP List,ETF/ETP,ASXInvestmentProductsMonthlyReport,,,,,,,,,,,,,,,,,,,,,,,,,,,,,,,,,,,,,,,,,,,,,,,,,,,,,,,,,
LEX.AX,,,,,,,LEX,LEFROY EXPLORATION LIMITED,Materials,Materials,EQUITY,ASXListedCompanies.csv,,,,,,,,,,,,,,,,,,,,,,,,,,,,,,,,,,,,,,,,,,,,,,,,,,,,,,,,,
LF1.AX,,,,,,,LF1,LA TROBE PRIVATE CREDIT FUND,,Not Applic,EQUITY,ASXListedCompanies.csv,,,,,,,,,,,,,,,,,,,,,,,,,,,,,,,,,,,,,,,,,,,,,,,,,,,,,,,,,
LFG.AX,,,,,,,LFG,LIBERTY FINANCIAL GROUP,Financials,Financial Services,EQUITY,ASXListedCompanies.csv,,,,,,,,,,,,,,,,,,,,,,,,,,,,,,,,,,,,,,,,,,,,,,,,,,,,,,,,,
LFS.AX,,,,,,,LFS,LATITUDE GROUP HOLDINGS LIMITED,Financials,Financial Services,EQUITY,ASXListedCompanies.csv,,,,,,,,,,,,,,,,,,,,,,,,,,,,,,,,,,,,,,,,,,,,,,,,,,,,,,,,,
LGI.AX,,,,,,,LGI,LGI LIMITED,Utilities,Utilities,EQUITY,ASXListedCompanies.csv,,,,,,,,,,,,,,,,,,,,,,,,,,,,,,,,,,,,,,,,,,,,,,,,,,,,,,,,,
LGM.AX,,,,,,,LGM,LEGACY MINERALS HOLDINGS LIMITED,Materials,Materials,EQUITY,ASXListedCompanies.csv,,,,,,,,,,,,,,,,,,,,,,,,,,,,,,,,,,,,,,,,,,,,,,,,,,,,,,,,,
LGP.AX,,,,,,,LGP,LITTLE GREEN PHARMA LTD,Health Care,"Pharmaceuticals, Biotechnology & Life Sciences",EQUITY,ASXListedCompanies.csv,,,,,,,,,,,,,,,,,,,,,,,,,,,,,,,,,,,,,,,,,,,,,,,,,,,,,,,,,
LHGG.AX,,,,,,,LHGG,Lakehouse Global Growth Fund Active ETF,,Spotlight ETP List,ETF/ETP,ASXInvestmentProductsMonthlyReport,,,,,,,,,,,,,,,,,,,,,,,,,,,,,,,,,,,,,,,,,,,,,,,,,,,,,,,,,
LI8.AX,,,,,,,LI8,LION SERIES 2020-1 TRUST,,Not Applic,EQUITY,ASXListedCompanies.csv,,,,,,,,,,,,,,,,,,,,,,,,,,,,,,,,,,,,,,,,,,,,,,,,,,,,,,,,,
LIB.AX,,,,,,,LIB,LIBERTY METALS LTD,Materials,Materials,EQUITY,ASXListedCompanies.csv,,,,,,,,,,,,,,,,,,,,,,,,,,,,,,,,,,,,,,,,,,,,,,,,,,,,,,,,,
LIC.AX,,,,,,,LIC,LIFESTYLE COMMUNITIES LIMITED,Real Estate,Real Estate Management & Development,EQUITY,ASXListedCompanies.csv,,,,,,,,,,,,,,,,,,,,,,,,,,,,,,,,,,,,,,,,,,,,,,,,,,,,,,,,,
LIN.AX,,,,,,,LIN,LINDIAN RESOURCES LIMITED,Materials,Materials,EQUITY,ASXListedCompanies.csv,,,,,,,,,,,,,,,,,,,,,,,,,,,,,,,,,,,,,,,,,,,,,,,,,,,,,,,,,
LIO.AX,,,,,,,LIO,LION ENERGY LIMITED,Energy,Energy,EQUITY,ASXListedCompanies.csv,,,,,,,,,,,,,,,,,,,,,,,,,,,,,,,,,,,,,,,,,,,,,,,,,,,,,,,,,
LIS.AX,,,,,,,LIS,LI-S ENERGY LIMITED,Industrials,Capital Goods,EQUITY,ASXListedCompanies.csv,,,,,,,,,,,,,,,,,,,,,,,,,,,,,,,,,,,,,,,,,,,,,,,,,,,,,,,,,
LIT.AX,,,,,,,LIT,LIVIUM LTD,Materials,Materials,EQUITY,ASXListedCompanies.csv,,,,,,,,,,,,,,,,,,,,,,,,,,,,,,,,,,,,,,,,,,,,,,,,,,,,,,,,,
LKE.AX,,,,,,,LKE,LAKE RESOURCES N.L.,Materials,Materials,EQUITY,ASXListedCompanies.csv,,,,,,,,,,,,,,,,,,,,,,,,,,,,,,,,,,,,,,,,,,,,,,,,,,,,,,,,,
LKO.AX,,,,,,,LKO,LAKES BLUE ENERGY NL,Energy,Energy,EQUITY,ASXListedCompanies.csv,,,,,,,,,,,,,,,,,,,,,,,,,,,,,,,,,,,,,,,,,,,,,,,,,,,,,,,,,
LKY.AX,,,,,,,LKY,LOCKSLEY RESOURCES LIMITED,Materials,Materials,EQUITY,ASXListedCompanies.csv,,,,,,,,,,,,,,,,,,,,,,,,,,,,,,,,,,,,,,,,,,,,,,,,,,,,,,,,,
LLC.AX,,,,,,,LLC,LENDLEASE GROUP,Real Estate,Real Estate Management & Development,EQUITY,ASXListedCompanies.csv,,,,,,,,,,,,,,,,,,,,,,,,,,,,,,,,,,,,,,,,,,,,,,,,,,,,,,,,,
LLM.AX,,,,,,,LLM,LOYAL METALS LTD,Materials,Materials,EQUITY,ASXListedCompanies.csv,,,,,,,,,,,,,,,,,,,,,,,,,,,,,,,,,,,,,,,,,,,,,,,,,,,,,,,,,
LM1.AX,,,,,,,LM1,LEEUWIN METALS LTD,Materials,Materials,EQUITY,ASXListedCompanies.csv,,,,,,,,,,,,,,,,,,,,,,,,,,,,,,,,,,,,,,,,,,,,,,,,,,,,,,,,,
LM8.AX,,,,,,,LM8,LUNNON METALS LIMITED,Materials,Materials,EQUITY,ASXListedCompanies.csv,,,,,,,,,,,,,,,,,,,,,,,,,,,,,,,,,,,,,,,,,,,,,,,,,,,,,,,,,
LMG.AX,,,,,,,LMG,LATROBE MAGNESIUM LIMITED,Materials,Materials,EQUITY,ASXListedCompanies.csv,,,,,,,,,,,,,,,,,,,,,,,,,,,,,,,,,,,,,,,,,,,,,,,,,,,,,,,,,
LML.AX,,,,,,,LML,LINCOLN MINERALS LIMITED,Materials,Materials,EQUITY,ASXListedCompanies.csv,,,,,,,,,,,,,,,,,,,,,,,,,,,,,,,,,,,,,,,,,,,,,,,,,,,,,,,,,
LMS.AX,,,,,,,LMS,LITCHFIELD MINERALS LIMITED,Materials,Materials,EQUITY,ASXListedCompanies.csv,,,,,,,,,,,,,,,,,,,,,,,,,,,,,,,,,,,,,,,,,,,,,,,,,,,,,,,,,
LN1.AX,,,,,,,LN1,LION SERIES 2022-1 TRUST,,Not Applic,EQUITY,ASXListedCompanies.csv,,,,,,,,,,,,,,,,,,,,,,,,,,,,,,,,,,,,,,,,,,,,,,,,,,,,,,,,,
LN2.AX,,,,,,,LN2,LION SERIES 2023-1 TRUST,,Not Applic,EQUITY,ASXListedCompanies.csv,,,,,,,,,,,,,,,,,,,,,,,,,,,,,,,,,,,,,,,,,,,,,,,,,,,,,,,,,
LN3.AX,,,,,,,LN3,LION SERIES 2024-1 TRUST,,Not Applic,EQUITY,ASXListedCompanies.csv,,,,,,,,,,,,,,,,,,,,,,,,,,,,,,,,,,,,,,,,,,,,,,,,,,,,,,,,,
LNAS.AX,,,,,,,LNAS,Global X Ultra Long Nasdaq 100 Complex ETF,,Spotlight ETP List,ETF/ETP,ASXInvestmentProductsMonthlyReport,,,,,,,,,,,,,,,,,,,,,,,,,,,,,,,,,,,,,,,,,,,,,,,,,,,,,,,,,
LNQ.AX,,,,,,,LNQ,LINQ MINERALS LIMITED,Materials,Materials,EQUITY,ASXListedCompanies.csv,,,,,,,,,,,,,,,,,,,,,,,,,,,,,,,,,,,,,,,,,,,,,,,,,,,,,,,,,
LNW.AX,,,,,,,LNW,LIGHT & WONDER INC.,Consumer Discretionary,Consumer Services,EQUITY,ASXListedCompanies.csv,,,,,,,,,,,,,,,,,,,,,,,,,,,,,,,,,,,,,,,,,,,,,,,,,,,,,,,,,
LNYN.AX,,,,,,,LNYN,Lanyon Investment Fund Active ETF,,Spotlight ETP List,ETF/ETP,ASXInvestmentProductsMonthlyReport,,,,,,,,,,,,,,,,,,,,,,,,,,,,,,,,,,,,,,,,,,,,,,,,,,,,,,,,,
LO1.AX,,,,,,,LO1,LLOYDS BANKING GROUP PLC,,Not Applic,EQUITY,ASXListedCompanies.csv,,,,,,,,,,,,,,,,,,,,,,,,,,,,,,,,,,,,,,,,,,,,,,,,,,,,,,,,,
LOT.AX,,,,,,,LOT,LOTUS RESOURCES LIMITED,Materials,Materials,EQUITY,ASXListedCompanies.csv,,,,,,,,,,,,,,,,,,,,,,,,,,,,,,,,,,,,,,,,,,,,,,,,,,,,,,,,,
LOV.AX,,,,,,,LOV,LOVISA HOLDINGS LIMITED,Consumer Discretionary,Consumer Discretionary Distribution & Retail,EQUITY,ASXListedCompanies.csv,,,,,,,,,,,,,,,,,,,,,,,,,,,,,,,,,,,,,,,,,,,,,,,,,,,,,,,,,
LP1.AX,,,,,,,LP1,LIBERTY PRIME SERIES 2021-1,,Not Applic,EQUITY,ASXListedCompanies.csv,,,,,,,,,,,,,,,,,,,,,,,,,,,,,,,,,,,,,,,,,,,,,,,,,,,,,,,,,
LPE.AX,,,,,,,LPE,LOCALITY PLANNING ENERGY HOLDINGS LIMITED,Utilities,Utilities,EQUITY,ASXListedCompanies.csv,,,,,,,,,,,,,,,,,,,,,,,,,,,,,,,,,,,,,,,,,,,,,,,,,,,,,,,,,
LPGD.AX,,,,,,,LPGD,Loftus Peak Global Disruption Active ETF,,Spotlight ETP List,ETF/ETP,ASXInvestmentProductsMonthlyReport,,,,,,,,,,,,,,,,,,,,,,,,,,,,,,,,,,,,,,,,,,,,,,,,,,,,,,,,,
LPHD.AX,,,,,,,LPHD,Loftus Peak Global Disruption Hedged Active ETF,,Spotlight ETP List,ETF/ETP,ASXInvestmentProductsMonthlyReport,,,,,,,,,,,,,,,,,,,,,,,,,,,,,,,,,,,,,,,,,,,,,,,,,,,,,,,,,
LPM.AX,,,,,,,LPM,LITHIUM PLUS MINERALS LTD.,Materials,Materials,EQUITY,ASXListedCompanies.csv,,,,,,,,,,,,,,,,,,,,,,,,,,,,,,,,,,,,,,,,,,,,,,,,,,,,,,,,,
LR1.AX,,,,,,,LR1,LA TROBE FINANCIAL CAPITAL MARKETS TRUST 2023-1,,Not Applic,EQUITY,ASXListedCompanies.csv,,,,,,,,,,,,,,,,,,,,,,,,,,,,,,,,,,,,,,,,,,,,,,,,,,,,,,,,,
LR3.AX,,,,,,,LR3,LA TROBE FINANCIAL CAPITAL MARKETS TRUST 2024-1,,Not Applic,EQUITY,ASXListedCompanies.csv,,,,,,,,,,,,,,,,,,,,,,,,,,,,,,,,,,,,,,,,,,,,,,,,,,,,,,,,,
LR4.AX,,,,,,,LR4,LA TROBE FINANCIAL CAPITAL MARKETS TRUST 2023-2,,Not Applic,EQUITY,ASXListedCompanies.csv,,,,,,,,,,,,,,,,,,,,,,,,,,,,,,,,,,,,,,,,,,,,,,,,,,,,,,,,,
LR5.AX,,,,,,,LR5,LA TROBE FINANCIAL CAPITAL MARKETS TRUST 2024-2,,Not Applic,EQUITY,ASXListedCompanies.csv,,,,,,,,,,,,,,,,,,,,,,,,,,,,,,,,,,,,,,,,,,,,,,,,,,,,,,,,,
LR6.AX,,,,,,,LR6,LA TROBE FINANCIAL CAPITAL MARKETS TRUST 2024-3,,Not Applic,EQUITY,ASXListedCompanies.csv,,,,,,,,,,,,,,,,,,,,,,,,,,,,,,,,,,,,,,,,,,,,,,,,,,,,,,,,,
LRD.AX,,,,,,,LRD,LORD RESOURCES LIMITED,Materials,Materials,EQUITY,ASXListedCompanies.csv,,,,,,,,,,,,,,,,,,,,,,,,,,,,,,,,,,,,,,,,,,,,,,,,,,,,,,,,,
LRK.AX,,,,,,,LRK,LARK DISTILLING CO. LTD,Consumer Staples,"Food, Beverage & Tobacco",EQUITY,ASXListedCompanies.csv,,,,,,,,,,,,,,,,,,,,,,,,,,,,,,,,,,,,,,,,,,,,,,,,,,,,,,,,,
LRM.AX,,,,,,,LRM,LION ROCK MINERALS LTD,Materials,Materials,EQUITY,ASXListedCompanies.csv,,,,,,,,,,,,,,,,,,,,,,,,,,,,,,,,,,,,,,,,,,,,,,,,,,,,,,,,,
LRT.AX,,,,,,,LRT,LOWELL RESOURCES FUND,,Not Applic,EQUITY,ASXListedCompanies.csv,,,,,,,,,,,,,,,,,,,,,,,,,,,,,,,,,,,,,,,,,,,,,,,,,,,,,,,,,
LRV.AX,,,,,,,LRV,LARVOTTO RESOURCES LIMITED,Materials,Materials,EQUITY,ASXListedCompanies.csv,,,,,,,,,,,,,,,,,,,,,,,,,,,,,,,,,,,,,,,,,,,,,,,,,,,,,,,,,
LSA.AX,,,,,,,LSA,LACHLAN STAR LIMITED,Materials,Materials,EQUITY,ASXListedCompanies.csv,,,,,,,,,,,,,,,,,,,,,,,,,,,,,,,,,,,,,,,,,,,,,,,,,,,,,,,,,
LSF.AX,,,,,,,LSF,L1 LONG SHORT FUND LIMITED,,Not Applic,EQUITY,ASXListedCompanies.csv,,,,,,,,,,,,,,,,,,,,,,,,,,,,,,,,,,,,,,,,,,,,,,,,,,,,,,,,,
LSGE.AX,,,,,,,LSGE,Loomis Sayles Global Equity Fund - Active ETF,,Spotlight ETP List,ETF/ETP,ASXInvestmentProductsMonthlyReport,,,,,,,,,,,,,,,,,,,,,,,,,,,,,,,,,,,,,,,,,,,,,,,,,,,,,,,,,
LSR.AX,,,,,,,LSR,LODESTAR MINERALS LIMITED,Materials,Materials,EQUITY,ASXListedCompanies.csv,,,,,,,,,,,,,,,,,,,,,,,,,,,,,,,,,,,,,,,,,,,,,,,,,,,,,,,,,
LSX.AX,,,,,,,LSX,LION SELECTION GROUP LIMITED.,,Not Applic,EQUITY,ASXListedCompanies.csv,,,,,,,,,,,,,,,,,,,,,,,,,,,,,,,,,,,,,,,,,,,,,,,,,,,,,,,,,
LT9.AX,,,,,,,LT9,LA TROBE FINANCIAL CAPITAL MARKETS TRUST 2022-2,,Not Applic,EQUITY,ASXListedCompanies.csv,,,,,,,,,,,,,,,,,,,,,,,,,,,,,,,,,,,,,,,,,,,,,,,,,,,,,,,,,
LTP.AX,,,,,,,LTP,LTR PHARMA LIMITED,Health Care,"Pharmaceuticals, Biotechnology & Life Sciences",EQUITY,ASXListedCompanies.csv,,,,,,,,,,,,,,,,,,,,,,,,,,,,,,,,,,,,,,,,,,,,,,,,,,,,,,,,,
LTR.AX,,,,,,,LTR,LIONTOWN LIMITED,Materials,Materials,EQUITY,ASXListedCompanies.csv,,,,,,,,,,,,,,,,,,,,,,,,,,,,,,,,,,,,,,,,,,,,,,,,,,,,,,,,,
LU7.AX,,,,,,,LU7,LITHIUM UNIVERSE LIMITED,Materials,Materials,EQUITY,ASXListedCompanies.csv,,,,,,,,,,,,,,,,,,,,,,,,,,,,,,,,,,,,,,,,,,,,,,,,,,,,,,,,,
LVE.AX,,,,,,,LVE,LOVE GROUP GLOBAL LTD,Information Technology,Software & Services,EQUITY,ASXListedCompanies.csv,,,,,,,,,,,,,,,,,,,,,,,,,,,,,,,,,,,,,,,,,,,,,,,,,,,,,,,,,
LYC.AX,,,,,,,LYC,LYNAS RARE EARTHS LIMITED,Materials,Materials,EQUITY,ASXListedCompanies.csv,,,,,,,,,,,,,,,,,,,,,,,,,,,,,,,,,,,,,,,,,,,,,,,,,,,,,,,,,
LYL.AX,,,,,,,LYL,LYCOPODIUM LIMITED,Industrials,Capital Goods,EQUITY,ASXListedCompanies.csv,,,,,,,,,,,,,,,,,,,,,,,,,,,,,,,,,,,,,,,,,,,,,,,,,,,,,,,,,
M24.AX,,,,,,,M24,MAMBA EXPLORATION LIMITED,Materials,Materials,EQUITY,ASXListedCompanies.csv,,,,,,,,,,,,,,,,,,,,,,,,,,,,,,,,,,,,,,,,,,,,,,,,,,,,,,,,,
M2M.AX,,,,,,,M2M,MT MALCOLM MINES NL,Materials,Materials,EQUITY,ASXListedCompanies.csv,,,,,,,,,,,,,,,,,,,,,,,,,,,,,,,,,,,,,,,,,,,,,,,,,,,,,,,,,
M2R.AX,,,,,,,M2R,MIRAMAR RESOURCES LIMITED,Materials,Materials,EQUITY,ASXListedCompanies.csv,,,,,,,,,,,,,,,,,,,,,,,,,,,,,,,,,,,,,,,,,,,,,,,,,,,,,,,,,
M3M.AX,,,,,,,M3M,M3 MINING LIMITED,Materials,Materials,EQUITY,ASXListedCompanies.csv,,,,,,,,,,,,,,,,,,,,,,,,,,,,,,,,,,,,,,,,,,,,,,,,,,,,,,,,,
M4M.AX,,,,,,,M4M,MACRO METALS LIMITED,Materials,Materials,EQUITY,ASXListedCompanies.csv,,,,,,,,,,,,,,,,,,,,,,,,,,,,,,,,,,,,,,,,,,,,,,,,,,,,,,,,,
M79.AX,,,,,,,M79,MAMMOTH MINERALS LIMITED,Materials,Materials,EQUITY,ASXListedCompanies.csv,,,,,,,,,,,,,,,,,,,,,,,,,,,,,,,,,,,,,,,,,,,,,,,,,,,,,,,,,
M7T.AX,,,,,,,M7T,MACH7 TECHNOLOGIES LIMITED,Health Care,Health Care Equipment & Services,EQUITY,ASXListedCompanies.csv,,,,,,,,,,,,,,,,,,,,,,,,,,,,,,,,,,,,,,,,,,,,,,,,,,,,,,,,,
MA1.AX,,,,,,,MA1,MA CREDIT INCOME TRUST,,Not Applic,EQUITY,ASXListedCompanies.csv,,,,,,,,,,,,,,,,,,,,,,,,,,,,,,,,,,,,,,,,,,,,,,,,,,,,,,,,,
MA2.AX,,,,,,,MA2,MA CREDIT PORTFOLIO HOLDINGS LIMITED,,Not Applic,EQUITY,ASXListedCompanies.csv,,,,,,,,,,,,,,,,,,,,,,,,,,,,,,,,,,,,,,,,,,,,,,,,,,,,,,,,,
MAD.AX,,,,,,,MAD,MADER GROUP LIMITED,Industrials,Commercial & Professional Services,EQUITY,ASXListedCompanies.csv,,,,,,,,,,,,,,,,,,,,,,,,,,,,,,,,,,,,,,,,,,,,,,,,,,,,,,,,,
MAET.AX,,,,,,,MAET,Munro Global Growth Fund Complex ETF,,Spotlight ETP List,ETF/ETP,ASXInvestmentProductsMonthlyReport,,,,,,,,,,,,,,,,,,,,,,,,,,,,,,,,,,,,,,,,,,,,,,,,,,,,,,,,,
MAF.AX,,,,,,,MAF,MA FINANCIAL GROUP LIMITED,Financials,Financial Services,EQUITY,ASXListedCompanies.csv,,,,,,,,,,,,,,,,,,,,,,,,,,,,,,,,,,,,,,,,,,,,,,,,,,,,,,,,,
MAG.AX,,,,,,,MAG,MAGMATIC RESOURCES LIMITED,Materials,Materials,EQUITY,ASXListedCompanies.csv,,,,,,,,,,,,,,,,,,,,,,,,,,,,,,,,,,,,,,,,,,,,,,,,,,,,,,,,,
MAH.AX,,,,,,,MAH,MACMAHON HOLDINGS LIMITED,Materials,Materials,EQUITY,ASXListedCompanies.csv,,,,,,,,,,,,,,,,,,,,,,,,,,,,,,,,,,,,,,,,,,,,,,,,,,,,,,,,,
MAM.AX,,,,,,,MAM,MICROEQUITIES ASSET MANAGEMENT GROUP LIMITED,Financials,Financial Services,EQUITY,ASXListedCompanies.csv,,,,,,,,,,,,,,,,,,,,,,,,,,,,,,,,,,,,,,,,,,,,,,,,,,,,,,,,,
MAN.AX,,,,,,,MAN,MANDRAKE RESOURCES LIMITED,Materials,Materials,EQUITY,ASXListedCompanies.csv,,,,,,,,,,,,,,,,,,,,,,,,,,,,,,,,,,,,,,,,,,,,,,,,,,,,,,,,,
MAP.AX,,,,,,,MAP,MICROBA LIFE SCIENCES LIMITED,Health Care,Health Care Equipment & Services,EQUITY,ASXListedCompanies.csv,,,,,,,,,,,,,,,,,,,,,,,,,,,,,,,,,,,,,,,,,,,,,,,,,,,,,,,,,
MAQ.AX,,,,,,,MAQ,MACQUARIE TECHNOLOGY GROUP LIMITED,Information Technology,Software & Services,EQUITY,ASXListedCompanies.csv,,,,,,,,,,,,,,,,,,,,,,,,,,,,,,,,,,,,,,,,,,,,,,,,,,,,,,,,,
MAT.AX,,,,,,,MAT,MATSA RESOURCES LIMITED,Materials,Materials,EQUITY,ASXListedCompanies.csv,,,,,,,,,,,,,,,,,,,,,,,,,,,,,,,,,,,,,,,,,,,,,,,,,,,,,,,,,
MAU.AX,,,,,,,MAU,MAGNETIC RESOURCES NL,Materials,Materials,EQUITY,ASXListedCompanies.csv,,,,,,,,,,,,,,,,,,,,,,,,,,,,,,,,,,,,,,,,,,,,,,,,,,,,,,,,,
MAY.AX,,,,,,,MAY,MELBANA ENERGY LIMITED,Energy,Energy,EQUITY,ASXListedCompanies.csv,,,,,,,,,,,,,,,,,,,,,,,,,,,,,,,,,,,,,,,,,,,,,,,,,,,,,,,,,
MBG.AX,,,,,,,MBG,MB GOLD LIMITED,,Class Pend,EQUITY,ASXListedCompanies.csv,,,,,,,,,,,,,,,,,,,,,,,,,,,,,,,,,,,,,,,,,,,,,,,,,,,,,,,,,
MBH.AX,,,,,,,MBH,MAGGIE BEER HOLDINGS LTD,Consumer Staples,"Food, Beverage & Tobacco",EQUITY,ASXListedCompanies.csv,,,,,,,,,,,,,,,,,,,,,,,,,,,,,,,,,,,,,,,,,,,,,,,,,,,,,,,,,
MBK.AX,,,,,,,MBK,METAL BANK LIMITED,Materials,Materials,EQUITY,ASXListedCompanies.csv,,,,,,,,,,,,,,,,,,,,,,,,,,,,,,,,,,,,,,,,,,,,,,,,,,,,,,,,,
MBL.AX,,,,,,,MBL,MACQUARIE BANK LIMITED,,Not Applic,EQUITY,ASXListedCompanies.csv,,,,,,,,,,,,,,,,,,,,,,,,,,,,,,,,,,,,,,,,,,,,,,,,,,,,,,,,,
MC2.AX,,,,,,,MC2,MARIMACA COPPER CORP.,Materials,Materials,EQUITY,ASXListedCompanies.csv,,,,,,,,,,,,,,,,,,,,,,,,,,,,,,,,,,,,,,,,,,,,,,,,,,,,,,,,,
MCA.AX,,,,,,,MCA,MURRAY COD AUSTRALIA LIMITED,Consumer Staples,"Food, Beverage & Tobacco",EQUITY,ASXListedCompanies.csv,,,,,,,,,,,,,,,,,,,,,,,,,,,,,,,,,,,,,,,,,,,,,,,,,,,,,,,,,
MCCL.AX,,,,,,,MCCL,Munro Climate Change Leaders Fund Active ETF,,Spotlight ETP List,ETF/ETP,ASXInvestmentProductsMonthlyReport,,,,,,,,,,,,,,,,,,,,,,,,,,,,,,,,,,,,,,,,,,,,,,,,,,,,,,,,,
MCE.AX,,,,,,,MCE,MATRIX COMPOSITES & ENGINEERING LIMITED,Energy,Energy,EQUITY,ASXListedCompanies.csv,,,,,,,,,,,,,,,,,,,,,,,,,,,,,,,,,,,,,,,,,,,,,,,,,,,,,,,,,
MCGG.AX,,,,,,,MCGG,Munro Concentrated Global Growth Active ETF,,Spotlight ETP List,ETF/ETP,ASXInvestmentProductsMonthlyReport,,,,,,,,,,,,,,,,,,,,,,,,,,,,,,,,,,,,,,,,,,,,,,,,,,,,,,,,,
MCM.AX,,,,,,,MCM,MC MINING LIMITED,Energy,Energy,EQUITY,ASXListedCompanies.csv,,,,,,,,,,,,,,,,,,,,,,,,,,,,,,,,,,,,,,,,,,,,,,,,,,,,,,,,,
MCO.AX,,,,,,,MCO,MYECO GROUP LTD,Materials,Materials,EQUITY,ASXListedCompanies.csv,,,,,,,,,,,,,,,,,,,,,,,,,,,,,,,,,,,,,,,,,,,,,,,,,,,,,,,,,
MCP.AX,,,,,,,MCP,MCPHERSON'S LIMITED,Consumer Staples,Household & Personal Products,EQUITY,ASXListedCompanies.csv,,,,,,,,,,,,,,,,,,,,,,,,,,,,,,,,,,,,,,,,,,,,,,,,,,,,,,,,,
MCY.AX,,,,,,,MCY,MERCURY NZ LIMITED,Utilities,Utilities,EQUITY,ASXListedCompanies.csv,,,,,,,,,,,,,,,,,,,,,,,,,,,,,,,,,,,,,,,,,,,,,,,,,,,,,,,,,
MDI.AX,,,,,,,MDI,MIDDLE ISLAND RESOURCES LIMITED,Materials,Materials,EQUITY,ASXListedCompanies.csv,,,,,,,,,,,,,,,,,,,,,,,,,,,,,,,,,,,,,,,,,,,,,,,,,,,,,,,,,
MDX.AX,,,,,,,MDX,MINDAX LIMITED,Materials,Materials,EQUITY,ASXListedCompanies.csv,,,,,,,,,,,,,,,,,,,,,,,,,,,,,,,,,,,,,,,,,,,,,,,,,,,,,,,,,
MEC.AX,,,,,,,MEC,MORPHIC ETHICAL EQUITIES FUND LIMITED,Financials,Financial Services,EQUITY,ASXListedCompanies.csv,,,,,,,,,,,,,,,,,,,,,,,,,,,,,,,,,,,,,,,,,,,,,,,,,,,,,,,,,
MEG.AX,,,,,,,MEG,MEGADO MINERALS LTD,Materials,Materials,EQUITY,ASXListedCompanies.csv,,,,,,,,,,,,,,,,,,,,,,,,,,,,,,,,,,,,,,,,,,,,,,,,,,,,,,,,,
MEI.AX,,,,,,,MEI,METEORIC RESOURCES NL,Materials,Materials,EQUITY,ASXListedCompanies.csv,,,,,,,,,,,,,,,,,,,,,,,,,,,,,,,,,,,,,,,,,,,,,,,,,,,,,,,,,
MEK.AX,,,,,,,MEK,MEEKA METALS LIMITED,Materials,Materials,EQUITY,ASXListedCompanies.csv,,,,,,,,,,,,,,,,,,,,,,,,,,,,,,,,,,,,,,,,,,,,,,,,,,,,,,,,,
MEL.AX,,,,,,,MEL,METGASCO LTD,Energy,Energy,EQUITY,ASXListedCompanies.csv,,,,,,,,,,,,,,,,,,,,,,,,,,,,,,,,,,,,,,,,,,,,,,,,,,,,,,,,,
MEM.AX,,,,,,,MEM,MEMPHASYS LIMITED.,Health Care,"Pharmaceuticals, Biotechnology & Life Sciences",EQUITY,ASXListedCompanies.csv,,,,,,,,,,,,,,,,,,,,,,,,,,,,,,,,,,,,,,,,,,,,,,,,,,,,,,,,,
MEU.AX,,,,,,,MEU,MARMOTA LIMITED,Energy,Energy,EQUITY,ASXListedCompanies.csv,,,,,,,,,,,,,,,,,,,,,,,,,,,,,,,,,,,,,,,,,,,,,,,,,,,,,,,,,
MEX.AX,,,,,,,MEX,MINERALS EXPLORATION LIMITED,Materials,Materials,EQUITY,ASXListedCompanies.csv,,,,,,,,,,,,,,,,,,,,,,,,,,,,,,,,,,,,,,,,,,,,,,,,,,,,,,,,,
MEZ.AX,,,,,,,MEZ,MERIDIAN ENERGY LIMITED,Utilities,Utilities,EQUITY,ASXListedCompanies.csv,,,,,,,,,,,,,,,,,,,,,,,,,,,,,,,,,,,,,,,,,,,,,,,,,,,,,,,,,
MF3.AX,,,,,,,MF3,METRO FINANCE 2023-1 TRUST,,Not Applic,EQUITY,ASXListedCompanies.csv,,,,,,,,,,,,,,,,,,,,,,,,,,,,,,,,,,,,,,,,,,,,,,,,,,,,,,,,,
MF4.AX,,,,,,,MF4,METRO FINANCE 2024-1 TRUST,,Not Applic,EQUITY,ASXListedCompanies.csv,,,,,,,,,,,,,,,,,,,,,,,,,,,,,,,,,,,,,,,,,,,,,,,,,,,,,,,,,
MF5.AX,,,,,,,MF5,METRO FINANCE 2023-2 TRUST,,Not Applic,EQUITY,ASXListedCompanies.csv,,,,,,,,,,,,,,,,,,,,,,,,,,,,,,,,,,,,,,,,,,,,,,,,,,,,,,,,,
MF6.AX,,,,,,,MF6,METRO FINANCE 2025-1 TRUST,,Not Applic,EQUITY,ASXListedCompanies.csv,,,,,,,,,,,,,,,,,,,,,,,,,,,,,,,,,,,,,,,,,,,,,,,,,,,,,,,,,
MFD.AX,,,,,,,MFD,MAYFIELD CHILDCARE LIMITED,Consumer Discretionary,Consumer Services,EQUITY,ASXListedCompanies.csv,,,,,,,,,,,,,,,,,,,,,,,,,,,,,,,,,,,,,,,,,,,,,,,,,,,,,,,,,
MFF.AX,,,,,,,MFF,MFF CAPITAL INVESTMENTS LIMITED,,Not Applic,EQUITY,ASXListedCompanies.csv,,,,,,,,,,,,,,,,,,,,,,,,,,,,,,,,,,,,,,,,,,,,,,,,,,,,,,,,,
MFG.AX,,,,,,,MFG,MAGELLAN FINANCIAL GROUP LIMITED,Financials,Financial Services,EQUITY,ASXListedCompanies.csv,,,,,,,,,,,,,,,,,,,,,,,,,,,,,,,,,,,,,,,,,,,,,,,,,,,,,,,,,
MFOA.AX,,,,,,,MFOA,Milford Australian Absolute Growth Complex ETF,,Spotlight ETP List,ETF/ETP,ASXInvestmentProductsMonthlyReport,,,,,,,,,,,,,,,,,,,,,,,,,,,,,,,,,,,,,,,,,,,,,,,,,,,,,,,,,
MGA.AX,,,,,,,MGA,METALSGROVE MINING LTD,Materials,Materials,EQUITY,ASXListedCompanies.csv,,,,,,,,,,,,,,,,,,,,,,,,,,,,,,,,,,,,,,,,,,,,,,,,,,,,,,,,,
MGH.AX,,,,,,,MGH,MAAS GROUP HOLDINGS LIMITED,Industrials,Capital Goods,EQUITY,ASXListedCompanies.csv,,,,,,,,,,,,,,,,,,,,,,,,,,,,,,,,,,,,,,,,,,,,,,,,,,,,,,,,,
MGL.AX,,,,,,,MGL,MAGONTEC LIMITED,Materials,Materials,EQUITY,ASXListedCompanies.csv,,,,,,,,,,,,,,,,,,,,,,,,,,,,,,,,,,,,,,,,,,,,,,,,,,,,,,,,,
MGOC.AX,,,,,,,MGOC,Magellan Global Fund -Open Class Units -Active ETF,,Spotlight ETP List,ETF/ETP,ASXInvestmentProductsMonthlyReport,,,,,,,,,,,,,,,,,,,,,,,,,,,,,,,,,,,,,,,,,,,,,,,,,,,,,,,,,
MGR.AX,,,,,,,MGR,MIRVAC GROUP,Real Estate,Equity Real Estate Investment Trusts (REITs),EQUITY,ASXListedCompanies.csv,,,,,,,,,,,,,,,,,,,,,,,,,,,,,,,,,,,,,,,,,,,,,,,,,,,,,,,,,
MGT.AX,,,,,,,MGT,MAGNETITE MINES LIMITED.,Materials,Materials,EQUITY,ASXListedCompanies.csv,,,,,,,,,,,,,,,,,,,,,,,,,,,,,,,,,,,,,,,,,,,,,,,,,,,,,,,,,
MGU.AX,,,,,,,MGU,MAGNUM MINING AND EXPLORATION LIMITED,Materials,Materials,EQUITY,ASXListedCompanies.csv,,,,,,,,,,,,,,,,,,,,,,,,,,,,,,,,,,,,,,,,,,,,,,,,,,,,,,,,,
MGX.AX,,,,,,,MGX,MGX RESOURCES LIMITED,Materials,Materials,EQUITY,ASXListedCompanies.csv,,,,,,,,,,,,,,,,,,,,,,,,,,,,,,,,,,,,,,,,,,,,,,,,,,,,,,,,,
MHC.AX,,,,,,,MHC,MANHATTAN GOLD CORPORATION LIMITED,Energy,Energy,EQUITY,ASXListedCompanies.csv,,,,,,,,,,,,,,,,,,,,,,,,,,,,,,,,,,,,,,,,,,,,,,,,,,,,,,,,,
MHG.AX,,,,,,,MHG,Magellan Global Eq Fund (Currencyhdg) - Active ETF,,Spotlight ETP List,ETF/ETP,ASXInvestmentProductsMonthlyReport,,,,,,,,,,,,,,,,,,,,,,,,,,,,,,,,,,,,,,,,,,,,,,,,,,,,,,,,,
MHJ.AX,,,,,,,MHJ,MICHAEL HILL INTERNATIONAL LIMITED,Consumer Discretionary,Consumer Discretionary Distribution & Retail,EQUITY,ASXListedCompanies.csv,,,,,,,,,,,,,,,,,,,,,,,,,,,,,,,,,,,,,,,,,,,,,,,,,,,,,,,,,
MHK.AX,,,,,,,MHK,METAL HAWK LIMITED.,Materials,Materials,EQUITY,ASXListedCompanies.csv,,,,,,,,,,,,,,,,,,,,,,,,,,,,,,,,,,,,,,,,,,,,,,,,,,,,,,,,,
MHM.AX,,,,,,,MHM,MOUNT HOPE MINING LIMITED,Materials,Materials,EQUITY,ASXListedCompanies.csv,,,,,,,,,,,,,,,,,,,,,,,,,,,,,,,,,,,,,,,,,,,,,,,,,,,,,,,,,
MHOT.AX,,,,,,,MHOT,VanEck Morningstar Wide Moat (AUD Hedged) ETF,,Spotlight ETP List,ETF/ETP,ASXInvestmentProductsMonthlyReport,,,,,,,,,,,,,,,,,,,,,,,,,,,,,,,,,,,,,,,,,,,,,,,,,,,,,,,,,
MI6.AX,,,,,,,MI6,MINERALS 260 LIMITED,Materials,Materials,EQUITY,ASXListedCompanies.csv,,,,,,,,,,,,,,,,,,,,,,,,,,,,,,,,,,,,,,,,,,,,,,,,,,,,,,,,,
MICH.AX,,,,,,,MICH,Magellan Infra Fund (Currency Hedged) - Active ETF,,Spotlight ETP List,ETF/ETP,ASXInvestmentProductsMonthlyReport,,,,,,,,,,,,,,,,,,,,,,,,,,,,,,,,,,,,,,,,,,,,,,,,,,,,,,,,,
MIDS.AX,,,,,,,MIDS,Antipodes Global SMID Active ETF,,Spotlight ETP List,ETF/ETP,ASXInvestmentProductsMonthlyReport,,,,,,,,,,,,,,,,,,,,,,,,,,,,,,,,,,,,,,,,,,,,,,,,,,,,,,,,,
MIN.AX,,,,,,,MIN,MINERAL RESOURCES LIMITED,Materials,Materials,EQUITY,ASXListedCompanies.csv,,,,,,,,,,,,,,,,,,,,,,,,,,,,,,,,,,,,,,,,,,,,,,,,,,,,,,,,,
MIO.AX,,,,,,,MIO,MACARTHUR MINERALS LIMITED,Materials,Materials,EQUITY,ASXListedCompanies.csv,,,,,,,,,,,,,,,,,,,,,,,,,,,,,,,,,,,,,,,,,,,,,,,,,,,,,,,,,
MIR.AX,,,,,,,MIR,MIRRABOOKA INVESTMENTS LIMITED,,Not Applic,EQUITY,ASXListedCompanies.csv,,,,,,,,,,,,,,,,,,,,,,,,,,,,,,,,,,,,,,,,,,,,,,,,,,,,,,,,,
MKAX.AX,,,,,,,MKAX,Montaka Global Extension Fund - Complex ETF,,Spotlight ETP List,ETF/ETP,ASXInvestmentProductsMonthlyReport,,,,,,,,,,,,,,,,,,,,,,,,,,,,,,,,,,,,,,,,,,,,,,,,,,,,,,,,,
MKR.AX,,,,,,,MKR,MANUKA RESOURCES LTD.,Materials,Materials,EQUITY,ASXListedCompanies.csv,,,,,,,,,,,,,,,,,,,,,,,,,,,,,,,,,,,,,,,,,,,,,,,,,,,,,,,,,
ML2.AX,,,,,,,ML2,MA MONEY RESIDENTIAL SECURITISATION TRUST 2025-1,,Not Applic,EQUITY,ASXListedCompanies.csv,,,,,,,,,,,,,,,,,,,,,,,,,,,,,,,,,,,,,,,,,,,,,,,,,,,,,,,,,
ML8.AX,,,,,,,ML8,MOONLIGHT RESOURCES LTD,Materials,Materials,EQUITY,ASXListedCompanies.csv,,,,,,,,,,,,,,,,,,,,,,,,,,,,,,,,,,,,,,,,,,,,,,,,,,,,,,,,,
MLG.AX,,,,,,,MLG,MLG OZ LIMITED,Materials,Materials,EQUITY,ASXListedCompanies.csv,,,,,,,,,,,,,,,,,,,,,,,,,,,,,,,,,,,,,,,,,,,,,,,,,,,,,,,,,
MLS.AX,,,,,,,MLS,METALS AUSTRALIA LTD,Materials,Materials,EQUITY,ASXListedCompanies.csv,,,,,,,,,,,,,,,,,,,,,,,,,,,,,,,,,,,,,,,,,,,,,,,,,,,,,,,,,
MLX.AX,,,,,,,MLX,METALS X LIMITED,Materials,Materials,EQUITY,ASXListedCompanies.csv,,,,,,,,,,,,,,,,,,,,,,,,,,,,,,,,,,,,,,,,,,,,,,,,,,,,,,,,,
MM1.AX,,,,,,,MM1,MIDAS MINERALS LTD,Materials,Materials,EQUITY,ASXListedCompanies.csv,,,,,,,,,,,,,,,,,,,,,,,,,,,,,,,,,,,,,,,,,,,,,,,,,,,,,,,,,
MM2.AX,,,,,,,MM2,MME AUTOPAY ABS 2024-1 TRUST,,Not Applic,EQUITY,ASXListedCompanies.csv,,,,,,,,,,,,,,,,,,,,,,,,,,,,,,,,,,,,,,,,,,,,,,,,,,,,,,,,,
MM4.AX,,,,,,,MM4,MME PL 2025-1 TRUST,,Not Applic,EQUITY,ASXListedCompanies.csv,,,,,,,,,,,,,,,,,,,,,,,,,,,,,,,,,,,,,,,,,,,,,,,,,,,,,,,,,
MM8.AX,,,,,,,MM8,MEDALLION METALS LIMITED.,Materials,Materials,EQUITY,ASXListedCompanies.csv,,,,,,,,,,,,,,,,,,,,,,,,,,,,,,,,,,,,,,,,,,,,,,,,,,,,,,,,,
MMA.AX,,,,,,,MMA,MARONAN METALS LIMITED,Materials,Materials,EQUITY,ASXListedCompanies.csv,,,,,,,,,,,,,,,,,,,,,,,,,,,,,,,,,,,,,,,,,,,,,,,,,,,,,,,,,
MME.AX,,,,,,,MME,MONEYME LIMITED,Financials,Financial Services,EQUITY,ASXListedCompanies.csv,,,,,,,,,,,,,,,,,,,,,,,,,,,,,,,,,,,,,,,,,,,,,,,,,,,,,,,,,
MMI.AX,,,,,,,MMI,METRO MINING LIMITED,Materials,Materials,EQUITY,ASXListedCompanies.csv,,,,,,,,,,,,,,,,,,,,,,,,,,,,,,,,,,,,,,,,,,,,,,,,,,,,,,,,,
MMKT.AX,,,,,,,MMKT,Betashares Australian Cash Plus Active ETF,,Spotlight ETP List,ETF/ETP,ASXInvestmentProductsMonthlyReport,,,,,,,,,,,,,,,,,,,,,,,,,,,,,,,,,,,,,,,,,,,,,,,,,,,,,,,,,
MML.AX,,,,,,,MML,MCLAREN MINERALS LIMITED,Materials,Materials,EQUITY,ASXListedCompanies.csv,,,,,,,,,,,,,,,,,,,,,,,,,,,,,,,,,,,,,,,,,,,,,,,,,,,,,,,,,
MMR.AX,,,,,,,MMR,MEC RESOURCES LIMITED,Energy,Energy,EQUITY,ASXListedCompanies.csv,,,,,,,,,,,,,,,,,,,,,,,,,,,,,,,,,,,,,,,,,,,,,,,,,,,,,,,,,
MMS.AX,,,,,,,MMS,MCMILLAN SHAKESPEARE LIMITED,Industrials,Commercial & Professional Services,EQUITY,ASXListedCompanies.csv,,,,,,,,,,,,,,,,,,,,,,,,,,,,,,,,,,,,,,,,,,,,,,,,,,,,,,,,,
MNB.AX,,,,,,,MNB,MINBOS RESOURCES LIMITED,Materials,Materials,EQUITY,ASXListedCompanies.csv,,,,,,,,,,,,,,,,,,,,,,,,,,,,,,,,,,,,,,,,,,,,,,,,,,,,,,,,,
MNC.AX,,,,,,,MNC,MERINO & CO. LIMITED,Consumer Discretionary,Consumer Durables & Apparel,EQUITY,ASXListedCompanies.csv,,,,,,,,,,,,,,,,,,,,,,,,,,,,,,,,,,,,,,,,,,,,,,,,,,,,,,,,,
MND.AX,,,,,,,MND,MONADELPHOUS GROUP LIMITED,Industrials,Capital Goods,EQUITY,ASXListedCompanies.csv,,,,,,,,,,,,,,,,,,,,,,,,,,,,,,,,,,,,,,,,,,,,,,,,,,,,,,,,,
MNE.AX,,,,,,,MNE,MACALLUM NEW ENERGY LIMITED,,Class Pend,EQUITY,ASXListedCompanies.csv,,,,,,,,,,,,,,,,,,,,,,,,,,,,,,,,,,,,,,,,,,,,,,,,,,,,,,,,,
MNRS.AX,,,,,,,MNRS,Betashares Global Gold Miners ETF - Currency Hedged,,Spotlight ETP List,ETF/ETP,ASXInvestmentProductsMonthlyReport,,,,,,,,,,,,,,,,,,,,,,,,,,,,,,,,,,,,,,,,,,,,,,,,,,,,,,,,,
MOAT.AX,,,,,,,MOAT,VanEck Morningstar Wide Moat ETF,,Spotlight ETP List,ETF/ETP,ASXInvestmentProductsMonthlyReport,,,,,,,,,,,,,,,,,,,,,,,,,,,,,,,,,,,,,,,,,,,,,,,,,,,,,,,,,
MOGL.AX,,,,,,,MOGL,Montaka Global Fund - Active ETF,,Spotlight ETP List,ETF/ETP,ASXInvestmentProductsMonthlyReport,,,,,,,,,,,,,,,,,,,,,,,,,,,,,,,,,,,,,,,,,,,,,,,,,,,,,,,,,
MOH.AX,,,,,,,MOH,MOHO RESOURCES LIMITED,Materials,Materials,EQUITY,ASXListedCompanies.csv,,,,,,,,,,,,,,,,,,,,,,,,,,,,,,,,,,,,,,,,,,,,,,,,,,,,,,,,,
MOM.AX,,,,,,,MOM,MOAB MINERALS LIMITED,Materials,Materials,EQUITY,ASXListedCompanies.csv,,,,,,,,,,,,,,,,,,,,,,,,,,,,,,,,,,,,,,,,,,,,,,,,,,,,,,,,,
MOT.AX,,,,,,,MOT,METRICS INCOME OPPORTUNITIES TRUST,,Not Applic,EQUITY,ASXListedCompanies.csv,,,,,,,,,,,,,,,,,,,,,,,,,,,,,,,,,,,,,,,,,,,,,,,,,,,,,,,,,
MOV.AX,,,,,,,MOV,MOVE LOGISTICS GROUP LIMITED,Industrials,Transportation,EQUITY,ASXListedCompanies.csv,,,,,,,,,,,,,,,,,,,,,,,,,,,,,,,,,,,,,,,,,,,,,,,,,,,,,,,,,
MP1.AX,,,,,,,MP1,MEGAPORT LIMITED,Information Technology,Software & Services,EQUITY,ASXListedCompanies.csv,,,,,,,,,,,,,,,,,,,,,,,,,,,,,,,,,,,,,,,,,,,,,,,,,,,,,,,,,
MPK.AX,,,,,,,MPK,MANY PEAKS MINERALS LTD,Materials,Materials,EQUITY,ASXListedCompanies.csv,,,,,,,,,,,,,,,,,,,,,,,,,,,,,,,,,,,,,,,,,,,,,,,,,,,,,,,,,
MPL.AX,,,,,,,MPL,MEDIBANK PRIVATE LIMITED,Financials,Insurance,EQUITY,ASXListedCompanies.csv,,,,,,,,,,,,,,,,,,,,,,,,,,,,,,,,,,,,,,,,,,,,,,,,,,,,,,,,,
MPP.AX,,,,,,,MPP,METRO PERFORMANCE GLASS LIMITED,Industrials,Capital Goods,EQUITY,ASXListedCompanies.csv,,,,,,,,,,,,,,,,,,,,,,,,,,,,,,,,,,,,,,,,,,,,,,,,,,,,,,,,,
MPR.AX,,,,,,,MPR,MPR AUSTRALIA LIMITED,Financials,Financial Services,EQUITY,ASXListedCompanies.csv,,,,,,,,,,,,,,,,,,,,,,,,,,,,,,,,,,,,,,,,,,,,,,,,,,,,,,,,,
MPW.AX,,,,,,,MPW,METAL POWDER WORKS LIMITED,Industrials,Capital Goods,EQUITY,ASXListedCompanies.csv,,,,,,,,,,,,,,,,,,,,,,,,,,,,,,,,,,,,,,,,,,,,,,,,,,,,,,,,,
MPX.AX,,,,,,,MPX,MUSTERA PROPERTY GROUP LIMITED,Real Estate,Real Estate Management & Development,EQUITY,ASXListedCompanies.csv,,,,,,,,,,,,,,,,,,,,,,,,,,,,,,,,,,,,,,,,,,,,,,,,,,,,,,,,,
MQAE.AX,,,,,,,MQAE,Macquarie Core Australian Equity Active ETF,,Spotlight ETP List,ETF/ETP,ASXInvestmentProductsMonthlyReport,,,,,,,,,,,,,,,,,,,,,,,,,,,,,,,,,,,,,,,,,,,,,,,,,,,,,,,,,
MQDB.AX,,,,,,,MQDB,Macquarie Dynamic Bond Active ETF,,Spotlight ETP List,ETF/ETP,ASXInvestmentProductsMonthlyReport,,,,,,,,,,,,,,,,,,,,,,,,,,,,,,,,,,,,,,,,,,,,,,,,,,,,,,,,,
MQEG.AX,,,,,,,MQEG,Macquarie Core Global Equity Active ETF,,Spotlight ETP List,ETF/ETP,ASXInvestmentProductsMonthlyReport,,,,,,,,,,,,,,,,,,,,,,,,,,,,,,,,,,,,,,,,,,,,,,,,,,,,,,,,,
MQG.AX,,,,,,,MQG,MACQUARIE GROUP LIMITED,Financials,Financial Services,EQUITY,ASXListedCompanies.csv,,,,,,,,,,,,,,,,,,,,,,,,,,,,,,,,,,,,,,,,,,,,,,,,,,,,,,,,,
MQHG.AX,,,,,,,MQHG,Macquarie Core Global Equity (Hedged) Active ETF,,Spotlight ETP List,ETF/ETP,ASXInvestmentProductsMonthlyReport,,,,,,,,,,,,,,,,,,,,,,,,,,,,,,,,,,,,,,,,,,,,,,,,,,,,,,,,,
MQIO.AX,,,,,,,MQIO,Macquarie Income Opportunities Active ETF,,Spotlight ETP List,ETF/ETP,ASXInvestmentProductsMonthlyReport,,,,,,,,,,,,,,,,,,,,,,,,,,,,,,,,,,,,,,,,,,,,,,,,,,,,,,,,,
MQR.AX,,,,,,,MQR,MARQUEE RESOURCES LIMITED,Materials,Materials,EQUITY,ASXListedCompanies.csv,,,,,,,,,,,,,,,,,,,,,,,,,,,,,,,,,,,,,,,,,,,,,,,,,,,,,,,,,
MQSD.AX,,,,,,,MQSD,Macquarie Subordinated Debt Active ETF,,Spotlight ETP List,ETF/ETP,ASXInvestmentProductsMonthlyReport,,,,,,,,,,,,,,,,,,,,,,,,,,,,,,,,,,,,,,,,,,,,,,,,,,,,,,,,,
MQWS.AX,,,,,,,MQWS,Macquarie Walter Scott Global Equity Active ETF,,Spotlight ETP List,ETF/ETP,ASXInvestmentProductsMonthlyReport,,,,,,,,,,,,,,,,,,,,,,,,,,,,,,,,,,,,,,,,,,,,,,,,,,,,,,,,,
MQYM.AX,,,,,,,MQYM,Macquarie Global Yield Maximiser Active ETF,,Spotlight ETP List,ETF/ETP,ASXInvestmentProductsMonthlyReport,,,,,,,,,,,,,,,,,,,,,,,,,,,,,,,,,,,,,,,,,,,,,,,,,,,,,,,,,
MRC.AX,,,,,,,MRC,MINERAL COMMODITIES LTD,Materials,Materials,EQUITY,ASXListedCompanies.csv,,,,,,,,,,,,,,,,,,,,,,,,,,,,,,,,,,,,,,,,,,,,,,,,,,,,,,,,,
MRD.AX,,,,,,,MRD,MOUNT RIDLEY MINES LIMITED,Materials,Materials,EQUITY,ASXListedCompanies.csv,,,,,,,,,,,,,,,,,,,,,,,,,,,,,,,,,,,,,,,,,,,,,,,,,,,,,,,,,
MRE.AX,,,,,,,MRE,METRICS REAL ESTATE MULTI-STRATEGY FUND,,Not Applic,EQUITY,ASXListedCompanies.csv,,,,,,,,,,,,,,,,,,,,,,,,,,,,,,,,,,,,,,,,,,,,,,,,,,,,,,,,,
MRQ.AX,,,,,,,MRQ,MRG METALS LIMITED,Materials,Materials,EQUITY,ASXListedCompanies.csv,,,,,,,,,,,,,,,,,,,,,,,,,,,,,,,,,,,,,,,,,,,,,,,,,,,,,,,,,
MRR.AX,,,,,,,MRR,MINREX RESOURCES LIMITED,Materials,Materials,EQUITY,ASXListedCompanies.csv,,,,,,,,,,,,,,,,,,,,,,,,,,,,,,,,,,,,,,,,,,,,,,,,,,,,,,,,,
MRZ.AX,,,,,,,MRZ,MONT ROYAL RESOURCES LIMITED,Materials,Materials,EQUITY,ASXListedCompanies.csv,,,,,,,,,,,,,,,,,,,,,,,,,,,,,,,,,,,,,,,,,,,,,,,,,,,,,,,,,
MSB.AX,,,,,,,MSB,MESOBLAST LIMITED,Health Care,"Pharmaceuticals, Biotechnology & Life Sciences",EQUITY,ASXListedCompanies.csv,,,,,,,,,,,,,,,,,,,,,,,,,,,,,,,,,,,,,,,,,,,,,,,,,,,,,,,,,
MSG.AX,,,,,,,MSG,MCS SERVICES LIMITED,Industrials,Commercial & Professional Services,EQUITY,ASXListedCompanies.csv,,,,,,,,,,,,,,,,,,,,,,,,,,,,,,,,,,,,,,,,,,,,,,,,,,,,,,,,,
MSI.AX,,,,,,,MSI,MULTISTACK INTERNATIONAL LIMITED,Industrials,Capital Goods,EQUITY,ASXListedCompanies.csv,,,,,,,,,,,,,,,,,,,,,,,,,,,,,,,,,,,,,,,,,,,,,,,,,,,,,,,,,
MSTR.AX,,,,,,,MSTR,Morningstar International Shares Active ETF,,Spotlight ETP List,ETF/ETP,ASXInvestmentProductsMonthlyReport,,,,,,,,,,,,,,,,,,,,,,,,,,,,,,,,,,,,,,,,,,,,,,,,,,,,,,,,,
MSV.AX,,,,,,,MSV,MITCHELL SERVICES LIMITED,Materials,Materials,EQUITY,ASXListedCompanies.csv,,,,,,,,,,,,,,,,,,,,,,,,,,,,,,,,,,,,,,,,,,,,,,,,,,,,,,,,,
MTC.AX,,,,,,,MTC,METALSTECH LIMITED,Materials,Materials,EQUITY,ASXListedCompanies.csv,,,,,,,,,,,,,,,,,,,,,,,,,,,,,,,,,,,,,,,,,,,,,,,,,,,,,,,,,
MTH.AX,,,,,,,MTH,MITHRIL SILVER AND GOLD LIMITED,Materials,Materials,EQUITY,ASXListedCompanies.csv,,,,,,,,,,,,,,,,,,,,,,,,,,,,,,,,,,,,,,,,,,,,,,,,,,,,,,,,,
MTL.AX,,,,,,,MTL,MANTLE MINERALS LIMITED,Materials,Materials,EQUITY,ASXListedCompanies.csv,,,,,,,,,,,,,,,,,,,,,,,,,,,,,,,,,,,,,,,,,,,,,,,,,,,,,,,,,
MTM.AX,,,,,,,MTM,METALLIUM LIMITED,Materials,Materials,EQUITY,ASXListedCompanies.csv,,,,,,,,,,,,,,,,,,,,,,,,,,,,,,,,,,,,,,,,,,,,,,,,,,,,,,,,,
MTO.AX,,,,,,,MTO,MOTORCYCLE HOLDINGS LIMITED,Consumer Discretionary,Consumer Discretionary Distribution & Retail,EQUITY,ASXListedCompanies.csv,,,,,,,,,,,,,,,,,,,,,,,,,,,,,,,,,,,,,,,,,,,,,,,,,,,,,,,,,
MTS.AX,,,,,,,MTS,METCASH LIMITED,Consumer Staples,Consumer Staples Distribution & Retail,EQUITY,ASXListedCompanies.csv,,,,,,,,,,,,,,,,,,,,,,,,,,,,,,,,,,,,,,,,,,,,,,,,,,,,,,,,,
MTUM.AX,,,,,,,MTUM,Betashares Australian Momentum ETF,,Spotlight ETP List,ETF/ETP,ASXInvestmentProductsMonthlyReport,,,,,,,,,,,,,,,,,,,,,,,,,,,,,,,,,,,,,,,,,,,,,,,,,,,,,,,,,
MVA.AX,,,,,,,MVA,VanEck Australian Property ETF,,Spotlight ETP List,ETF/ETP,ASXInvestmentProductsMonthlyReport,,,,,,,,,,,,,,,,,,,,,,,,,,,,,,,,,,,,,,,,,,,,,,,,,,,,,,,,,
MVB.AX,,,,,,,MVB,VanEck Australian Banks ETF,,Spotlight ETP List,ETF/ETP,ASXInvestmentProductsMonthlyReport,,,,,,,,,,,,,,,,,,,,,,,,,,,,,,,,,,,,,,,,,,,,,,,,,,,,,,,,,
MVE.AX,,,,,,,MVE,VanEck S&P/ASX MidCap ETF,,Spotlight ETP List,ETF/ETP,ASXInvestmentProductsMonthlyReport,,,,,,,,,,,,,,,,,,,,,,,,,,,,,,,,,,,,,,,,,,,,,,,,,,,,,,,,,
MVF.AX,,,,,,,MVF,MONASH IVF GROUP LIMITED,Health Care,Health Care Equipment & Services,EQUITY,ASXListedCompanies.csv,,,,,,,,,,,,,,,,,,,,,,,,,,,,,,,,,,,,,,,,,,,,,,,,,,,,,,,,,
MVL.AX,,,,,,,MVL,MARVEL GOLD LIMITED,Materials,Materials,EQUITY,ASXListedCompanies.csv,,,,,,,,,,,,,,,,,,,,,,,,,,,,,,,,,,,,,,,,,,,,,,,,,,,,,,,,,
MVOL.AX,,,,,,,MVOL,iShares Edge MSCI Australia Minimum Volatility ETF,,Spotlight ETP List,ETF/ETP,ASXInvestmentProductsMonthlyReport,,,,,,,,,,,,,,,,,,,,,,,,,,,,,,,,,,,,,,,,,,,,,,,,,,,,,,,,,
MVP.AX,,,,,,,MVP,MEDICAL DEVELOPMENTS INTERNATIONAL LIMITED,Health Care,"Pharmaceuticals, Biotechnology & Life Sciences",EQUITY,ASXListedCompanies.csv,,,,,,,,,,,,,,,,,,,,,,,,,,,,,,,,,,,,,,,,,,,,,,,,,,,,,,,,,
MVR.AX,,,,,,,MVR,VanEck Australian Resources ETF,,Spotlight ETP List,ETF/ETP,ASXInvestmentProductsMonthlyReport,,,,,,,,,,,,,,,,,,,,,,,,,,,,,,,,,,,,,,,,,,,,,,,,,,,,,,,,,
MVS.AX,,,,,,,MVS,VanEck Small Companies Masters ETF,,Spotlight ETP List,ETF/ETP,ASXInvestmentProductsMonthlyReport,,,,,,,,,,,,,,,,,,,,,,,,,,,,,,,,,,,,,,,,,,,,,,,,,,,,,,,,,
MVW.AX,,,,,,,MVW,VanEck Australian Equal Weight ETF,,Spotlight ETP List,ETF/ETP,ASXInvestmentProductsMonthlyReport,,,,,,,,,,,,,,,,,,,,,,,,,,,,,,,,,,,,,,,,,,,,,,,,,,,,,,,,,
MX1.AX,,,,,,,MX1,MICRO-X LIMITED,Health Care,Health Care Equipment & Services,EQUITY,ASXListedCompanies.csv,,,,,,,,,,,,,,,,,,,,,,,,,,,,,,,,,,,,,,,,,,,,,,,,,,,,,,,,,
MXI.AX,,,,,,,MXI,MAXIPARTS LIMITED,Industrials,Capital Goods,EQUITY,ASXListedCompanies.csv,,,,,,,,,,,,,,,,,,,,,,,,,,,,,,,,,,,,,,,,,,,,,,,,,,,,,,,,,
MXO.AX,,,,,,,MXO,MOTIO LTD,Communication Services,Media & Entertainment,EQUITY,ASXListedCompanies.csv,,,,,,,,,,,,,,,,,,,,,,,,,,,,,,,,,,,,,,,,,,,,,,,,,,,,,,,,,
MXT.AX,,,,,,,MXT,METRICS MASTER INCOME TRUST,,Not Applic,EQUITY,ASXListedCompanies.csv,,,,,,,,,,,,,,,,,,,,,,,,,,,,,,,,,,,,,,,,,,,,,,,,,,,,,,,,,
MYE.AX,,,,,,,MYE,MASTERMYNE GROUP LIMITED,Materials,Materials,EQUITY,ASXListedCompanies.csv,,,,,,,,,,,,,,,,,,,,,,,,,,,,,,,,,,,,,,,,,,,,,,,,,,,,,,,,,
MYG.AX,,,,,,,MYG,MAYFIELD GROUP HOLDINGS LIMITED,Industrials,Capital Goods,EQUITY,ASXListedCompanies.csv,,,,,,,,,,,,,,,,,,,,,,,,,,,,,,,,,,,,,,,,,,,,,,,,,,,,,,,,,
MYR.AX,,,,,,,MYR,MYER HOLDINGS LIMITED,Consumer Discretionary,Consumer Discretionary Distribution & Retail,EQUITY,ASXListedCompanies.csv,,,,,,,,,,,,,,,,,,,,,,,,,,,,,,,,,,,,,,,,,,,,,,,,,,,,,,,,,
MYS.AX,,,,,,,MYS,MYSTATE LIMITED,Financials,Banks,EQUITY,ASXListedCompanies.csv,,,,,,,,,,,,,,,,,,,,,,,,,,,,,,,,,,,,,,,,,,,,,,,,,,,,,,,,,
MYX.AX,,,,,,,MYX,MAYNE PHARMA GROUP LIMITED,Health Care,"Pharmaceuticals, Biotechnology & Life Sciences",EQUITY,ASXListedCompanies.csv,,,,,,,,,,,,,,,,,,,,,,,,,,,,,,,,,,,,,,,,,,,,,,,,,,,,,,,,,
MZ1.AX,,,,,,,MZ1,MEDALLION TRUST SERIES 2017-1,,Not Applic,EQUITY,ASXListedCompanies.csv,,,,,,,,,,,,,,,,,,,,,,,,,,,,,,,,,,,,,,,,,,,,,,,,,,,,,,,,,
MZ2.AX,,,,,,,MZ2,MEDALLION TRUST SERIES 2017-2,,Not Applic,EQUITY,ASXListedCompanies.csv,,,,,,,,,,,,,,,,,,,,,,,,,,,,,,,,,,,,,,,,,,,,,,,,,,,,,,,,,
MZF.AX,,,,,,,MZF,MEDALLION TRUST SERIES 2016-1,,Not Applic,EQUITY,ASXListedCompanies.csv,,,,,,,,,,,,,,,,,,,,,,,,,,,,,,,,,,,,,,,,,,,,,,,,,,,,,,,,,
MZT.AX,,,,,,,MZT,MEDALLION TRUST SERIES 2016-2,,Not Applic,EQUITY,ASXListedCompanies.csv,,,,,,,,,,,,,,,,,,,,,,,,,,,,,,,,,,,,,,,,,,,,,,,,,,,,,,,,,
N1H.AX,,,,,,,N1H,N1 HOLDINGS LIMITED,Financials,Financial Services,EQUITY,ASXListedCompanies.csv,,,,,,,,,,,,,,,,,,,,,,,,,,,,,,,,,,,,,,,,,,,,,,,,,,,,,,,,,
NAB.AX,,,,,,,NAB,NATIONAL AUSTRALIA BANK LIMITED,Financials,Banks,EQUITY,ASXListedCompanies.csv,,,,,,,,,,,,,,,,,,,,,,,,,,,,,,,,,,,,,,,,,,,,,,,,,,,,,,,,,
NAC.AX,,,,,,,NAC,NAOS EX-50 OPPORTUNITIES COMPANY LIMITED,,Not Applic,EQUITY,ASXListedCompanies.csv,,,,,,,,,,,,,,,,,,,,,,,,,,,,,,,,,,,,,,,,,,,,,,,,,,,,,,,,,
NAE.AX,,,,,,,NAE,NEW AGE EXPLORATION LIMITED,Energy,Energy,EQUITY,ASXListedCompanies.csv,,,,,,,,,,,,,,,,,,,,,,,,,,,,,,,,,,,,,,,,,,,,,,,,,,,,,,,,,
NAG.AX,,,,,,,NAG,NAGAMBIE RESOURCES LIMITED,Materials,Materials,EQUITY,ASXListedCompanies.csv,,,,,,,,,,,,,,,,,,,,,,,,,,,,,,,,,,,,,,,,,,,,,,,,,,,,,,,,,
NAN.AX,,,,,,,NAN,NANOSONICS LIMITED,Health Care,Health Care Equipment & Services,EQUITY,ASXListedCompanies.csv,,,,,,,,,,,,,,,,,,,,,,,,,,,,,,,,,,,,,,,,,,,,,,,,,,,,,,,,,
NBS.AX,,,,,,,NBS,NATIONWIDE BUILDING SOCIETY.,,Not Applic,EQUITY,ASXListedCompanies.csv,,,,,,,,,,,,,,,,,,,,,,,,,,,,,,,,,,,,,,,,,,,,,,,,,,,,,,,,,
NC1.AX,,,,,,,NC1,NICO RESOURCES LIMITED,Materials,Materials,EQUITY,ASXListedCompanies.csv,,,,,,,,,,,,,,,,,,,,,,,,,,,,,,,,,,,,,,,,,,,,,,,,,,,,,,,,,
NC6.AX,,,,,,,NC6,NANOLLOSE LIMITED,Health Care,"Pharmaceuticals, Biotechnology & Life Sciences",EQUITY,ASXListedCompanies.csv,,,,,,,,,,,,,,,,,,,,,,,,,,,,,,,,,,,,,,,,,,,,,,,,,,,,,,,,,
NCC.AX,,,,,,,NCC,NAOS EMERGING OPPORTUNITIES COMPANY LIMITED,,Not Applic,EQUITY,ASXListedCompanies.csv,,,,,,,,,,,,,,,,,,,,,,,,,,,,,,,,,,,,,,,,,,,,,,,,,,,,,,,,,
NCK.AX,,,,,,,NCK,NICK SCALI LIMITED,Consumer Discretionary,Consumer Discretionary Distribution & Retail,EQUITY,ASXListedCompanies.csv,,,,,,,,,,,,,,,,,,,,,,,,,,,,,,,,,,,,,,,,,,,,,,,,,,,,,,,,,
NDIA.AX,,,,,,,NDIA,Global X India Nifty 50 ETF,,Spotlight ETP List,ETF/ETP,ASXInvestmentProductsMonthlyReport,,,,,,,,,,,,,,,,,,,,,,,,,,,,,,,,,,,,,,,,,,,,,,,,,,,,,,,,,
NDO.AX,,,,,,,NDO,NIDO EDUCATION LIMITED,Consumer Discretionary,Consumer Services,EQUITY,ASXListedCompanies.csv,,,,,,,,,,,,,,,,,,,,,,,,,,,,,,,,,,,,,,,,,,,,,,,,,,,,,,,,,
NDQ.AX,,,,,,,NDQ,Betashares NASDAQ 100 ETF,,Spotlight ETP List,ETF/ETP,ASXInvestmentProductsMonthlyReport,,,,,,,,,,,,,,,,,,,,,,,,,,,,,,,,,,,,,,,,,,,,,,,,,,,,,,,,,
NEC.AX,,,,,,,NEC,NINE ENTERTAINMENT CO. HOLDINGS LIMITED,Communication Services,Media & Entertainment,EQUITY,ASXListedCompanies.csv,,,,,,,,,,,,,,,,,,,,,,,,,,,,,,,,,,,,,,,,,,,,,,,,,,,,,,,,,
NEM.AX,,,,,,,NEM,NEWMONT CORPORATION,Materials,Materials,EQUITY,ASXListedCompanies.csv,,,,,,,,,,,,,,,,,,,,,,,,,,,,,,,,,,,,,,,,,,,,,,,,,,,,,,,,,
NES.AX,,,,,,,NES,NELSON RESOURCES LIMITED.,Materials,Materials,EQUITY,ASXListedCompanies.csv,,,,,,,,,,,,,,,,,,,,,,,,,,,,,,,,,,,,,,,,,,,,,,,,,,,,,,,,,
NEU.AX,,,,,,,NEU,NEUREN PHARMACEUTICALS LIMITED,Health Care,"Pharmaceuticals, Biotechnology & Life Sciences",EQUITY,ASXListedCompanies.csv,,,,,,,,,,,,,,,,,,,,,,,,,,,,,,,,,,,,,,,,,,,,,,,,,,,,,,,,,
NFL.AX,,,,,,,NFL,NORFOLK METALS LIMITED,Materials,Materials,EQUITY,ASXListedCompanies.csv,,,,,,,,,,,,,,,,,,,,,,,,,,,,,,,,,,,,,,,,,,,,,,,,,,,,,,,,,
NFM.AX,,,,,,,NFM,NEW FRONTIER MINERALS LIMITED,Materials,Materials,EQUITY,ASXListedCompanies.csv,,,,,,,,,,,,,,,,,,,,,,,,,,,,,,,,,,,,,,,,,,,,,,,,,,,,,,,,,
NFN.AX,,,,,,,NFN,NUFARM FINANCE (NZ) LIMITED,,Not Applic,EQUITY,ASXListedCompanies.csv,,,,,,,,,,,,,,,,,,,,,,,,,,,,,,,,,,,,,,,,,,,,,,,,,,,,,,,,,
NGE.AX,,,,,,,NGE,NGE CAPITAL LIMITED,,Not Applic,EQUITY,ASXListedCompanies.csv,,,,,,,,,,,,,,,,,,,,,,,,,,,,,,,,,,,,,,,,,,,,,,,,,,,,,,,,,
NGI.AX,,,,,,,NGI,NAVIGATOR GLOBAL INVESTMENTS LIMITED,Financials,Financial Services,EQUITY,ASXListedCompanies.csv,,,,,,,,,,,,,,,,,,,,,,,,,,,,,,,,,,,,,,,,,,,,,,,,,,,,,,,,,
NGS.AX,,,,,,,NGS,NUTRITIONAL GROWTH SOLUTIONS LTD,Consumer Staples,Household & Personal Products,EQUITY,ASXListedCompanies.csv,,,,,,,,,,,,,,,,,,,,,,,,,,,,,,,,,,,,,,,,,,,,,,,,,,,,,,,,,
NGX.AX,,,,,,,NGX,NGX LIMITED,Materials,Materials,EQUITY,ASXListedCompanies.csv,,,,,,,,,,,,,,,,,,,,,,,,,,,,,,,,,,,,,,,,,,,,,,,,,,,,,,,,,
NGY.AX,,,,,,,NGY,NUENERGY GAS LIMITED,Energy,Energy,EQUITY,ASXListedCompanies.csv,,,,,,,,,,,,,,,,,,,,,,,,,,,,,,,,,,,,,,,,,,,,,,,,,,,,,,,,,
NH3.AX,,,,,,,NH3,NH3 CLEAN ENERGY LIMITED,Materials,Materials,EQUITY,ASXListedCompanies.csv,,,,,,,,,,,,,,,,,,,,,,,,,,,,,,,,,,,,,,,,,,,,,,,,,,,,,,,,,
NHC.AX,,,,,,,NHC,NEW HOPE CORPORATION LIMITED,Energy,Energy,EQUITY,ASXListedCompanies.csv,,,,,,,,,,,,,,,,,,,,,,,,,,,,,,,,,,,,,,,,,,,,,,,,,,,,,,,,,
NHE.AX,,,,,,,NHE,NOBLE HELIUM LIMITED,Energy,Energy,EQUITY,ASXListedCompanies.csv,,,,,,,,,,,,,,,,,,,,,,,,,,,,,,,,,,,,,,,,,,,,,,,,,,,,,,,,,
NHF.AX,,,,,,,NHF,NIB HOLDINGS LIMITED,Financials,Insurance,EQUITY,ASXListedCompanies.csv,,,,,,,,,,,,,,,,,,,,,,,,,,,,,,,,,,,,,,,,,,,,,,,,,,,,,,,,,
NIC.AX,,,,,,,NIC,NICKEL INDUSTRIES LIMITED,Materials,Materials,EQUITY,ASXListedCompanies.csv,,,,,,,,,,,,,,,,,,,,,,,,,,,,,,,,,,,,,,,,,,,,,,,,,,,,,,,,,
NIM.AX,,,,,,,NIM,NIMY RESOURCES LIMITED,Materials,Materials,EQUITY,ASXListedCompanies.csv,,,,,,,,,,,,,,,,,,,,,,,,,,,,,,,,,,,,,,,,,,,,,,,,,,,,,,,,,
NME.AX,,,,,,,NME,NEX METALS EXPLORATION LIMITED,Materials,Materials,EQUITY,ASXListedCompanies.csv,,,,,,,,,,,,,,,,,,,,,,,,,,,,,,,,,,,,,,,,,,,,,,,,,,,,,,,,,
NMG.AX,,,,,,,NMG,NEW MURCHISON GOLD LIMITED,Materials,Materials,EQUITY,ASXListedCompanies.csv,,,,,,,,,,,,,,,,,,,,,,,,,,,,,,,,,,,,,,,,,,,,,,,,,,,,,,,,,
NMR.AX,,,,,,,NMR,NATIVE MINERAL RESOURCES HOLDINGS LIMITED,Materials,Materials,EQUITY,ASXListedCompanies.csv,,,,,,,,,,,,,,,,,,,,,,,,,,,,,,,,,,,,,,,,,,,,,,,,,,,,,,,,,
NMT.AX,,,,,,,NMT,NEOMETALS LTD,Materials,Materials,EQUITY,ASXListedCompanies.csv,,,,,,,,,,,,,,,,,,,,,,,,,,,,,,,,,,,,,,,,,,,,,,,,,,,,,,,,,
NNG.AX,,,,,,,NNG,NEXION GROUP LTD,Information Technology,Software & Services,EQUITY,ASXListedCompanies.csv,,,,,,,,,,,,,,,,,,,,,,,,,,,,,,,,,,,,,,,,,,,,,,,,,,,,,,,,,
NNL.AX,,,,,,,NNL,NORDIC RESOURCES LTD,Materials,Materials,EQUITY,ASXListedCompanies.csv,,,,,,,,,,,,,,,,,,,,,,,,,,,,,,,,,,,,,,,,,,,,,,,,,,,,,,,,,
NNUK.AX,,,,,,,NNUK,Nanuk New World Fund Active ETF,,Spotlight ETP List,ETF/ETP,ASXInvestmentProductsMonthlyReport,,,,,,,,,,,,,,,,,,,,,,,,,,,,,,,,,,,,,,,,,,,,,,,,,,,,,,,,,
NNWH.AX,,,,,,,NNWH,Nanuk New World Fund (Currency Hedged) Active EFT,,Spotlight ETP List,ETF/ETP,ASXInvestmentProductsMonthlyReport,,,,,,,,,,,,,,,,,,,,,,,,,,,,,,,,,,,,,,,,,,,,,,,,,,,,,,,,,
NOL.AX,,,,,,,NOL,NOBLEOAK LIFE LIMITED,Financials,Insurance,EQUITY,ASXListedCompanies.csv,,,,,,,,,,,,,,,,,,,,,,,,,,,,,,,,,,,,,,,,,,,,,,,,,,,,,,,,,
NOR.AX,,,,,,,NOR,NORWOOD SYSTEMS LIMITED,Information Technology,Software & Services,EQUITY,ASXListedCompanies.csv,,,,,,,,,,,,,,,,,,,,,,,,,,,,,,,,,,,,,,,,,,,,,,,,,,,,,,,,,
NOU.AX,,,,,,,NOU,NOUMI LIMITED,Consumer Staples,"Food, Beverage & Tobacco",EQUITY,ASXListedCompanies.csv,,,,,,,,,,,,,,,,,,,,,,,,,,,,,,,,,,,,,,,,,,,,,,,,,,,,,,,,,
NOV.AX,,,,,,,NOV,NOVATTI GROUP LIMITED,Information Technology,Software & Services,EQUITY,ASXListedCompanies.csv,,,,,,,,,,,,,,,,,,,,,,,,,,,,,,,,,,,,,,,,,,,,,,,,,,,,,,,,,
NOX.AX,,,,,,,NOX,NOXOPHARM LIMITED,Health Care,"Pharmaceuticals, Biotechnology & Life Sciences",EQUITY,ASXListedCompanies.csv,,,,,,,,,,,,,,,,,,,,,,,,,,,,,,,,,,,,,,,,,,,,,,,,,,,,,,,,,
NPM.AX,,,,,,,NPM,NEWPEAK METALS LIMITED,Materials,Materials,EQUITY,ASXListedCompanies.csv,,,,,,,,,,,,,,,,,,,,,,,,,,,,,,,,,,,,,,,,,,,,,,,,,,,,,,,,,
NRO.AX,,,,,,,NRO,NATIONAL RMBS TRUST 2018-1 IN RESPECT OF SERIES 2018-1,,Not Applic,EQUITY,ASXListedCompanies.csv,,,,,,,,,,,,,,,,,,,,,,,,,,,,,,,,,,,,,,,,,,,,,,,,,,,,,,,,,
NRP.AX,,,,,,,NRP,NATIONAL RMBS TRUST 2022-1 IN RESPECT OF SERIES 2022-1,,Not Applic,EQUITY,ASXListedCompanies.csv,,,,,,,,,,,,,,,,,,,,,,,,,,,,,,,,,,,,,,,,,,,,,,,,,,,,,,,,,
NRX.AX,,,,,,,NRX,NORONEX LIMITED,Materials,Materials,EQUITY,ASXListedCompanies.csv,,,,,,,,,,,,,,,,,,,,,,,,,,,,,,,,,,,,,,,,,,,,,,,,,,,,,,,,,
NRZ.AX,,,,,,,NRZ,NEURIZER LTD,Materials,Materials,EQUITY,ASXListedCompanies.csv,,,,,,,,,,,,,,,,,,,,,,,,,,,,,,,,,,,,,,,,,,,,,,,,,,,,,,,,,
NSB.AX,,,,,,,NSB,NEUROSCIENTIFIC BIOPHARMACEUTICALS LTD,Health Care,"Pharmaceuticals, Biotechnology & Life Sciences",EQUITY,ASXListedCompanies.csv,,,,,,,,,,,,,,,,,,,,,,,,,,,,,,,,,,,,,,,,,,,,,,,,,,,,,,,,,
NSC.AX,,,,,,,NSC,NAOS SMALL CAP OPPORTUNITIES COMPANY LIMITED,,Not Applic,EQUITY,ASXListedCompanies.csv,,,,,,,,,,,,,,,,,,,,,,,,,,,,,,,,,,,,,,,,,,,,,,,,,,,,,,,,,
NSM.AX,,,,,,,NSM,NORTH STAWELL MINERALS LTD,Materials,Materials,EQUITY,ASXListedCompanies.csv,,,,,,,,,,,,,,,,,,,,,,,,,,,,,,,,,,,,,,,,,,,,,,,,,,,,,,,,,
NSR.AX,,,,,,,NSR,NATIONAL STORAGE REIT,Real Estate,Equity Real Estate Investment Trusts (REITs),EQUITY,ASXListedCompanies.csv,,,,,,,,,,,,,,,,,,,,,,,,,,,,,,,,,,,,,,,,,,,,,,,,,,,,,,,,,
NST.AX,,,,,,,NST,NORTHERN STAR RESOURCES LTD,Materials,Materials,EQUITY,ASXListedCompanies.csv,,,,,,,,,,,,,,,,,,,,,,,,,,,,,,,,,,,,,,,,,,,,,,,,,,,,,,,,,
NTD.AX,,,,,,,NTD,NTAW HOLDINGS LIMITED,Consumer Discretionary,Consumer Discretionary Distribution & Retail,EQUITY,ASXListedCompanies.csv,,,,,,,,,,,,,,,,,,,,,,,,,,,,,,,,,,,,,,,,,,,,,,,,,,,,,,,,,
NTI.AX,,,,,,,NTI,NEUROTECH INTERNATIONAL LIMITED,Health Care,Health Care Equipment & Services,EQUITY,ASXListedCompanies.csv,,,,,,,,,,,,,,,,,,,,,,,,,,,,,,,,,,,,,,,,,,,,,,,,,,,,,,,,,
NTM.AX,,,,,,,NTM,NT MINERALS LIMITED,Materials,Materials,EQUITY,ASXListedCompanies.csv,,,,,,,,,,,,,,,,,,,,,,,,,,,,,,,,,,,,,,,,,,,,,,,,,,,,,,,,,
NTU.AX,,,,,,,NTU,NORTHERN MINERALS LIMITED,Materials,Materials,EQUITY,ASXListedCompanies.csv,,,,,,,,,,,,,,,,,,,,,,,,,,,,,,,,,,,,,,,,,,,,,,,,,,,,,,,,,
NUC.AX,,,,,,,NUC,NUCHEV LIMITED,Consumer Staples,"Food, Beverage & Tobacco",EQUITY,ASXListedCompanies.csv,,,,,,,,,,,,,,,,,,,,,,,,,,,,,,,,,,,,,,,,,,,,,,,,,,,,,,,,,
NUF.AX,,,,,,,NUF,NUFARM LIMITED,Materials,Materials,EQUITY,ASXListedCompanies.csv,,,,,,,,,,,,,,,,,,,,,,,,,,,,,,,,,,,,,,,,,,,,,,,,,,,,,,,,,
NUGG.AX,,,,,,,NUGG,VanEck Gold Bullion ETF,,Spotlight ETP List,ETF/ETP,ASXInvestmentProductsMonthlyReport,,,,,,,,,,,,,,,,,,,,,,,,,,,,,,,,,,,,,,,,,,,,,,,,,,,,,,,,,
NUZ.AX,,,,,,,NUZ,NEURIZON THERAPEUTICS LIMITED,Health Care,"Pharmaceuticals, Biotechnology & Life Sciences",EQUITY,ASXListedCompanies.csv,,,,,,,,,,,,,,,,,,,,,,,,,,,,,,,,,,,,,,,,,,,,,,,,,,,,,,,,,
NVA.AX,,,,,,,NVA,NOVA MINERALS LIMITED,Materials,Materials,EQUITY,ASXListedCompanies.csv,,,,,,,,,,,,,,,,,,,,,,,,,,,,,,,,,,,,,,,,,,,,,,,,,,,,,,,,,
NVO.AX,,,,,,,NVO,NOVO RESOURCES CORP.,Materials,Materials,EQUITY,ASXListedCompanies.csv,,,,,,,,,,,,,,,,,,,,,,,,,,,,,,,,,,,,,,,,,,,,,,,,,,,,,,,,,
NVQ.AX,,,,,,,NVQ,NOVIQTECH LIMITED,Information Technology,Software & Services,EQUITY,ASXListedCompanies.csv,,,,,,,,,,,,,,,,,,,,,,,,,,,,,,,,,,,,,,,,,,,,,,,,,,,,,,,,,
NVU.AX,,,,,,,NVU,NANOVEU LIMITED,Information Technology,Technology Hardware & Equipment,EQUITY,ASXListedCompanies.csv,,,,,,,,,,,,,,,,,,,,,,,,,,,,,,,,,,,,,,,,,,,,,,,,,,,,,,,,,
NVX.AX,,,,,,,NVX,NOVONIX LIMITED,Information Technology,Technology Hardware & Equipment,EQUITY,ASXListedCompanies.csv,,,,,,,,,,,,,,,,,,,,,,,,,,,,,,,,,,,,,,,,,,,,,,,,,,,,,,,,,
NW1.AX,,,,,,,NW1,NOW TRUST 2024-1,,Not Applic,EQUITY,ASXListedCompanies.csv,,,,,,,,,,,,,,,,,,,,,,,,,,,,,,,,,,,,,,,,,,,,,,,,,,,,,,,,,
NWF.AX,,,,,,,NWF,NEWFIELD RESOURCES LIMITED,Materials,Materials,EQUITY,ASXListedCompanies.csv,,,,,,,,,,,,,,,,,,,,,,,,,,,,,,,,,,,,,,,,,,,,,,,,,,,,,,,,,
NWG01.AX,,,,,,,NWG01,Janus Henderson Global Natural Resources Fund,,Spotlight mFund List,ETF/ETP,ASXInvestmentProductsMonthlyReport,,,,,,,,,,,,,,,,,,,,,,,,,,,,,,,,,,,,,,,,,,,,,,,,,,,,,,,,,
NWH.AX,,,,,,,NWH,NRW HOLDINGS LIMITED,Industrials,Capital Goods,EQUITY,ASXListedCompanies.csv,,,,,,,,,,,,,,,,,,,,,,,,,,,,,,,,,,,,,,,,,,,,,,,,,,,,,,,,,
NWL.AX,,,,,,,NWL,NETWEALTH GROUP LIMITED,Financials,Financial Services,EQUITY,ASXListedCompanies.csv,,,,,,,,,,,,,,,,,,,,,,,,,,,,,,,,,,,,,,,,,,,,,,,,,,,,,,,,,
NWM.AX,,,,,,,NWM,NORWEST MINERALS LIMITED,Materials,Materials,EQUITY,ASXListedCompanies.csv,,,,,,,,,,,,,,,,,,,,,,,,,,,,,,,,,,,,,,,,,,,,,,,,,,,,,,,,,
NWS.AX,,,,,,,NWS,NEWS CORPORATION..,Communication Services,Media & Entertainment,EQUITY,ASXListedCompanies.csv,,,,,,,,,,,,,,,,,,,,,,,,,,,,,,,,,,,,,,,,,,,,,,,,,,,,,,,,,
NXD.AX,,,,,,,NXD,NEXTED GROUP LIMITED,Consumer Discretionary,Consumer Services,EQUITY,ASXListedCompanies.csv,,,,,,,,,,,,,,,,,,,,,,,,,,,,,,,,,,,,,,,,,,,,,,,,,,,,,,,,,
NXG.AX,,,,,,,NXG,NEXGEN ENERGY (CANADA) LTD,Energy,Energy,EQUITY,ASXListedCompanies.csv,,,,,,,,,,,,,,,,,,,,,,,,,,,,,,,,,,,,,,,,,,,,,,,,,,,,,,,,,
NXL.AX,,,,,,,NXL,NUIX LIMITED,Information Technology,Software & Services,EQUITY,ASXListedCompanies.csv,,,,,,,,,,,,,,,,,,,,,,,,,,,,,,,,,,,,,,,,,,,,,,,,,,,,,,,,,
NXM.AX,,,,,,,NXM,NEXUS MINERALS LIMITED,Materials,Materials,EQUITY,ASXListedCompanies.csv,,,,,,,,,,,,,,,,,,,,,,,,,,,,,,,,,,,,,,,,,,,,,,,,,,,,,,,,,
NXN.AX,,,,,,,NXN,NEXSEN LIMITED,Health Care,"Pharmaceuticals, Biotechnology & Life Sciences",EQUITY,ASXListedCompanies.csv,,,,,,,,,,,,,,,,,,,,,,,,,,,,,,,,,,,,,,,,,,,,,,,,,,,,,,,,,
NXS.AX,,,,,,,NXS,NEXT SCIENCE LIMITED,Health Care,Health Care Equipment & Services,EQUITY,ASXListedCompanies.csv,,,,,,,,,,,,,,,,,,,,,,,,,,,,,,,,,,,,,,,,,,,,,,,,,,,,,,,,,
NXT.AX,,,,,,,NXT,NEXTDC LIMITED,Information Technology,Software & Services,EQUITY,ASXListedCompanies.csv,,,,,,,,,,,,,,,,,,,,,,,,,,,,,,,,,,,,,,,,,,,,,,,,,,,,,,,,,
NYM.AX,,,,,,,NYM,NARRYER METALS LIMITED,Materials,Materials,EQUITY,ASXListedCompanies.csv,,,,,,,,,,,,,,,,,,,,,,,,,,,,,,,,,,,,,,,,,,,,,,,,,,,,,,,,,
NYR.AX,,,,,,,NYR,NYRADA INC.,Health Care,"Pharmaceuticals, Biotechnology & Life Sciences",EQUITY,ASXListedCompanies.csv,,,,,,,,,,,,,,,,,,,,,,,,,,,,,,,,,,,,,,,,,,,,,,,,,,,,,,,,,
NZK.AX,,,,,,,NZK,NEW ZEALAND KING SALMON INVESTMENTS LIMITED,Consumer Staples,"Food, Beverage & Tobacco",EQUITY,ASXListedCompanies.csv,,,,,,,,,,,,,,,,,,,,,,,,,,,,,,,,,,,,,,,,,,,,,,,,,,,,,,,,,
NZM.AX,,,,,,,NZM,NZME LIMITED,Communication Services,Media & Entertainment,EQUITY,ASXListedCompanies.csv,,,,,,,,,,,,,,,,,,,,,,,,,,,,,,,,,,,,,,,,,,,,,,,,,,,,,,,,,
OAK.AX,,,,,,,OAK,OAKRIDGE INTERNATIONAL LIMITED,Information Technology,Software & Services,EQUITY,ASXListedCompanies.csv,,,,,,,,,,,,,,,,,,,,,,,,,,,,,,,,,,,,,,,,,,,,,,,,,,,,,,,,,
OB1.AX,,,,,,,OB1,ORBMINCO LIMITED,Materials,Materials,EQUITY,ASXListedCompanies.csv,,,,,,,,,,,,,,,,,,,,,,,,,,,,,,,,,,,,,,,,,,,,,,,,,,,,,,,,,
OBL.AX,,,,,,,OBL,OMNI BRIDGEWAY LIMITED,Financials,Financial Services,EQUITY,ASXListedCompanies.csv,,,,,,,,,,,,,,,,,,,,,,,,,,,,,,,,,,,,,,,,,,,,,,,,,,,,,,,,,
OBM.AX,,,,,,,OBM,ORA BANDA MINING LTD,Materials,Materials,EQUITY,ASXListedCompanies.csv,,,,,,,,,,,,,,,,,,,,,,,,,,,,,,,,,,,,,,,,,,,,,,,,,,,,,,,,,
OCA.AX,,,,,,,OCA,OCEANIA HEALTHCARE LIMITED,Health Care,Health Care Equipment & Services,EQUITY,ASXListedCompanies.csv,,,,,,,,,,,,,,,,,,,,,,,,,,,,,,,,,,,,,,,,,,,,,,,,,,,,,,,,,
OCC.AX,,,,,,,OCC,ORTHOCELL LIMITED,Health Care,"Pharmaceuticals, Biotechnology & Life Sciences",EQUITY,ASXListedCompanies.csv,,,,,,,,,,,,,,,,,,,,,,,,,,,,,,,,,,,,,,,,,,,,,,,,,,,,,,,,,
OCL.AX,,,,,,,OCL,OBJECTIVE CORPORATION LIMITED,Information Technology,Software & Services,EQUITY,ASXListedCompanies.csv,,,,,,,,,,,,,,,,,,,,,,,,,,,,,,,,,,,,,,,,,,,,,,,,,,,,,,,,,
OCN.AX,,,,,,,OCN,OCEANA METALS LIMITED,Materials,Materials,EQUITY,ASXListedCompanies.csv,,,,,,,,,,,,,,,,,,,,,,,,,,,,,,,,,,,,,,,,,,,,,,,,,,,,,,,,,
OCT.AX,,,,,,,OCT,OCTAVA MINERALS LIMITED,Materials,Materials,EQUITY,ASXListedCompanies.csv,,,,,,,,,,,,,,,,,,,,,,,,,,,,,,,,,,,,,,,,,,,,,,,,,,,,,,,,,
OD6.AX,,,,,,,OD6,OD6 METALS LIMITED,Materials,Materials,EQUITY,ASXListedCompanies.csv,,,,,,,,,,,,,,,,,,,,,,,,,,,,,,,,,,,,,,,,,,,,,,,,,,,,,,,,,
ODA.AX,,,,,,,ODA,ORCODA LIMITED,Information Technology,Software & Services,EQUITY,ASXListedCompanies.csv,,,,,,,,,,,,,,,,,,,,,,,,,,,,,,,,,,,,,,,,,,,,,,,,,,,,,,,,,
ODE.AX,,,,,,,ODE,ODESSA MINERALS LIMITED,Materials,Materials,EQUITY,ASXListedCompanies.csv,,,,,,,,,,,,,,,,,,,,,,,,,,,,,,,,,,,,,,,,,,,,,,,,,,,,,,,,,
ODY.AX,,,,,,,ODY,ODYSSEY GOLD LTD,Materials,Materials,EQUITY,ASXListedCompanies.csv,,,,,,,,,,,,,,,,,,,,,,,,,,,,,,,,,,,,,,,,,,,,,,,,,,,,,,,,,
OEC.AX,,,,,,,OEC,ORBITAL CORPORATION LIMITED,Industrials,Capital Goods,EQUITY,ASXListedCompanies.csv,,,,,,,,,,,,,,,,,,,,,,,,,,,,,,,,,,,,,,,,,,,,,,,,,,,,,,,,,
OEL.AX,,,,,,,OEL,OTTO ENERGY LIMITED,Energy,Energy,EQUITY,ASXListedCompanies.csv,,,,,,,,,,,,,,,,,,,,,,,,,,,,,,,,,,,,,,,,,,,,,,,,,,,,,,,,,
OEQ.AX,,,,,,,OEQ,ORION EQUITIES LIMITED,Financials,Financial Services,EQUITY,ASXListedCompanies.csv,,,,,,,,,,,,,,,,,,,,,,,,,,,,,,,,,,,,,,,,,,,,,,,,,,,,,,,,,
OFX.AX,,,,,,,OFX,OFX GROUP LIMITED,Financials,Financial Services,EQUITY,ASXListedCompanies.csv,,,,,,,,,,,,,,,,,,,,,,,,,,,,,,,,,,,,,,,,,,,,,,,,,,,,,,,,,
OIL.AX,,,,,,,OIL,OPTISCAN IMAGING LIMITED,Health Care,Health Care Equipment & Services,EQUITY,ASXListedCompanies.csv,,,,,,,,,,,,,,,,,,,,,,,,,,,,,,,,,,,,,,,,,,,,,,,,,,,,,,,,,
OKJ.AX,,,,,,,OKJ,OAKAJEE CORPORATION LIMITED,Materials,Materials,EQUITY,ASXListedCompanies.csv,,,,,,,,,,,,,,,,,,,,,,,,,,,,,,,,,,,,,,,,,,,,,,,,,,,,,,,,,
OLH.AX,,,,,,,OLH,OLDFIELDS HOLDINGS LIMITED,Industrials,Capital Goods,EQUITY,ASXListedCompanies.csv,,,,,,,,,,,,,,,,,,,,,,,,,,,,,,,,,,,,,,,,,,,,,,,,,,,,,,,,,
OLI.AX,,,,,,,OLI,OLIVER'S REAL FOOD LIMITED,Consumer Discretionary,Consumer Services,EQUITY,ASXListedCompanies.csv,,,,,,,,,,,,,,,,,,,,,,,,,,,,,,,,,,,,,,,,,,,,,,,,,,,,,,,,,
OLL.AX,,,,,,,OLL,OPENLEARNING LIMITED,Information Technology,Software & Services,EQUITY,ASXListedCompanies.csv,,,,,,,,,,,,,,,,,,,,,,,,,,,,,,,,,,,,,,,,,,,,,,,,,,,,,,,,,
OLY.AX,,,,,,,OLY,OLYMPIO METALS LIMITED,Materials,Materials,EQUITY,ASXListedCompanies.csv,,,,,,,,,,,,,,,,,,,,,,,,,,,,,,,,,,,,,,,,,,,,,,,,,,,,,,,,,
OM1.AX,,,,,,,OM1,OMNIA METALS GROUP LTD,Materials,Materials,EQUITY,ASXListedCompanies.csv,,,,,,,,,,,,,,,,,,,,,,,,,,,,,,,,,,,,,,,,,,,,,,,,,,,,,,,,,
OMA.AX,,,,,,,OMA,OMEGA OIL & GAS LIMITED,Energy,Energy,EQUITY,ASXListedCompanies.csv,,,,,,,,,,,,,,,,,,,,,,,,,,,,,,,,,,,,,,,,,,,,,,,,,,,,,,,,,
OMG.AX,,,,,,,OMG,OMG GROUP LIMITED,Consumer Staples,"Food, Beverage & Tobacco",EQUITY,ASXListedCompanies.csv,,,,,,,,,,,,,,,,,,,,,,,,,,,,,,,,,,,,,,,,,,,,,,,,,,,,,,,,,
OMH.AX,,,,,,,OMH,OM HOLDINGS LIMITED,Materials,Materials,EQUITY,ASXListedCompanies.csv,,,,,,,,,,,,,,,,,,,,,,,,,,,,,,,,,,,,,,,,,,,,,,,,,,,,,,,,,
OML.AX,,,,,,,OML,OOH!MEDIA LIMITED,Communication Services,Media & Entertainment,EQUITY,ASXListedCompanies.csv,,,,,,,,,,,,,,,,,,,,,,,,,,,,,,,,,,,,,,,,,,,,,,,,,,,,,,,,,
OMX.AX,,,,,,,OMX,ORANGE MINERALS NL,Materials,Materials,EQUITY,ASXListedCompanies.csv,,,,,,,,,,,,,,,,,,,,,,,,,,,,,,,,,,,,,,,,,,,,,,,,,,,,,,,,,
ONE.AX,,,,,,,ONE,ONEVIEW HEALTHCARE PLC,Health Care,Health Care Equipment & Services,EQUITY,ASXListedCompanies.csv,,,,,,,,,,,,,,,,,,,,,,,,,,,,,,,,,,,,,,,,,,,,,,,,,,,,,,,,,
OOO.AX,,,,,,,OOO,Betashares Crude Crude Oil Index Currncy Hdg Complex ETF,,Spotlight ETP List,ETF/ETP,ASXInvestmentProductsMonthlyReport,,,,,,,,,,,,,,,,,,,,,,,,,,,,,,,,,,,,,,,,,,,,,,,,,,,,,,,,,
OPH.AX,,,,,,,OPH,OPHIR HIGH CONVICTION FUND,,Not Applic,EQUITY,ASXListedCompanies.csv,,,,,,,,,,,,,,,,,,,,,,,,,,,,,,,,,,,,,,,,,,,,,,,,,,,,,,,,,
OPN.AX,,,,,,,OPN,OPENN NEGOTIATION LIMITED,Industrials,Commercial & Professional Services,EQUITY,ASXListedCompanies.csv,,,,,,,,,,,,,,,,,,,,,,,,,,,,,,,,,,,,,,,,,,,,,,,,,,,,,,,,,
OPPT.AX,,,,,,,OPPT,Magellan Global Opportunities Fund - Active ETF,,Spotlight ETP List,ETF/ETP,ASXInvestmentProductsMonthlyReport,,,,,,,,,,,,,,,,,,,,,,,,,,,,,,,,,,,,,,,,,,,,,,,,,,,,,,,,,
OPT.AX,,,,,,,OPT,OPTHEA LIMITED,Health Care,"Pharmaceuticals, Biotechnology & Life Sciences",EQUITY,ASXListedCompanies.csv,,,,,,,,,,,,,,,,,,,,,,,,,,,,,,,,,,,,,,,,,,,,,,,,,,,,,,,,,
OR2.AX,,,,,,,OR2,ORDE SERIES 2025-1 TRUST,,Not Applic,EQUITY,ASXListedCompanies.csv,,,,,,,,,,,,,,,,,,,,,,,,,,,,,,,,,,,,,,,,,,,,,,,,,,,,,,,,,
OR3.AX,,,,,,,OR3,ORE RESOURCES LIMITED,Materials,Materials,EQUITY,ASXListedCompanies.csv,,,,,,,,,,,,,,,,,,,,,,,,,,,,,,,,,,,,,,,,,,,,,,,,,,,,,,,,,
ORA.AX,,,,,,,ORA,ORORA LIMITED,Materials,Materials,EQUITY,ASXListedCompanies.csv,,,,,,,,,,,,,,,,,,,,,,,,,,,,,,,,,,,,,,,,,,,,,,,,,,,,,,,,,
ORB01.AX,,,,,,,ORB01,Orbis Global Equity Australia Registered Retail,,Spotlight mFund List,ETF/ETP,ASXInvestmentProductsMonthlyReport,,,,,,,,,,,,,,,,,,,,,,,,,,,,,,,,,,,,,,,,,,,,,,,,,,,,,,,,,
ORB03.AX,,,,,,,ORB03,Orbis Global Equity LE Fund,,Spotlight mFund List,ETF/ETP,ASXInvestmentProductsMonthlyReport,,,,,,,,,,,,,,,,,,,,,,,,,,,,,,,,,,,,,,,,,,,,,,,,,,,,,,,,,
ORD.AX,,,,,,,ORD,ORDELL MINERALS LIMITED,Materials,Materials,EQUITY,ASXListedCompanies.csv,,,,,,,,,,,,,,,,,,,,,,,,,,,,,,,,,,,,,,,,,,,,,,,,,,,,,,,,,
ORE.AX,,,,,,,ORE,OREZONE GOLD CORPORATION,Materials,Materials,EQUITY,ASXListedCompanies.csv,,,,,,,,,,,,,,,,,,,,,,,,,,,,,,,,,,,,,,,,,,,,,,,,,,,,,,,,,
ORG.AX,,,,,,,ORG,ORIGIN ENERGY LIMITED,Utilities,Utilities,EQUITY,ASXListedCompanies.csv,,,,,,,,,,,,,,,,,,,,,,,,,,,,,,,,,,,,,,,,,,,,,,,,,,,,,,,,,
ORI.AX,,,,,,,ORI,ORICA LIMITED,Materials,Materials,EQUITY,ASXListedCompanies.csv,,,,,,,,,,,,,,,,,,,,,,,,,,,,,,,,,,,,,,,,,,,,,,,,,,,,,,,,,
ORN.AX,,,,,,,ORN,ORION MINERALS LTD,Materials,Materials,EQUITY,ASXListedCompanies.csv,,,,,,,,,,,,,,,,,,,,,,,,,,,,,,,,,,,,,,,,,,,,,,,,,,,,,,,,,
ORP.AX,,,,,,,ORP,ORPHEUS URANIUM LIMITED,Materials,Materials,EQUITY,ASXListedCompanies.csv,,,,,,,,,,,,,,,,,,,,,,,,,,,,,,,,,,,,,,,,,,,,,,,,,,,,,,,,,
OSL.AX,,,,,,,OSL,ONCOSIL MEDICAL LTD,Health Care,"Pharmaceuticals, Biotechnology & Life Sciences",EQUITY,ASXListedCompanies.csv,,,,,,,,,,,,,,,,,,,,,,,,,,,,,,,,,,,,,,,,,,,,,,,,,,,,,,,,,
OSM.AX,,,,,,,OSM,OSMOND RESOURCES LIMITED,Materials,Materials,EQUITY,ASXListedCompanies.csv,,,,,,,,,,,,,,,,,,,,,,,,,,,,,,,,,,,,,,,,,,,,,,,,,,,,,,,,,
OSX.AX,,,,,,,OSX,OSTEOPORE LIMITED,Health Care,Health Care Equipment & Services,EQUITY,ASXListedCompanies.csv,,,,,,,,,,,,,,,,,,,,,,,,,,,,,,,,,,,,,,,,,,,,,,,,,,,,,,,,,
OVT.AX,,,,,,,OVT,OVANTI LIMITED,Communication Services,Media & Entertainment,EQUITY,ASXListedCompanies.csv,,,,,,,,,,,,,,,,,,,,,,,,,,,,,,,,,,,,,,,,,,,,,,,,,,,,,,,,,
OY1.AX,,,,,,,OY1,OLYMPUS 2025-1 TRUST,,Not Applic,EQUITY,ASXListedCompanies.csv,,,,,,,,,,,,,,,,,,,,,,,,,,,,,,,,,,,,,,,,,,,,,,,,,,,,,,,,,
OYS.AX,,,,,,,OYS,OLYMPUS 2024-2 TRUST,,Not Applic,EQUITY,ASXListedCompanies.csv,,,,,,,,,,,,,,,,,,,,,,,,,,,,,,,,,,,,,,,,,,,,,,,,,,,,,,,,,
OZBD.AX,,,,,,,OZBD,Betashares Australian Composite Bond ETF,,Spotlight ETP List,ETF/ETP,ASXInvestmentProductsMonthlyReport,,,,,,,,,,,,,,,,,,,,,,,,,,,,,,,,,,,,,,,,,,,,,,,,,,,,,,,,,
OZF.AX,,,,,,,OZF,SPDR S&P/ASX 200 Financials ex AREIT ETF,,Spotlight ETP List,ETF/ETP,ASXInvestmentProductsMonthlyReport,,,,,,,,,,,,,,,,,,,,,,,,,,,,,,,,,,,,,,,,,,,,,,,,,,,,,,,,,
OZM.AX,,,,,,,OZM,OZAURUM RESOURCES LIMITED,Materials,Materials,EQUITY,ASXListedCompanies.csv,,,,,,,,,,,,,,,,,,,,,,,,,,,,,,,,,,,,,,,,,,,,,,,,,,,,,,,,,
OZR.AX,,,,,,,OZR,SPDR S&P/ASX 200 Resources ETF,,Spotlight ETP List,ETF/ETP,ASXInvestmentProductsMonthlyReport,,,,,,,,,,,,,,,,,,,,,,,,,,,,,,,,,,,,,,,,,,,,,,,,,,,,,,,,,
OZXX.AX,,,,,,,OZXX,Global X Australia Ex Financials & Resources ETF,,Spotlight ETP List,ETF/ETP,ASXInvestmentProductsMonthlyReport,,,,,,,,,,,,,,,,,,,,,,,,,,,,,,,,,,,,,,,,,,,,,,,,,,,,,,,,,
OZZ.AX,,,,,,,OZZ,OZZ RESOURCES LIMITED,Materials,Materials,EQUITY,ASXListedCompanies.csv,,,,,,,,,,,,,,,,,,,,,,,,,,,,,,,,,,,,,,,,,,,,,,,,,,,,,,,,,
P1E.AX,,,,,,,P1E,PURE ONE CORPORATION LIMITED,Energy,Energy,EQUITY,ASXListedCompanies.csv,,,,,,,,,,,,,,,,,,,,,,,,,,,,,,,,,,,,,,,,,,,,,,,,,,,,,,,,,
PA1.AX,,,,,,,PA1,PANORAMA AUTO TRUST 2023-1,,Not Applic,EQUITY,ASXListedCompanies.csv,,,,,,,,,,,,,,,,,,,,,,,,,,,,,,,,,,,,,,,,,,,,,,,,,,,,,,,,,
PA2.AX,,,,,,,PA2,PANORAMA AUTO TRUST 2024-1,,Not Applic,EQUITY,ASXListedCompanies.csv,,,,,,,,,,,,,,,,,,,,,,,,,,,,,,,,,,,,,,,,,,,,,,,,,,,,,,,,,
PA3.AX,,,,,,,PA3,PANORAMA AUTO TRUST 2023-3,,Not Applic,EQUITY,ASXListedCompanies.csv,,,,,,,,,,,,,,,,,,,,,,,,,,,,,,,,,,,,,,,,,,,,,,,,,,,,,,,,,
PA4.AX,,,,,,,PA4,PANORAMA AUTO TRUST 2024-3,,Not Applic,EQUITY,ASXListedCompanies.csv,,,,,,,,,,,,,,,,,,,,,,,,,,,,,,,,,,,,,,,,,,,,,,,,,,,,,,,,,
PA5.AX,,,,,,,PA5,PANORAMA AUTO TRUST 2025-1,,Not Applic,EQUITY,ASXListedCompanies.csv,,,,,,,,,,,,,,,,,,,,,,,,,,,,,,,,,,,,,,,,,,,,,,,,,,,,,,,,,
PAB.AX,,,,,,,PAB,PATRYS LIMITED,Health Care,"Pharmaceuticals, Biotechnology & Life Sciences",EQUITY,ASXListedCompanies.csv,,,,,,,,,,,,,,,,,,,,,,,,,,,,,,,,,,,,,,,,,,,,,,,,,,,,,,,,,
PAC.AX,,,,,,,PAC,PACIFIC CURRENT GROUP LIMITED,Financials,Financial Services,EQUITY,ASXListedCompanies.csv,,,,,,,,,,,,,,,,,,,,,,,,,,,,,,,,,,,,,,,,,,,,,,,,,,,,,,,,,
PAR.AX,,,,,,,PAR,PARADIGM BIOPHARMACEUTICALS LIMITED..,Health Care,"Pharmaceuticals, Biotechnology & Life Sciences",EQUITY,ASXListedCompanies.csv,,,,,,,,,,,,,,,,,,,,,,,,,,,,,,,,,,,,,,,,,,,,,,,,,,,,,,,,,
PAT.AX,,,,,,,PAT,PATRIOT RESOURCES LIMITED,Materials,Materials,EQUITY,ASXListedCompanies.csv,,,,,,,,,,,,,,,,,,,,,,,,,,,,,,,,,,,,,,,,,,,,,,,,,,,,,,,,,
PAVE.AX,,,,,,,PAVE,Global X US Infrastructure Development ETF,,Spotlight ETP List,ETF/ETP,ASXInvestmentProductsMonthlyReport,,,,,,,,,,,,,,,,,,,,,,,,,,,,,,,,,,,,,,,,,,,,,,,,,,,,,,,,,
PAXX.AX,,,,,,,PAXX,Platinum Asia Fund Complex ETF,,Spotlight ETP List,ETF/ETP,ASXInvestmentProductsMonthlyReport,,,,,,,,,,,,,,,,,,,,,,,,,,,,,,,,,,,,,,,,,,,,,,,,,,,,,,,,,
PBH.AX,,,,,,,PBH,POINTSBET HOLDINGS LIMITED,Consumer Discretionary,Consumer Services,EQUITY,ASXListedCompanies.csv,,,,,,,,,,,,,,,,,,,,,,,,,,,,,,,,,,,,,,,,,,,,,,,,,,,,,,,,,
PBL.AX,,,,,,,PBL,PARABELLUM RESOURCES LIMITED,Materials,Materials,EQUITY,ASXListedCompanies.csv,,,,,,,,,,,,,,,,,,,,,,,,,,,,,,,,,,,,,,,,,,,,,,,,,,,,,,,,,
PC2.AX,,,,,,,PC2,PC GOLD LTD,Materials,Materials,EQUITY,ASXListedCompanies.csv,,,,,,,,,,,,,,,,,,,,,,,,,,,,,,,,,,,,,,,,,,,,,,,,,,,,,,,,,
PCG.AX,,,,,,,PCG,PENGANA CAPITAL GROUP LIMITED,Financials,Financial Services,EQUITY,ASXListedCompanies.csv,,,,,,,,,,,,,,,,,,,,,,,,,,,,,,,,,,,,,,,,,,,,,,,,,,,,,,,,,
PCI.AX,,,,,,,PCI,PERPETUAL CREDIT INCOME TRUST,,Not Applic,EQUITY,ASXListedCompanies.csv,,,,,,,,,,,,,,,,,,,,,,,,,,,,,,,,,,,,,,,,,,,,,,,,,,,,,,,,,
PCK.AX,,,,,,,PCK,PAINCHEK LTD,Health Care,Health Care Equipment & Services,EQUITY,ASXListedCompanies.csv,,,,,,,,,,,,,,,,,,,,,,,,,,,,,,,,,,,,,,,,,,,,,,,,,,,,,,,,,
PCL.AX,,,,,,,PCL,PANCONTINENTAL ENERGY NL,Energy,Energy,EQUITY,ASXListedCompanies.csv,,,,,,,,,,,,,,,,,,,,,,,,,,,,,,,,,,,,,,,,,,,,,,,,,,,,,,,,,
PCX.AX,,,,,,,PCX,PENGANA GLOBAL PRIVATE CREDIT TRUST,,Not Applic,EQUITY,ASXListedCompanies.csv,,,,,,,,,,,,,,,,,,,,,,,,,,,,,,,,,,,,,,,,,,,,,,,,,,,,,,,,,
PDI.AX,,,,,,,PDI,PREDICTIVE DISCOVERY LIMITED,Materials,Materials,EQUITY,ASXListedCompanies.csv,,,,,,,,,,,,,,,,,,,,,,,,,,,,,,,,,,,,,,,,,,,,,,,,,,,,,,,,,
PDN.AX,,,,,,,PDN,PALADIN ENERGY LTD,Energy,Energy,EQUITY,ASXListedCompanies.csv,,,,,,,,,,,,,,,,,,,,,,,,,,,,,,,,,,,,,,,,,,,,,,,,,,,,,,,,,
PE1.AX,,,,,,,PE1,PENGANA PRIVATE EQUITY TRUST,,Not Applic,EQUITY,ASXListedCompanies.csv,,,,,,,,,,,,,,,,,,,,,,,,,,,,,,,,,,,,,,,,,,,,,,,,,,,,,,,,,
PEB.AX,,,,,,,PEB,PACIFIC EDGE LIMITED,Health Care,"Pharmaceuticals, Biotechnology & Life Sciences",EQUITY,ASXListedCompanies.csv,,,,,,,,,,,,,,,,,,,,,,,,,,,,,,,,,,,,,,,,,,,,,,,,,,,,,,,,,
PEC.AX,,,,,,,PEC,PERPETUAL RESOURCES LIMITED,Materials,Materials,EQUITY,ASXListedCompanies.csv,,,,,,,,,,,,,,,,,,,,,,,,,,,,,,,,,,,,,,,,,,,,,,,,,,,,,,,,,
PEN.AX,,,,,,,PEN,PENINSULA ENERGY LIMITED,Energy,Energy,EQUITY,ASXListedCompanies.csv,,,,,,,,,,,,,,,,,,,,,,,,,,,,,,,,,,,,,,,,,,,,,,,,,,,,,,,,,
PEP.AX,,,,,,,PEP,PEPPER RESIDENTIAL SECURITIES TRUST NO. 39,,Not Applic,EQUITY,ASXListedCompanies.csv,,,,,,,,,,,,,,,,,,,,,,,,,,,,,,,,,,,,,,,,,,,,,,,,,,,,,,,,,
PER.AX,,,,,,,PER,PERCHERON THERAPEUTICS LIMITED,Health Care,"Pharmaceuticals, Biotechnology & Life Sciences",EQUITY,ASXListedCompanies.csv,,,,,,,,,,,,,,,,,,,,,,,,,,,,,,,,,,,,,,,,,,,,,,,,,,,,,,,,,
PET.AX,,,,,,,PET,PHOSLOCK ENVIRONMENTAL TECHNOLOGIES LIMITED,Industrials,Commercial & Professional Services,EQUITY,ASXListedCompanies.csv,,,,,,,,,,,,,,,,,,,,,,,,,,,,,,,,,,,,,,,,,,,,,,,,,,,,,,,,,
PEX.AX,,,,,,,PEX,PEEL MINING LIMITED,Materials,Materials,EQUITY,ASXListedCompanies.csv,,,,,,,,,,,,,,,,,,,,,,,,,,,,,,,,,,,,,,,,,,,,,,,,,,,,,,,,,
PFE.AX,,,,,,,PFE,PANTERA MINERALS LIMITED,Materials,Materials,EQUITY,ASXListedCompanies.csv,,,,,,,,,,,,,,,,,,,,,,,,,,,,,,,,,,,,,,,,,,,,,,,,,,,,,,,,,
PFG.AX,,,,,,,PFG,PRIME FINANCIAL GROUP LIMITED,Financials,Financial Services,EQUITY,ASXListedCompanies.csv,,,,,,,,,,,,,,,,,,,,,,,,,,,,,,,,,,,,,,,,,,,,,,,,,,,,,,,,,
PFM.AX,,,,,,,PFM,PLATFORMO LTD,Information Technology,Software & Services,EQUITY,ASXListedCompanies.csv,,,,,,,,,,,,,,,,,,,,,,,,,,,,,,,,,,,,,,,,,,,,,,,,,,,,,,,,,
PFP.AX,,,,,,,PFP,PROPEL FUNERAL PARTNERS LIMITED,Consumer Discretionary,Consumer Services,EQUITY,ASXListedCompanies.csv,,,,,,,,,,,,,,,,,,,,,,,,,,,,,,,,,,,,,,,,,,,,,,,,,,,,,,,,,
PFT.AX,,,,,,,PFT,PURE FOODS TASMANIA LIMITED,Consumer Staples,"Food, Beverage & Tobacco",EQUITY,ASXListedCompanies.csv,,,,,,,,,,,,,,,,,,,,,,,,,,,,,,,,,,,,,,,,,,,,,,,,,,,,,,,,,
PGA1.AX,,,,,,,PGA1,Plato Global Alpha Fund Complex ETF,,Spotlight ETP List,ETF/ETP,ASXInvestmentProductsMonthlyReport,,,,,,,,,,,,,,,,,,,,,,,,,,,,,,,,,,,,,,,,,,,,,,,,,,,,,,,,,
PGC.AX,,,,,,,PGC,PARAGON CARE LIMITED,Health Care,Health Care Equipment & Services,EQUITY,ASXListedCompanies.csv,,,,,,,,,,,,,,,,,,,,,,,,,,,,,,,,,,,,,,,,,,,,,,,,,,,,,,,,,
PGD.AX,,,,,,,PGD,PEREGRINE GOLD LTD,Materials,Materials,EQUITY,ASXListedCompanies.csv,,,,,,,,,,,,,,,,,,,,,,,,,,,,,,,,,,,,,,,,,,,,,,,,,,,,,,,,,
PGF.AX,,,,,,,PGF,PM CAPITAL GLOBAL OPPORTUNITIES FUND LIMITED,,Not Applic,EQUITY,ASXListedCompanies.csv,,,,,,,,,,,,,,,,,,,,,,,,,,,,,,,,,,,,,,,,,,,,,,,,,,,,,,,,,
PGM.AX,,,,,,,PGM,PLATINA RESOURCES LIMITED,Materials,Materials,EQUITY,ASXListedCompanies.csv,,,,,,,,,,,,,,,,,,,,,,,,,,,,,,,,,,,,,,,,,,,,,,,,,,,,,,,,,
PGO.AX,,,,,,,PGO,PACGOLD LIMITED,Materials,Materials,EQUITY,ASXListedCompanies.csv,,,,,,,,,,,,,,,,,,,,,,,,,,,,,,,,,,,,,,,,,,,,,,,,,,,,,,,,,
PGS.AX,,,,,,,PGS,PROGRESS 2024-2 TRUST,,Not Applic,EQUITY,ASXListedCompanies.csv,,,,,,,,,,,,,,,,,,,,,,,,,,,,,,,,,,,,,,,,,,,,,,,,,,,,,,,,,
PGY.AX,,,,,,,PGY,PILOT ENERGY LIMITED,Energy,Energy,EQUITY,ASXListedCompanies.csv,,,,,,,,,,,,,,,,,,,,,,,,,,,,,,,,,,,,,,,,,,,,,,,,,,,,,,,,,
PHO.AX,,,,,,,PHO,PHOSCO LTD,Materials,Materials,EQUITY,ASXListedCompanies.csv,,,,,,,,,,,,,,,,,,,,,,,,,,,,,,,,,,,,,,,,,,,,,,,,,,,,,,,,,
PHX.AX,,,,,,,PHX,PHARMX TECHNOLOGIES LIMITED,Information Technology,Software & Services,EQUITY,ASXListedCompanies.csv,,,,,,,,,,,,,,,,,,,,,,,,,,,,,,,,,,,,,,,,,,,,,,,,,,,,,,,,,
PIA.AX,,,,,,,PIA,PENGANA INTERNATIONAL EQUITIES LIMITED,,Not Applic,EQUITY,ASXListedCompanies.csv,,,,,,,,,,,,,,,,,,,,,,,,,,,,,,,,,,,,,,,,,,,,,,,,,,,,,,,,,
PIC.AX,,,,,,,PIC,PERPETUAL EQUITY INVESTMENT COMPANY LIMITED,,Not Applic,EQUITY,ASXListedCompanies.csv,,,,,,,,,,,,,,,,,,,,,,,,,,,,,,,,,,,,,,,,,,,,,,,,,,,,,,,,,
PIL.AX,,,,,,,PIL,PEPPERMINT INNOVATION LIMITED,Information Technology,Software & Services,EQUITY,ASXListedCompanies.csv,,,,,,,,,,,,,,,,,,,,,,,,,,,,,,,,,,,,,,,,,,,,,,,,,,,,,,,,,
PIM.AX,,,,,,,PIM,PINNACLE MINERALS LIMITED,Materials,Materials,EQUITY,ASXListedCompanies.csv,,,,,,,,,,,,,,,,,,,,,,,,,,,,,,,,,,,,,,,,,,,,,,,,,,,,,,,,,
PIQ.AX,,,,,,,PIQ,PROTEOMICS INTERNATIONAL LABORATORIES LTD,Health Care,"Pharmaceuticals, Biotechnology & Life Sciences",EQUITY,ASXListedCompanies.csv,,,,,,,,,,,,,,,,,,,,,,,,,,,,,,,,,,,,,,,,,,,,,,,,,,,,,,,,,
PIXX.AX,,,,,,,PIXX,Platinum International Fund Complex ETF,,Spotlight ETP List,ETF/ETP,ASXInvestmentProductsMonthlyReport,,,,,,,,,,,,,,,,,,,,,,,,,,,,,,,,,,,,,,,,,,,,,,,,,,,,,,,,,
PKD.AX,,,,,,,PKD,PARKD LTD,Industrials,Commercial & Professional Services,EQUITY,ASXListedCompanies.csv,,,,,,,,,,,,,,,,,,,,,,,,,,,,,,,,,,,,,,,,,,,,,,,,,,,,,,,,,
PKO.AX,,,,,,,PKO,PEAKO LIMITED,Materials,Materials,EQUITY,ASXListedCompanies.csv,,,,,,,,,,,,,,,,,,,,,,,,,,,,,,,,,,,,,,,,,,,,,,,,,,,,,,,,,
PKP.AX,,,,,,,PKP,PEAK PROCESSING LIMITED,Health Care,"Pharmaceuticals, Biotechnology & Life Sciences",EQUITY,ASXListedCompanies.csv,,,,,,,,,,,,,,,,,,,,,,,,,,,,,,,,,,,,,,,,,,,,,,,,,,,,,,,,,
PKY.AX,,,,,,,PKY,PATHKEY.AI LTD,Information Technology,Software & Services,EQUITY,ASXListedCompanies.csv,,,,,,,,,,,,,,,,,,,,,,,,,,,,,,,,,,,,,,,,,,,,,,,,,,,,,,,,,
PL3.AX,,,,,,,PL3,PATAGONIA LITHIUM LTD,Materials,Materials,EQUITY,ASXListedCompanies.csv,,,,,,,,,,,,,,,,,,,,,,,,,,,,,,,,,,,,,,,,,,,,,,,,,,,,,,,,,
PL8.AX,,,,,,,PL8,PLATO INCOME MAXIMISER LIMITED.,,Not Applic,EQUITY,ASXListedCompanies.csv,,,,,,,,,,,,,,,,,,,,,,,,,,,,,,,,,,,,,,,,,,,,,,,,,,,,,,,,,
PL9.AX,,,,,,,PL9,PRAIRIE LITHIUM LIMITED,Materials,Materials,EQUITY,ASXListedCompanies.csv,,,,,,,,,,,,,,,,,,,,,,,,,,,,,,,,,,,,,,,,,,,,,,,,,,,,,,,,,
PLA.AX,,,,,,,PLA,PACIFIC LIME AND CEMENT LIMITED,Materials,Materials,EQUITY,ASXListedCompanies.csv,,,,,,,,,,,,,,,,,,,,,,,,,,,,,,,,,,,,,,,,,,,,,,,,,,,,,,,,,
PLC.AX,,,,,,,PLC,PREMIER1 LITHIUM LIMITED,Materials,Materials,EQUITY,ASXListedCompanies.csv,,,,,,,,,,,,,,,,,,,,,,,,,,,,,,,,,,,,,,,,,,,,,,,,,,,,,,,,,
PLG.AX,,,,,,,PLG,PEARL GULL IRON LIMITED,Materials,Materials,EQUITY,ASXListedCompanies.csv,,,,,,,,,,,,,,,,,,,,,,,,,,,,,,,,,,,,,,,,,,,,,,,,,,,,,,,,,
PLM01.AX,,,,,,,PLM01,Platinum Global Fund,,Spotlight mFund List,ETF/ETP,ASXInvestmentProductsMonthlyReport,,,,,,,,,,,,,,,,,,,,,,,,,,,,,,,,,,,,,,,,,,,,,,,,,,,,,,,,,
PLS.AX,,,,,,,PLS,PLS GROUP LIMITED,Materials,Materials,EQUITY,ASXListedCompanies.csv,,,,,,,,,,,,,,,,,,,,,,,,,,,,,,,,,,,,,,,,,,,,,,,,,,,,,,,,,
PLT.AX,,,,,,,PLT,PLENTI GROUP LIMITED,Financials,Financial Services,EQUITY,ASXListedCompanies.csv,,,,,,,,,,,,,,,,,,,,,,,,,,,,,,,,,,,,,,,,,,,,,,,,,,,,,,,,,
PLUS.AX,,,,,,,PLUS,VanEck Australian Corporate Bond Plus ETF,,Spotlight ETP List,ETF/ETP,ASXInvestmentProductsMonthlyReport,,,,,,,,,,,,,,,,,,,,,,,,,,,,,,,,,,,,,,,,,,,,,,,,,,,,,,,,,
PLY.AX,,,,,,,PLY,PLAYSIDE STUDIOS LIMITED,Communication Services,Media & Entertainment,EQUITY,ASXListedCompanies.csv,,,,,,,,,,,,,,,,,,,,,,,,,,,,,,,,,,,,,,,,,,,,,,,,,,,,,,,,,
PME.AX,,,,,,,PME,PRO MEDICUS LIMITED,Health Care,Health Care Equipment & Services,EQUITY,ASXListedCompanies.csv,,,,,,,,,,,,,,,,,,,,,,,,,,,,,,,,,,,,,,,,,,,,,,,,,,,,,,,,,
PMF01.AX,,,,,,,PMF01,PIMCO Global Credit Fund Wholesale Class,,Spotlight mFund List,ETF/ETP,ASXInvestmentProductsMonthlyReport,,,,,,,,,,,,,,,,,,,,,,,,,,,,,,,,,,,,,,,,,,,,,,,,,,,,,,,,,
PMF02.AX,,,,,,,PMF02,PIMCO Diversified Fixed Interest Fund Wholesale Class,,Spotlight mFund List,ETF/ETP,ASXInvestmentProductsMonthlyReport,,,,,,,,,,,,,,,,,,,,,,,,,,,,,,,,,,,,,,,,,,,,,,,,,,,,,,,,,
PMF03.AX,,,,,,,PMF03,PIMCO Global Bond Fund Wholesale Class,,Spotlight mFund List,ETF/ETP,ASXInvestmentProductsMonthlyReport,,,,,,,,,,,,,,,,,,,,,,,,,,,,,,,,,,,,,,,,,,,,,,,,,,,,,,,,,
PMF04.AX,,,,,,,PMF04,PIMCO Australian Bond Fund Wholesale Class,,Spotlight mFund List,ETF/ETP,ASXInvestmentProductsMonthlyReport,,,,,,,,,,,,,,,,,,,,,,,,,,,,,,,,,,,,,,,,,,,,,,,,,,,,,,,,,
PMF05.AX,,,,,,,PMF05,PIMCO Australian Focus Fund Wholesale Class,,Spotlight mFund List,ETF/ETP,ASXInvestmentProductsMonthlyReport,,,,,,,,,,,,,,,,,,,,,,,,,,,,,,,,,,,,,,,,,,,,,,,,,,,,,,,,,
PMF07.AX,,,,,,,PMF07,PIMCO Capital Securities Fund Wholesale Class,,Spotlight mFund List,ETF/ETP,ASXInvestmentProductsMonthlyReport,,,,,,,,,,,,,,,,,,,,,,,,,,,,,,,,,,,,,,,,,,,,,,,,,,,,,,,,,
PMF08.AX,,,,,,,PMF08,PIMCO Income Fund Wholesale Class,,Spotlight mFund List,ETF/ETP,ASXInvestmentProductsMonthlyReport,,,,,,,,,,,,,,,,,,,,,,,,,,,,,,,,,,,,,,,,,,,,,,,,,,,,,,,,,
PMF09.AX,,,,,,,PMF09,PIMCO ESG Global Bond Fund Wholesale Class,,Spotlight mFund List,ETF/ETP,ASXInvestmentProductsMonthlyReport,,,,,,,,,,,,,,,,,,,,,,,,,,,,,,,,,,,,,,,,,,,,,,,,,,,,,,,,,
PMGOLD.AX,,,,,,,PMGOLD,Perth Mint Gold,,Spotlight ETP List,ETF/ETP,ASXInvestmentProductsMonthlyReport,,,,,,,,,,,,,,,,,,,,,,,,,,,,,,,,,,,,,,,,,,,,,,,,,,,,,,,,,
PMM.AX,,,,,,,PMM,PIONEER MINERALS LIMITED,Materials,Materials,EQUITY,ASXListedCompanies.csv,,,,,,,,,,,,,,,,,,,,,,,,,,,,,,,,,,,,,,,,,,,,,,,,,,,,,,,,,
PMT.AX,,,,,,,PMT,PMET RESOURCES INC.,Materials,Materials,EQUITY,ASXListedCompanies.csv,,,,,,,,,,,,,,,,,,,,,,,,,,,,,,,,,,,,,,,,,,,,,,,,,,,,,,,,,
PMV.AX,,,,,,,PMV,PREMIER INVESTMENTS LIMITED,Consumer Discretionary,Consumer Discretionary Distribution & Retail,EQUITY,ASXListedCompanies.csv,,,,,,,,,,,,,,,,,,,,,,,,,,,,,,,,,,,,,,,,,,,,,,,,,,,,,,,,,
PNC.AX,,,,,,,PNC,PIONEER CREDIT LIMITED,Financials,Financial Services,EQUITY,ASXListedCompanies.csv,,,,,,,,,,,,,,,,,,,,,,,,,,,,,,,,,,,,,,,,,,,,,,,,,,,,,,,,,
PNI.AX,,,,,,,PNI,PINNACLE INVESTMENT MANAGEMENT GROUP LIMITED,Financials,Financial Services,EQUITY,ASXListedCompanies.csv,,,,,,,,,,,,,,,,,,,,,,,,,,,,,,,,,,,,,,,,,,,,,,,,,,,,,,,,,
PNM.AX,,,,,,,PNM,PACIFIC NICKEL MINES LIMITED,Materials,Materials,EQUITY,ASXListedCompanies.csv,,,,,,,,,,,,,,,,,,,,,,,,,,,,,,,,,,,,,,,,,,,,,,,,,,,,,,,,,
PNN.AX,,,,,,,PNN,POWER MINERALS LIMITED,Materials,Materials,EQUITY,ASXListedCompanies.csv,,,,,,,,,,,,,,,,,,,,,,,,,,,,,,,,,,,,,,,,,,,,,,,,,,,,,,,,,
PNR.AX,,,,,,,PNR,PANTORO GOLD LIMITED,Materials,Materials,EQUITY,ASXListedCompanies.csv,,,,,,,,,,,,,,,,,,,,,,,,,,,,,,,,,,,,,,,,,,,,,,,,,,,,,,,,,
PNT.AX,,,,,,,PNT,PANTHER METALS LTD,Materials,Materials,EQUITY,ASXListedCompanies.csv,,,,,,,,,,,,,,,,,,,,,,,,,,,,,,,,,,,,,,,,,,,,,,,,,,,,,,,,,
PNV.AX,,,,,,,PNV,POLYNOVO LIMITED,Health Care,Health Care Equipment & Services,EQUITY,ASXListedCompanies.csv,,,,,,,,,,,,,,,,,,,,,,,,,,,,,,,,,,,,,,,,,,,,,,,,,,,,,,,,,
POB.AX,,,,,,,POB,PROGRESS 2021-1 TRUST,,Not Applic,EQUITY,ASXListedCompanies.csv,,,,,,,,,,,,,,,,,,,,,,,,,,,,,,,,,,,,,,,,,,,,,,,,,,,,,,,,,
POC.AX,,,,,,,POC,PROGRESS 2022-1 TRUST,,Not Applic,EQUITY,ASXListedCompanies.csv,,,,,,,,,,,,,,,,,,,,,,,,,,,,,,,,,,,,,,,,,,,,,,,,,,,,,,,,,
POD.AX,,,,,,,POD,PODIUM MINERALS LIMITED,Materials,Materials,EQUITY,ASXListedCompanies.csv,,,,,,,,,,,,,,,,,,,,,,,,,,,,,,,,,,,,,,,,,,,,,,,,,,,,,,,,,
POE.AX,,,,,,,POE,PROGRESS 2023-1 TRUST,,Not Applic,EQUITY,ASXListedCompanies.csv,,,,,,,,,,,,,,,,,,,,,,,,,,,,,,,,,,,,,,,,,,,,,,,,,,,,,,,,,
POF.AX,,,,,,,POF,PROGRESS 2022-2 TRUST,,Not Applic,EQUITY,ASXListedCompanies.csv,,,,,,,,,,,,,,,,,,,,,,,,,,,,,,,,,,,,,,,,,,,,,,,,,,,,,,,,,
POG.AX,,,,,,,POG,PROGRESS 2024-1 TRUST,,Not Applic,EQUITY,ASXListedCompanies.csv,,,,,,,,,,,,,,,,,,,,,,,,,,,,,,,,,,,,,,,,,,,,,,,,,,,,,,,,,
POH.AX,,,,,,,POH,PROGRESS 2023-2 TRUST,,Not Applic,EQUITY,ASXListedCompanies.csv,,,,,,,,,,,,,,,,,,,,,,,,,,,,,,,,,,,,,,,,,,,,,,,,,,,,,,,,,
POI.AX,,,,,,,POI,PROGRESS 2025-1 TRUST,,Not Applic,EQUITY,ASXListedCompanies.csv,,,,,,,,,,,,,,,,,,,,,,,,,,,,,,,,,,,,,,,,,,,,,,,,,,,,,,,,,
POL.AX,,,,,,,POL,POLYMETALS RESOURCES LTD,Materials,Materials,EQUITY,ASXListedCompanies.csv,,,,,,,,,,,,,,,,,,,,,,,,,,,,,,,,,,,,,,,,,,,,,,,,,,,,,,,,,
POT.AX,,,,,,,POT,PROGRESS 2017-2 TRUST,,Not Applic,EQUITY,ASXListedCompanies.csv,,,,,,,,,,,,,,,,,,,,,,,,,,,,,,,,,,,,,,,,,,,,,,,,,,,,,,,,,
PPC.AX,,,,,,,PPC,PEET LIMITED,Real Estate,Real Estate Management & Development,EQUITY,ASXListedCompanies.csv,,,,,,,,,,,,,,,,,,,,,,,,,,,,,,,,,,,,,,,,,,,,,,,,,,,,,,,,,
PPE.AX,,,,,,,PPE,PEOPLEIN LIMITED,Industrials,Commercial & Professional Services,EQUITY,ASXListedCompanies.csv,,,,,,,,,,,,,,,,,,,,,,,,,,,,,,,,,,,,,,,,,,,,,,,,,,,,,,,,,
PPG.AX,,,,,,,PPG,PRO-PAC PACKAGING LIMITED,Materials,Materials,EQUITY,ASXListedCompanies.csv,,,,,,,,,,,,,,,,,,,,,,,,,,,,,,,,,,,,,,,,,,,,,,,,,,,,,,,,,
PPK.AX,,,,,,,PPK,PPK GROUP LIMITED,Materials,Materials,EQUITY,ASXListedCompanies.csv,,,,,,,,,,,,,,,,,,,,,,,,,,,,,,,,,,,,,,,,,,,,,,,,,,,,,,,,,
PPL.AX,,,,,,,PPL,PUREPROFILE LTD,Communication Services,Media & Entertainment,EQUITY,ASXListedCompanies.csv,,,,,,,,,,,,,,,,,,,,,,,,,,,,,,,,,,,,,,,,,,,,,,,,,,,,,,,,,
PPM.AX,,,,,,,PPM,PEPPER MONEY LIMITED,Financials,Financial Services,EQUITY,ASXListedCompanies.csv,,,,,,,,,,,,,,,,,,,,,,,,,,,,,,,,,,,,,,,,,,,,,,,,,,,,,,,,,
PPS.AX,,,,,,,PPS,PRAEMIUM LIMITED,Information Technology,Software & Services,EQUITY,ASXListedCompanies.csv,,,,,,,,,,,,,,,,,,,,,,,,,,,,,,,,,,,,,,,,,,,,,,,,,,,,,,,,,
PPT.AX,,,,,,,PPT,PERPETUAL LIMITED,Financials,Financial Services,EQUITY,ASXListedCompanies.csv,,,,,,,,,,,,,,,,,,,,,,,,,,,,,,,,,,,,,,,,,,,,,,,,,,,,,,,,,
PPY.AX,,,,,,,PPY,PAPYRUS AUSTRALIA LIMITED,Materials,Materials,EQUITY,ASXListedCompanies.csv,,,,,,,,,,,,,,,,,,,,,,,,,,,,,,,,,,,,,,,,,,,,,,,,,,,,,,,,,
PR1.AX,,,,,,,PR1,PURE RESOURCES LIMITED,Materials,Materials,EQUITY,ASXListedCompanies.csv,,,,,,,,,,,,,,,,,,,,,,,,,,,,,,,,,,,,,,,,,,,,,,,,,,,,,,,,,
PR2.AX,,,,,,,PR2,PICHE RESOURCES LIMITED,,Not Applic,EQUITY,ASXListedCompanies.csv,,,,,,,,,,,,,,,,,,,,,,,,,,,,,,,,,,,,,,,,,,,,,,,,,,,,,,,,,
PR4.AX,,,,,,,PR4,PEPPER RESIDENTIAL SECURITIES TRUST NO. 40,,Not Applic,EQUITY,ASXListedCompanies.csv,,,,,,,,,,,,,,,,,,,,,,,,,,,,,,,,,,,,,,,,,,,,,,,,,,,,,,,,,
PRG.AX,,,,,,,PRG,PRL GLOBAL LTD,Materials,Materials,EQUITY,ASXListedCompanies.csv,,,,,,,,,,,,,,,,,,,,,,,,,,,,,,,,,,,,,,,,,,,,,,,,,,,,,,,,,
PRM.AX,,,,,,,PRM,PROMINENCE ENERGY LIMITED,Energy,Energy,EQUITY,ASXListedCompanies.csv,,,,,,,,,,,,,,,,,,,,,,,,,,,,,,,,,,,,,,,,,,,,,,,,,,,,,,,,,
PRN.AX,,,,,,,PRN,PERENTI LIMITED,Materials,Materials,EQUITY,ASXListedCompanies.csv,,,,,,,,,,,,,,,,,,,,,,,,,,,,,,,,,,,,,,,,,,,,,,,,,,,,,,,,,
PRO.AX,,,,,,,PRO,PROPHECY INTERNATIONAL HOLDINGS LIMITED,Information Technology,Software & Services,EQUITY,ASXListedCompanies.csv,,,,,,,,,,,,,,,,,,,,,,,,,,,,,,,,,,,,,,,,,,,,,,,,,,,,,,,,,
PRU.AX,,,,,,,PRU,PERSEUS MINING LIMITED,Materials,Materials,EQUITY,ASXListedCompanies.csv,,,,,,,,,,,,,,,,,,,,,,,,,,,,,,,,,,,,,,,,,,,,,,,,,,,,,,,,,
PRX.AX,,,,,,,PRX,PRODIGY GOLD NL,Materials,Materials,EQUITY,ASXListedCompanies.csv,,,,,,,,,,,,,,,,,,,,,,,,,,,,,,,,,,,,,,,,,,,,,,,,,,,,,,,,,
PS2.AX,,,,,,,PS2,PUMA SERIES 2024-2 TRUST,,Not Applic,EQUITY,ASXListedCompanies.csv,,,,,,,,,,,,,,,,,,,,,,,,,,,,,,,,,,,,,,,,,,,,,,,,,,,,,,,,,
PSC.AX,,,,,,,PSC,PROSPECT RESOURCES LIMITED,Materials,Materials,EQUITY,ASXListedCompanies.csv,,,,,,,,,,,,,,,,,,,,,,,,,,,,,,,,,,,,,,,,,,,,,,,,,,,,,,,,,
PSL.AX,,,,,,,PSL,PATERSON RESOURCES LTD,Materials,Materials,EQUITY,ASXListedCompanies.csv,,,,,,,,,,,,,,,,,,,,,,,,,,,,,,,,,,,,,,,,,,,,,,,,,,,,,,,,,
PTL.AX,,,,,,,PTL,PRESTAL HOLDINGS LIMITED,Consumer Staples,Household & Personal Products,EQUITY,ASXListedCompanies.csv,,,,,,,,,,,,,,,,,,,,,,,,,,,,,,,,,,,,,,,,,,,,,,,,,,,,,,,,,
PTN.AX,,,,,,,PTN,PATRONUS RESOURCES LIMITED,Materials,Materials,EQUITY,ASXListedCompanies.csv,,,,,,,,,,,,,,,,,,,,,,,,,,,,,,,,,,,,,,,,,,,,,,,,,,,,,,,,,
PTR.AX,,,,,,,PTR,PTR MINERALS LTD,Materials,Materials,EQUITY,ASXListedCompanies.csv,,,,,,,,,,,,,,,,,,,,,,,,,,,,,,,,,,,,,,,,,,,,,,,,,,,,,,,,,
PTX.AX,,,,,,,PTX,PRESCIENT THERAPEUTICS LIMITED,Health Care,"Pharmaceuticals, Biotechnology & Life Sciences",EQUITY,ASXListedCompanies.csv,,,,,,,,,,,,,,,,,,,,,,,,,,,,,,,,,,,,,,,,,,,,,,,,,,,,,,,,,
PU6.AX,,,,,,,PU6,PEPPER SPARKZ TRUST NO.6,,Not Applic,EQUITY,ASXListedCompanies.csv,,,,,,,,,,,,,,,,,,,,,,,,,,,,,,,,,,,,,,,,,,,,,,,,,,,,,,,,,
PU8.AX,,,,,,,PU8,PEPPER SPARKZ TRUST NO.8,,Not Applic,EQUITY,ASXListedCompanies.csv,,,,,,,,,,,,,,,,,,,,,,,,,,,,,,,,,,,,,,,,,,,,,,,,,,,,,,,,,
PU9.AX,,,,,,,PU9,PEPPER SPARKZ TRUST NO.9,,Not Applic,EQUITY,ASXListedCompanies.csv,,,,,,,,,,,,,,,,,,,,,,,,,,,,,,,,,,,,,,,,,,,,,,,,,,,,,,,,,
PUR.AX,,,,,,,PUR,PURSUIT MINERALS LTD,Materials,Materials,EQUITY,ASXListedCompanies.csv,,,,,,,,,,,,,,,,,,,,,,,,,,,,,,,,,,,,,,,,,,,,,,,,,,,,,,,,,
PUT.AX,,,,,,,PUT,PUMA SERIES 2023-1 TRUST,,Not Applic,EQUITY,ASXListedCompanies.csv,,,,,,,,,,,,,,,,,,,,,,,,,,,,,,,,,,,,,,,,,,,,,,,,,,,,,,,,,
PUU.AX,,,,,,,PUU,PUMA SERIES 2024-1 TRUST,,Not Applic,EQUITY,ASXListedCompanies.csv,,,,,,,,,,,,,,,,,,,,,,,,,,,,,,,,,,,,,,,,,,,,,,,,,,,,,,,,,
PV1.AX,,,,,,,PV1,PROVARIS ENERGY LTD,Energy,Energy,EQUITY,ASXListedCompanies.csv,,,,,,,,,,,,,,,,,,,,,,,,,,,,,,,,,,,,,,,,,,,,,,,,,,,,,,,,,
PVE.AX,,,,,,,PVE,PO VALLEY ENERGY LIMITED,Energy,Energy,EQUITY,ASXListedCompanies.csv,,,,,,,,,,,,,,,,,,,,,,,,,,,,,,,,,,,,,,,,,,,,,,,,,,,,,,,,,
PVL.AX,,,,,,,PVL,POWERHOUSE VENTURES LIMITED,Financials,Financial Services,EQUITY,ASXListedCompanies.csv,,,,,,,,,,,,,,,,,,,,,,,,,,,,,,,,,,,,,,,,,,,,,,,,,,,,,,,,,
PVT.AX,,,,,,,PVT,PIVOTAL METALS LIMITED,Materials,Materials,EQUITY,ASXListedCompanies.csv,,,,,,,,,,,,,,,,,,,,,,,,,,,,,,,,,,,,,,,,,,,,,,,,,,,,,,,,,
PVW.AX,,,,,,,PVW,PVW RESOURCES LIMITED,Materials,Materials,EQUITY,ASXListedCompanies.csv,,,,,,,,,,,,,,,,,,,,,,,,,,,,,,,,,,,,,,,,,,,,,,,,,,,,,,,,,
PWH.AX,,,,,,,PWH,PWR HOLDINGS LIMITED,Consumer Discretionary,Automobiles & Components,EQUITY,ASXListedCompanies.csv,,,,,,,,,,,,,,,,,,,,,,,,,,,,,,,,,,,,,,,,,,,,,,,,,,,,,,,,,
PWN.AX,,,,,,,PWN,PARKWAY CORPORATE LIMITED,Materials,Materials,EQUITY,ASXListedCompanies.csv,,,,,,,,,,,,,,,,,,,,,,,,,,,,,,,,,,,,,,,,,,,,,,,,,,,,,,,,,
PWR.AX,,,,,,,PWR,PETER WARREN AUTOMOTIVE HOLDINGS LIMITED,Consumer Discretionary,Consumer Discretionary Distribution & Retail,EQUITY,ASXListedCompanies.csv,,,,,,,,,,,,,,,,,,,,,,,,,,,,,,,,,,,,,,,,,,,,,,,,,,,,,,,,,
PXA.AX,,,,,,,PXA,PEXA GROUP LIMITED,Real Estate,Real Estate Management & Development,EQUITY,ASXListedCompanies.csv,,,,,,,,,,,,,,,,,,,,,,,,,,,,,,,,,,,,,,,,,,,,,,,,,,,,,,,,,
PXR.AX,,,,,,,PXR,PACIFIC RESOURCES LIMITED,Energy,Energy,EQUITY,ASXListedCompanies.csv,,,,,,,,,,,,,,,,,,,,,,,,,,,,,,,,,,,,,,,,,,,,,,,,,,,,,,,,,
PXX.AX,,,,,,,PXX,POLARX LIMITED,Materials,Materials,EQUITY,ASXListedCompanies.csv,,,,,,,,,,,,,,,,,,,,,,,,,,,,,,,,,,,,,,,,,,,,,,,,,,,,,,,,,
PYC.AX,,,,,,,PYC,PYC THERAPEUTICS LIMITED,Health Care,"Pharmaceuticals, Biotechnology & Life Sciences",EQUITY,ASXListedCompanies.csv,,,,,,,,,,,,,,,,,,,,,,,,,,,,,,,,,,,,,,,,,,,,,,,,,,,,,,,,,
QAL.AX,,,,,,,QAL,QUALITAS LIMITED,Real Estate,Real Estate Management & Development,EQUITY,ASXListedCompanies.csv,,,,,,,,,,,,,,,,,,,,,,,,,,,,,,,,,,,,,,,,,,,,,,,,,,,,,,,,,
QAN.AX,,,,,,,QAN,QANTAS AIRWAYS LIMITED,Industrials,Transportation,EQUITY,ASXListedCompanies.csv,,,,,,,,,,,,,,,,,,,,,,,,,,,,,,,,,,,,,,,,,,,,,,,,,,,,,,,,,
QAU.AX,,,,,,,QAU,Betashares Gold Bullion ETF (Currency Hedged),,Spotlight ETP List,ETF/ETP,ASXInvestmentProductsMonthlyReport,,,,,,,,,,,,,,,,,,,,,,,,,,,,,,,,,,,,,,,,,,,,,,,,,,,,,,,,,
QBE.AX,,,,,,,QBE,QBE INSURANCE GROUP LIMITED,Financials,Insurance,EQUITY,ASXListedCompanies.csv,,,,,,,,,,,,,,,,,,,,,,,,,,,,,,,,,,,,,,,,,,,,,,,,,,,,,,,,,
QBTC.AX,,,,,,,QBTC,Betashares Bitcoin ETF,,Spotlight ETP List,ETF/ETP,ASXInvestmentProductsMonthlyReport,,,,,,,,,,,,,,,,,,,,,,,,,,,,,,,,,,,,,,,,,,,,,,,,,,,,,,,,,
QEM.AX,,,,,,,QEM,QEM LIMITED,Materials,Materials,EQUITY,ASXListedCompanies.csv,,,,,,,,,,,,,,,,,,,,,,,,,,,,,,,,,,,,,,,,,,,,,,,,,,,,,,,,,
QETH.AX,,,,,,,QETH,Betashares Ethereum ETF,,Spotlight ETP List,ETF/ETP,ASXInvestmentProductsMonthlyReport,,,,,,,,,,,,,,,,,,,,,,,,,,,,,,,,,,,,,,,,,,,,,,,,,,,,,,,,,
QFE.AX,,,,,,,QFE,QUICKFEE LIMITED,Financials,Financial Services,EQUITY,ASXListedCompanies.csv,,,,,,,,,,,,,,,,,,,,,,,,,,,,,,,,,,,,,,,,,,,,,,,,,,,,,,,,,
QFN.AX,,,,,,,QFN,Betashares Financials Sector ETF,,Spotlight ETP List,ETF/ETP,ASXInvestmentProductsMonthlyReport,,,,,,,,,,,,,,,,,,,,,,,,,,,,,,,,,,,,,,,,,,,,,,,,,,,,,,,,,
QGFH.AX,,,,,,,QGFH,Quay Global Real Estate Fund (AUD Hedged) Active ETF,,Spotlight ETP List,ETF/ETP,ASXInvestmentProductsMonthlyReport,,,,,,,,,,,,,,,,,,,,,,,,,,,,,,,,,,,,,,,,,,,,,,,,,,,,,,,,,
QGL.AX,,,,,,,QGL,QUANTUM GRAPHITE LIMITED,Materials,Materials,EQUITY,ASXListedCompanies.csv,,,,,,,,,,,,,,,,,,,,,,,,,,,,,,,,,,,,,,,,,,,,,,,,,,,,,,,,,
QGRU.AX,,,,,,,QGRU,Quay Global Real Estate Fund (Unhedged) Active ETF,,Spotlight ETP List,ETF/ETP,ASXInvestmentProductsMonthlyReport,,,,,,,,,,,,,,,,,,,,,,,,,,,,,,,,,,,,,,,,,,,,,,,,,,,,,,,,,
QHAL.AX,,,,,,,QHAL,VanEck MSCI International Quality (AUD Hedged) ETF,,Spotlight ETP List,ETF/ETP,ASXInvestmentProductsMonthlyReport,,,,,,,,,,,,,,,,,,,,,,,,,,,,,,,,,,,,,,,,,,,,,,,,,,,,,,,,,
QHSM.AX,,,,,,,QHSM,VanEck MSCI International Small Companies Quality (AUD Hedged) ETF,,Spotlight ETP List,ETF/ETP,ASXInvestmentProductsMonthlyReport,,,,,,,,,,,,,,,,,,,,,,,,,,,,,,,,,,,,,,,,,,,,,,,,,,,,,,,,,
QLTY.AX,,,,,,,QLTY,Betashares Global Quality Leaders ETF,,Spotlight ETP List,ETF/ETP,ASXInvestmentProductsMonthlyReport,,,,,,,,,,,,,,,,,,,,,,,,,,,,,,,,,,,,,,,,,,,,,,,,,,,,,,,,,
QMAX.AX,,,,,,,QMAX,Betashares Nasdaq 100 Yield Maximiser Complex ETF,,Spotlight ETP List,ETF/ETP,ASXInvestmentProductsMonthlyReport,,,,,,,,,,,,,,,,,,,,,,,,,,,,,,,,,,,,,,,,,,,,,,,,,,,,,,,,,
QMIX.AX,,,,,,,QMIX,SPDR MSCI World Quality Mix ETF,,Spotlight ETP List,ETF/ETP,ASXInvestmentProductsMonthlyReport,,,,,,,,,,,,,,,,,,,,,,,,,,,,,,,,,,,,,,,,,,,,,,,,,,,,,,,,,
QML.AX,,,,,,,QML,QMINES LIMITED,Materials,Materials,EQUITY,ASXListedCompanies.csv,,,,,,,,,,,,,,,,,,,,,,,,,,,,,,,,,,,,,,,,,,,,,,,,,,,,,,,,,
QNB.AX,,,,,,,QNB,QNB FINANCE LTD,,Not Applic,EQUITY,ASXListedCompanies.csv,,,,,,,,,,,,,,,,,,,,,,,,,,,,,,,,,,,,,,,,,,,,,,,,,,,,,,,,,
QNDQ.AX,,,,,,,QNDQ,BetaShares NASDAQ 100 Equal Weight ETF,,Spotlight ETP List,ETF/ETP,ASXInvestmentProductsMonthlyReport,,,,,,,,,,,,,,,,,,,,,,,,,,,,,,,,,,,,,,,,,,,,,,,,,,,,,,,,,
QOR.AX,,,,,,,QOR,QORIA LIMITED,Information Technology,Software & Services,EQUITY,ASXListedCompanies.csv,,,,,,,,,,,,,,,,,,,,,,,,,,,,,,,,,,,,,,,,,,,,,,,,,,,,,,,,,
QOZ.AX,,,,,,,QOZ,Betashares FTSE RAFI Australia 200 ETF,,Spotlight ETP List,ETF/ETP,ASXInvestmentProductsMonthlyReport,,,,,,,,,,,,,,,,,,,,,,,,,,,,,,,,,,,,,,,,,,,,,,,,,,,,,,,,,
QPM.AX,,,,,,,QPM,QPM ENERGY LIMITED,Materials,Materials,EQUITY,ASXListedCompanies.csv,,,,,,,,,,,,,,,,,,,,,,,,,,,,,,,,,,,,,,,,,,,,,,,,,,,,,,,,,
QPON.AX,,,,,,,QPON,Betashares Australian Bank Senior Floating Rate Bond ETF,,Spotlight ETP List,ETF/ETP,ASXInvestmentProductsMonthlyReport,,,,,,,,,,,,,,,,,,,,,,,,,,,,,,,,,,,,,,,,,,,,,,,,,,,,,,,,,
QRE.AX,,,,,,,QRE,Betashares Resources Sector ETF,,Spotlight ETP List,ETF/ETP,ASXInvestmentProductsMonthlyReport,,,,,,,,,,,,,,,,,,,,,,,,,,,,,,,,,,,,,,,,,,,,,,,,,,,,,,,,,
QRI.AX,,,,,,,QRI,QUALITAS REAL ESTATE INCOME FUND,Financials,Financial Services,EQUITY,ASXListedCompanies.csv,,,,,,,,,,,,,,,,,,,,,,,,,,,,,,,,,,,,,,,,,,,,,,,,,,,,,,,,,
QSML.AX,,,,,,,QSML,VanEck MSCI International Small Companies Quality ETF,,Spotlight ETP List,ETF/ETP,ASXInvestmentProductsMonthlyReport,,,,,,,,,,,,,,,,,,,,,,,,,,,,,,,,,,,,,,,,,,,,,,,,,,,,,,,,,
QUAL.AX,,,,,,,QUAL,VanEck MSCI International Quality ETF,,Spotlight ETP List,ETF/ETP,ASXInvestmentProductsMonthlyReport,,,,,,,,,,,,,,,,,,,,,,,,,,,,,,,,,,,,,,,,,,,,,,,,,,,,,,,,,
QUB.AX,,,,,,,QUB,QUBE HOLDINGS LIMITED,Industrials,Transportation,EQUITY,ASXListedCompanies.csv,,,,,,,,,,,,,,,,,,,,,,,,,,,,,,,,,,,,,,,,,,,,,,,,,,,,,,,,,
QUE.AX,,,,,,,QUE,QUESTE COMMUNICATIONS LIMITED,Financials,Financial Services,EQUITY,ASXListedCompanies.csv,,,,,,,,,,,,,,,,,,,,,,,,,,,,,,,,,,,,,,,,,,,,,,,,,,,,,,,,,
QUS.AX,,,,,,,QUS,Betashares S&P 500 Equal Weight ETF,,Spotlight ETP List,ETF/ETP,ASXInvestmentProductsMonthlyReport,,,,,,,,,,,,,,,,,,,,,,,,,,,,,,,,,,,,,,,,,,,,,,,,,,,,,,,,,
QXR.AX,,,,,,,QXR,QX RESOURCES LIMITED,Materials,Materials,EQUITY,ASXListedCompanies.csv,,,,,,,,,,,,,,,,,,,,,,,,,,,,,,,,,,,,,,,,,,,,,,,,,,,,,,,,,
QYLD.AX,,,,,,,QYLD,Global X Nasdaq 100 Covered Call ETF,,Spotlight ETP List,ETF/ETP,ASXInvestmentProductsMonthlyReport,,,,,,,,,,,,,,,,,,,,,,,,,,,,,,,,,,,,,,,,,,,,,,,,,,,,,,,,,
R3AL.AX,,,,,,,R3AL,Martin Currie Real Income Fund – Active ETF,,Spotlight ETP List,ETF/ETP,ASXInvestmentProductsMonthlyReport,,,,,,,,,,,,,,,,,,,,,,,,,,,,,,,,,,,,,,,,,,,,,,,,,,,,,,,,,
R8R.AX,,,,,,,R8R,REGENER8 RESOURCES NL,Materials,Materials,EQUITY,ASXListedCompanies.csv,,,,,,,,,,,,,,,,,,,,,,,,,,,,,,,,,,,,,,,,,,,,,,,,,,,,,,,,,
RA2.AX,,,,,,,RA2,RESIMAC PREMIER SERIES 2020-1,,Not Applic,EQUITY,ASXListedCompanies.csv,,,,,,,,,,,,,,,,,,,,,,,,,,,,,,,,,,,,,,,,,,,,,,,,,,,,,,,,,
RA3.AX,,,,,,,RA3,RESIMAC SERIES 2024-1NC,,Not Applic,EQUITY,ASXListedCompanies.csv,,,,,,,,,,,,,,,,,,,,,,,,,,,,,,,,,,,,,,,,,,,,,,,,,,,,,,,,,
RAC.AX,,,,,,,RAC,RACURA ONCOLOGY LTD,Health Care,"Pharmaceuticals, Biotechnology & Life Sciences",EQUITY,ASXListedCompanies.csv,,,,,,,,,,,,,,,,,,,,,,,,,,,,,,,,,,,,,,,,,,,,,,,,,,,,,,,,,
RAD.AX,,,,,,,RAD,RADIOPHARM THERANOSTICS LIMITED,Health Care,"Pharmaceuticals, Biotechnology & Life Sciences",EQUITY,ASXListedCompanies.csv,,,,,,,,,,,,,,,,,,,,,,,,,,,,,,,,,,,,,,,,,,,,,,,,,,,,,,,,,
RAG.AX,,,,,,,RAG,RAGNAR METALS LIMITED,Materials,Materials,EQUITY,ASXListedCompanies.csv,,,,,,,,,,,,,,,,,,,,,,,,,,,,,,,,,,,,,,,,,,,,,,,,,,,,,,,,,
RAM.AX,,,,,,,RAM,RAM INCOME CAPITAL LTD,,Not Applic,EQUITY,ASXListedCompanies.csv,,,,,,,,,,,,,,,,,,,,,,,,,,,,,,,,,,,,,,,,,,,,,,,,,,,,,,,,,
RAN.AX,,,,,,,RAN,RANGE INTERNATIONAL LIMITED,Materials,Materials,EQUITY,ASXListedCompanies.csv,,,,,,,,,,,,,,,,,,,,,,,,,,,,,,,,,,,,,,,,,,,,,,,,,,,,,,,,,
RAP.AX,,,,,,,RAP,RAPTOR METALS LTD,Materials,Materials,EQUITY,ASXListedCompanies.csv,,,,,,,,,,,,,,,,,,,,,,,,,,,,,,,,,,,,,,,,,,,,,,,,,,,,,,,,,
RARI.AX,,,,,,,RARI,Russell Investments Australian Responsible Investment ETF,,Spotlight ETP List,ETF/ETP,ASXInvestmentProductsMonthlyReport,,,,,,,,,,,,,,,,,,,,,,,,,,,,,,,,,,,,,,,,,,,,,,,,,,,,,,,,,
RAS.AX,,,,,,,RAS,RAGUSA MINERALS LTD,Materials,Materials,EQUITY,ASXListedCompanies.csv,,,,,,,,,,,,,,,,,,,,,,,,,,,,,,,,,,,,,,,,,,,,,,,,,,,,,,,,,
RAU.AX,,,,,,,RAU,RESOURO STRATEGIC METALS INC.,Materials,Materials,EQUITY,ASXListedCompanies.csv,,,,,,,,,,,,,,,,,,,,,,,,,,,,,,,,,,,,,,,,,,,,,,,,,,,,,,,,,
RB6.AX,,,,,,,RB6,RUBIX RESOURCES LIMITED,Materials,Materials,EQUITY,ASXListedCompanies.csv,,,,,,,,,,,,,,,,,,,,,,,,,,,,,,,,,,,,,,,,,,,,,,,,,,,,,,,,,
RBR.AX,,,,,,,RBR,RBR GROUP LIMITED,Materials,Materials,EQUITY,ASXListedCompanies.csv,,,,,,,,,,,,,,,,,,,,,,,,,,,,,,,,,,,,,,,,,,,,,,,,,,,,,,,,,
RBTZ.AX,,,,,,,RBTZ,Betashares Global Robotics and Artificial Intelligence ETF,,Spotlight ETP List,ETF/ETP,ASXInvestmentProductsMonthlyReport,,,,,,,,,,,,,,,,,,,,,,,,,,,,,,,,,,,,,,,,,,,,,,,,,,,,,,,,,
RBX.AX,,,,,,,RBX,RESOURCE BASE LIMITED.,Materials,Materials,EQUITY,ASXListedCompanies.csv,,,,,,,,,,,,,,,,,,,,,,,,,,,,,,,,,,,,,,,,,,,,,,,,,,,,,,,,,
RC1.AX,,,,,,,RC1,REDCASTLE RESOURCES LIMITED,Materials,Materials,EQUITY,ASXListedCompanies.csv,,,,,,,,,,,,,,,,,,,,,,,,,,,,,,,,,,,,,,,,,,,,,,,,,,,,,,,,,
RCAP.AX,,,,,,,RCAP,Resolution Capital Global Property Securities Fund - Active ETF,,Spotlight ETP List,ETF/ETP,ASXInvestmentProductsMonthlyReport,,,,,,,,,,,,,,,,,,,,,,,,,,,,,,,,,,,,,,,,,,,,,,,,,,,,,,,,,
RCB.AX,,,,,,,RCB,Russell Investments Australian Select Corporate Bond ETF,,Spotlight ETP List,ETF/ETP,ASXInvestmentProductsMonthlyReport,,,,,,,,,,,,,,,,,,,,,,,,,,,,,,,,,,,,,,,,,,,,,,,,,,,,,,,,,
RCE.AX,,,,,,,RCE,RECCE PHARMACEUTICALS LTD,Health Care,"Pharmaceuticals, Biotechnology & Life Sciences",EQUITY,ASXListedCompanies.csv,,,,,,,,,,,,,,,,,,,,,,,,,,,,,,,,,,,,,,,,,,,,,,,,,,,,,,,,,
RCL.AX,,,,,,,RCL,READCLOUD LIMITED,Information Technology,Software & Services,EQUITY,ASXListedCompanies.csv,,,,,,,,,,,,,,,,,,,,,,,,,,,,,,,,,,,,,,,,,,,,,,,,,,,,,,,,,
RCM.AX,,,,,,,RCM,RAPID CRITICAL METALS LIMITED,Materials,Materials,EQUITY,ASXListedCompanies.csv,,,,,,,,,,,,,,,,,,,,,,,,,,,,,,,,,,,,,,,,,,,,,,,,,,,,,,,,,
RCR.AX,,,,,,,RCR,RINCON RESOURCES LIMITED,Materials,Materials,EQUITY,ASXListedCompanies.csv,,,,,,,,,,,,,,,,,,,,,,,,,,,,,,,,,,,,,,,,,,,,,,,,,,,,,,,,,
RCT.AX,,,,,,,RCT,REEF CASINO TRUST,Consumer Discretionary,Consumer Services,EQUITY,ASXListedCompanies.csv,,,,,,,,,,,,,,,,,,,,,,,,,,,,,,,,,,,,,,,,,,,,,,,,,,,,,,,,,
RDM.AX,,,,,,,RDM,RED METAL LIMITED,Materials,Materials,EQUITY,ASXListedCompanies.csv,,,,,,,,,,,,,,,,,,,,,,,,,,,,,,,,,,,,,,,,,,,,,,,,,,,,,,,,,
RDN.AX,,,,,,,RDN,RAIDEN RESOURCES LIMITED,Materials,Materials,EQUITY,ASXListedCompanies.csv,,,,,,,,,,,,,,,,,,,,,,,,,,,,,,,,,,,,,,,,,,,,,,,,,,,,,,,,,
RDS.AX,,,,,,,RDS,REDSTONE RESOURCES LIMITED,Materials,Materials,EQUITY,ASXListedCompanies.csv,,,,,,,,,,,,,,,,,,,,,,,,,,,,,,,,,,,,,,,,,,,,,,,,,,,,,,,,,
RDV.AX,,,,,,,RDV,Russell Investments High Dividend Australian Shares ETF,,Spotlight ETP List,ETF/ETP,ASXInvestmentProductsMonthlyReport,,,,,,,,,,,,,,,,,,,,,,,,,,,,,,,,,,,,,,,,,,,,,,,,,,,,,,,,,
RDX.AX,,,,,,,RDX,REDOX LIMITED,Industrials,Capital Goods,EQUITY,ASXListedCompanies.csv,,,,,,,,,,,,,,,,,,,,,,,,,,,,,,,,,,,,,,,,,,,,,,,,,,,,,,,,,
RDY.AX,,,,,,,RDY,READYTECH HOLDINGS LIMITED,Information Technology,Software & Services,EQUITY,ASXListedCompanies.csv,,,,,,,,,,,,,,,,,,,,,,,,,,,,,,,,,,,,,,,,,,,,,,,,,,,,,,,,,
REA.AX,,,,,,,REA,REA GROUP LTD,Communication Services,Media & Entertainment,EQUITY,ASXListedCompanies.csv,,,,,,,,,,,,,,,,,,,,,,,,,,,,,,,,,,,,,,,,,,,,,,,,,,,,,,,,,
REC.AX,,,,,,,REC,RECHARGE METALS LIMITED,Materials,Materials,EQUITY,ASXListedCompanies.csv,,,,,,,,,,,,,,,,,,,,,,,,,,,,,,,,,,,,,,,,,,,,,,,,,,,,,,,,,
REE.AX,,,,,,,REE,RAREX LIMITED,Materials,Materials,EQUITY,ASXListedCompanies.csv,,,,,,,,,,,,,,,,,,,,,,,,,,,,,,,,,,,,,,,,,,,,,,,,,,,,,,,,,
REG.AX,,,,,,,REG,REGIS HEALTHCARE LIMITED,Health Care,Health Care Equipment & Services,EQUITY,ASXListedCompanies.csv,,,,,,,,,,,,,,,,,,,,,,,,,,,,,,,,,,,,,,,,,,,,,,,,,,,,,,,,,
REH.AX,,,,,,,REH,REECE LIMITED,Industrials,Capital Goods,EQUITY,ASXListedCompanies.csv,,,,,,,,,,,,,,,,,,,,,,,,,,,,,,,,,,,,,,,,,,,,,,,,,,,,,,,,,
REIT.AX,,,,,,,REIT,VanEck FTSE International Property (Hedged) ETF,,Spotlight ETP List,ETF/ETP,ASXInvestmentProductsMonthlyReport,,,,,,,,,,,,,,,,,,,,,,,,,,,,,,,,,,,,,,,,,,,,,,,,,,,,,,,,,
REM.AX,,,,,,,REM,REMSENSE TECHNOLOGIES LIMITED,Industrials,Capital Goods,EQUITY,ASXListedCompanies.csv,,,,,,,,,,,,,,,,,,,,,,,,,,,,,,,,,,,,,,,,,,,,,,,,,,,,,,,,,
REP.AX,,,,,,,REP,RAM ESSENTIAL SERVICES PROPERTY FUND,Real Estate,Equity Real Estate Investment Trusts (REITs),EQUITY,ASXListedCompanies.csv,,,,,,,,,,,,,,,,,,,,,,,,,,,,,,,,,,,,,,,,,,,,,,,,,,,,,,,,,
REV.AX,,,,,,,REV,REVOLUTION PRIVATE CREDIT INCOME TRUST,,Not Applic,EQUITY,ASXListedCompanies.csv,,,,,,,,,,,,,,,,,,,,,,,,,,,,,,,,,,,,,,,,,,,,,,,,,,,,,,,,,
REZ.AX,,,,,,,REZ,RESOURCES & ENERGY GROUP LIMITED,Materials,Materials,EQUITY,ASXListedCompanies.csv,,,,,,,,,,,,,,,,,,,,,,,,,,,,,,,,,,,,,,,,,,,,,,,,,,,,,,,,,
RF1.AX,,,,,,,RF1,REGAL INVESTMENT FUND,,Not Applic,EQUITY,ASXListedCompanies.csv,,,,,,,,,,,,,,,,,,,,,,,,,,,,,,,,,,,,,,,,,,,,,,,,,,,,,,,,,
RFF.AX,,,,,,,RFF,RURAL FUNDS GROUP,Real Estate,Equity Real Estate Investment Trusts (REITs),EQUITY,ASXListedCompanies.csv,,,,,,,,,,,,,,,,,,,,,,,,,,,,,,,,,,,,,,,,,,,,,,,,,,,,,,,,,
RFG.AX,,,,,,,RFG,RETAIL FOOD GROUP LIMITED,Consumer Discretionary,Consumer Services,EQUITY,ASXListedCompanies.csv,,,,,,,,,,,,,,,,,,,,,,,,,,,,,,,,,,,,,,,,,,,,,,,,,,,,,,,,,
RFT.AX,,,,,,,RFT,RECTIFIER TECHNOLOGIES LTD,Industrials,Capital Goods,EQUITY,ASXListedCompanies.csv,,,,,,,,,,,,,,,,,,,,,,,,,,,,,,,,,,,,,,,,,,,,,,,,,,,,,,,,,
RG1.AX,,,,,,,RG1,REGAL PARTNERS GLOBAL INVESTMENTS LIMITED,,Not Applic,EQUITY,ASXListedCompanies.csv,,,,,,,,,,,,,,,,,,,,,,,,,,,,,,,,,,,,,,,,,,,,,,,,,,,,,,,,,
RG8.AX,,,,,,,RG8,REGAL ASIAN INVESTMENTS LIMITED,,Not Applic,EQUITY,ASXListedCompanies.csv,,,,,,,,,,,,,,,,,,,,,,,,,,,,,,,,,,,,,,,,,,,,,,,,,,,,,,,,,
RGB.AX,,,,,,,RGB,Russell Investments Australian Government Bond ETF,,Spotlight ETP List,ETF/ETP,ASXInvestmentProductsMonthlyReport,,,,,,,,,,,,,,,,,,,,,,,,,,,,,,,,,,,,,,,,,,,,,,,,,,,,,,,,,
RGL.AX,,,,,,,RGL,RIVERSGOLD LIMITED,Materials,Materials,EQUITY,ASXListedCompanies.csv,,,,,,,,,,,,,,,,,,,,,,,,,,,,,,,,,,,,,,,,,,,,,,,,,,,,,,,,,
RGN.AX,,,,,,,RGN,REGION GROUP,Real Estate,Equity Real Estate Investment Trusts (REITs),EQUITY,ASXListedCompanies.csv,,,,,,,,,,,,,,,,,,,,,,,,,,,,,,,,,,,,,,,,,,,,,,,,,,,,,,,,,
RGOS.AX,,,,,,,RGOS,Russell Sust Global Opportunities Complex ETF,,Spotlight ETP List,ETF/ETP,ASXInvestmentProductsMonthlyReport,,,,,,,,,,,,,,,,,,,,,,,,,,,,,,,,,,,,,,,,,,,,,,,,,,,,,,,,,
RGT.AX,,,,,,,RGT,ARGENT BIOPHARMA LIMITED,Health Care,"Pharmaceuticals, Biotechnology & Life Sciences",EQUITY,ASXListedCompanies.csv,,,,,,,,,,,,,,,,,,,,,,,,,,,,,,,,,,,,,,,,,,,,,,,,,,,,,,,,,
RHC.AX,,,,,,,RHC,RAMSAY HEALTH CARE LIMITED,Health Care,Health Care Equipment & Services,EQUITY,ASXListedCompanies.csv,,,,,,,,,,,,,,,,,,,,,,,,,,,,,,,,,,,,,,,,,,,,,,,,,,,,,,,,,
RHI.AX,,,,,,,RHI,RED HILL MINERALS LIMITED,Materials,Materials,EQUITY,ASXListedCompanies.csv,,,,,,,,,,,,,,,,,,,,,,,,,,,,,,,,,,,,,,,,,,,,,,,,,,,,,,,,,
RHT.AX,,,,,,,RHT,RESONANCE HEALTH LIMITED,Health Care,Health Care Equipment & Services,EQUITY,ASXListedCompanies.csv,,,,,,,,,,,,,,,,,,,,,,,,,,,,,,,,,,,,,,,,,,,,,,,,,,,,,,,,,
RHY.AX,,,,,,,RHY,RHYTHM BIOSCIENCES LIMITED,Health Care,Health Care Equipment & Services,EQUITY,ASXListedCompanies.csv,,,,,,,,,,,,,,,,,,,,,,,,,,,,,,,,,,,,,,,,,,,,,,,,,,,,,,,,,
RIC.AX,,,,,,,RIC,RIDLEY CORPORATION LIMITED,Consumer Staples,"Food, Beverage & Tobacco",EQUITY,ASXListedCompanies.csv,,,,,,,,,,,,,,,,,,,,,,,,,,,,,,,,,,,,,,,,,,,,,,,,,,,,,,,,,
RIE.AX,,,,,,,RIE,RIEDEL RESOURCES LIMITED,Materials,Materials,EQUITY,ASXListedCompanies.csv,,,,,,,,,,,,,,,,,,,,,,,,,,,,,,,,,,,,,,,,,,,,,,,,,,,,,,,,,
RIIF.AX,,,,,,,RIIF,Resolution Capital Global Listed Infrastructure Fund – Active ETF,,Spotlight ETP List,ETF/ETP,ASXInvestmentProductsMonthlyReport,,,,,,,,,,,,,,,,,,,,,,,,,,,,,,,,,,,,,,,,,,,,,,,,,,,,,,,,,
RIL.AX,,,,,,,RIL,REDIVIUM LIMITED,Materials,Materials,EQUITY,ASXListedCompanies.csv,,,,,,,,,,,,,,,,,,,,,,,,,,,,,,,,,,,,,,,,,,,,,,,,,,,,,,,,,
RIM.AX,,,,,,,RIM,RIMFIRE PACIFIC MINING LIMITED,Materials,Materials,EQUITY,ASXListedCompanies.csv,,,,,,,,,,,,,,,,,,,,,,,,,,,,,,,,,,,,,,,,,,,,,,,,,,,,,,,,,
RIO.AX,,,,,,,RIO,RIO TINTO LIMITED,Materials,Materials,EQUITY,ASXListedCompanies.csv,,,,,,,,,,,,,,,,,,,,,,,,,,,,,,,,,,,,,,,,,,,,,,,,,,,,,,,,,
RIV.AX,,,,,,,RIV,RIVCO AUSTRALIA LTD,Utilities,Utilities,EQUITY,ASXListedCompanies.csv,,,,,,,,,,,,,,,,,,,,,,,,,,,,,,,,,,,,,,,,,,,,,,,,,,,,,,,,,
RKB.AX,,,,,,,RKB,ROKEBY RESOURCES LIMITED,Materials,Materials,EQUITY,ASXListedCompanies.csv,,,,,,,,,,,,,,,,,,,,,,,,,,,,,,,,,,,,,,,,,,,,,,,,,,,,,,,,,
RKN.AX,,,,,,,RKN,RECKON LIMITED,Information Technology,Software & Services,EQUITY,ASXListedCompanies.csv,,,,,,,,,,,,,,,,,,,,,,,,,,,,,,,,,,,,,,,,,,,,,,,,,,,,,,,,,
RKT.AX,,,,,,,RKT,ROCKETDNA LTD.,Information Technology,Technology Hardware & Equipment,EQUITY,ASXListedCompanies.csv,,,,,,,,,,,,,,,,,,,,,,,,,,,,,,,,,,,,,,,,,,,,,,,,,,,,,,,,,
RLC.AX,,,,,,,RLC,REEDY LAGOON CORPORATION LIMITED,Materials,Materials,EQUITY,ASXListedCompanies.csv,,,,,,,,,,,,,,,,,,,,,,,,,,,,,,,,,,,,,,,,,,,,,,,,,,,,,,,,,
RLF.AX,,,,,,,RLF,RLF AGTECH LTD,Materials,Materials,EQUITY,ASXListedCompanies.csv,,,,,,,,,,,,,,,,,,,,,,,,,,,,,,,,,,,,,,,,,,,,,,,,,,,,,,,,,
RLG.AX,,,,,,,RLG,ROOLIFE GROUP LTD,Communication Services,Media & Entertainment,EQUITY,ASXListedCompanies.csv,,,,,,,,,,,,,,,,,,,,,,,,,,,,,,,,,,,,,,,,,,,,,,,,,,,,,,,,,
RLM02.AX,,,,,,,RLM02,Realm Cash Plus Fund - mFund Units,,Spotlight mFund List,ETF/ETP,ASXInvestmentProductsMonthlyReport,,,,,,,,,,,,,,,,,,,,,,,,,,,,,,,,,,,,,,,,,,,,,,,,,,,,,,,,,
RLM03.AX,,,,,,,RLM03,Realm High Income Fund - mFund Units,,Spotlight mFund List,ETF/ETP,ASXInvestmentProductsMonthlyReport,,,,,,,,,,,,,,,,,,,,,,,,,,,,,,,,,,,,,,,,,,,,,,,,,,,,,,,,,
RM1.AX,,,,,,,RM1,NATIONAL RMBS TRUST 2024-1,,Not Applic,EQUITY,ASXListedCompanies.csv,,,,,,,,,,,,,,,,,,,,,,,,,,,,,,,,,,,,,,,,,,,,,,,,,,,,,,,,,
RMBS.AX,,,,,,,RMBS,VanEck Australian RMBS ETF,,Spotlight ETP List,ETF/ETP,ASXInvestmentProductsMonthlyReport,,,,,,,,,,,,,,,,,,,,,,,,,,,,,,,,,,,,,,,,,,,,,,,,,,,,,,,,,
RMC.AX,,,,,,,RMC,RESIMAC GROUP LTD,Financials,Financial Services,EQUITY,ASXListedCompanies.csv,,,,,,,,,,,,,,,,,,,,,,,,,,,,,,,,,,,,,,,,,,,,,,,,,,,,,,,,,
RMD.AX,,,,,,,RMD,RESMED INC,Health Care,Health Care Equipment & Services,EQUITY,ASXListedCompanies.csv,,,,,,,,,,,,,,,,,,,,,,,,,,,,,,,,,,,,,,,,,,,,,,,,,,,,,,,,,
RMI.AX,,,,,,,RMI,RESOURCE MINERALS INTERNATIONAL LTD,Materials,Materials,EQUITY,ASXListedCompanies.csv,,,,,,,,,,,,,,,,,,,,,,,,,,,,,,,,,,,,,,,,,,,,,,,,,,,,,,,,,
RML.AX,,,,,,,RML,RESOLUTION MINERALS LTD,Materials,Materials,EQUITY,ASXListedCompanies.csv,,,,,,,,,,,,,,,,,,,,,,,,,,,,,,,,,,,,,,,,,,,,,,,,,,,,,,,,,
RMS.AX,,,,,,,RMS,RAMELIUS RESOURCES LIMITED,Materials,Materials,EQUITY,ASXListedCompanies.csv,,,,,,,,,,,,,,,,,,,,,,,,,,,,,,,,,,,,,,,,,,,,,,,,,,,,,,,,,
RMX.AX,,,,,,,RMX,RED MOUNTAIN MINING LIMITED,Materials,Materials,EQUITY,ASXListedCompanies.csv,,,,,,,,,,,,,,,,,,,,,,,,,,,,,,,,,,,,,,,,,,,,,,,,,,,,,,,,,
RMY.AX,,,,,,,RMY,RMA GLOBAL LIMITED,Communication Services,Media & Entertainment,EQUITY,ASXListedCompanies.csv,,,,,,,,,,,,,,,,,,,,,,,,,,,,,,,,,,,,,,,,,,,,,,,,,,,,,,,,,
RND.AX,,,,,,,RND,RAND MINING LIMITED,Materials,Materials,EQUITY,ASXListedCompanies.csv,,,,,,,,,,,,,,,,,,,,,,,,,,,,,,,,,,,,,,,,,,,,,,,,,,,,,,,,,
RNT.AX,,,,,,,RNT,RENT.COM.AU LIMITED,Communication Services,Media & Entertainment,EQUITY,ASXListedCompanies.csv,,,,,,,,,,,,,,,,,,,,,,,,,,,,,,,,,,,,,,,,,,,,,,,,,,,,,,,,,
RNU.AX,,,,,,,RNU,RENASCOR RESOURCES LIMITED,Materials,Materials,EQUITY,ASXListedCompanies.csv,,,,,,,,,,,,,,,,,,,,,,,,,,,,,,,,,,,,,,,,,,,,,,,,,,,,,,,,,
RNV.AX,,,,,,,RNV,RENERVE LIMITED,Health Care,Health Care Equipment & Services,EQUITY,ASXListedCompanies.csv,,,,,,,,,,,,,,,,,,,,,,,,,,,,,,,,,,,,,,,,,,,,,,,,,,,,,,,,,
RNX.AX,,,,,,,RNX,RENEGADE EXPLORATION LIMITED,Materials,Materials,EQUITY,ASXListedCompanies.csv,,,,,,,,,,,,,,,,,,,,,,,,,,,,,,,,,,,,,,,,,,,,,,,,,,,,,,,,,
ROBO.AX,,,,,,,ROBO,Global X ROBO Global Robotics & Automation ETF,,Spotlight ETP List,ETF/ETP,ASXInvestmentProductsMonthlyReport,,,,,,,,,,,,,,,,,,,,,,,,,,,,,,,,,,,,,,,,,,,,,,,,,,,,,,,,,
ROC.AX,,,,,,,ROC,ROCKETBOOTS LIMITED,Information Technology,Software & Services,EQUITY,ASXListedCompanies.csv,,,,,,,,,,,,,,,,,,,,,,,,,,,,,,,,,,,,,,,,,,,,,,,,,,,,,,,,,
ROG.AX,,,,,,,ROG,RED SKY ENERGY LIMITED.,Energy,Energy,EQUITY,ASXListedCompanies.csv,,,,,,,,,,,,,,,,,,,,,,,,,,,,,,,,,,,,,,,,,,,,,,,,,,,,,,,,,
RON.AX,,,,,,,RON,RONIN RESOURCES LTD,Materials,Materials,EQUITY,ASXListedCompanies.csv,,,,,,,,,,,,,,,,,,,,,,,,,,,,,,,,,,,,,,,,,,,,,,,,,,,,,,,,,
ROYL.AX,,,,,,,ROYL,Betashares Global Royalties ETF,,Spotlight ETP List,ETF/ETP,ASXInvestmentProductsMonthlyReport,,,,,,,,,,,,,,,,,,,,,,,,,,,,,,,,,,,,,,,,,,,,,,,,,,,,,,,,,
RPL.AX,,,,,,,RPL,REGAL PARTNERS LIMITED,Financials,Financial Services,EQUITY,ASXListedCompanies.csv,,,,,,,,,,,,,,,,,,,,,,,,,,,,,,,,,,,,,,,,,,,,,,,,,,,,,,,,,
RPM.AX,,,,,,,RPM,RPM AUTOMOTIVE GROUP LIMITED,Consumer Discretionary,Automobiles & Components,EQUITY,ASXListedCompanies.csv,,,,,,,,,,,,,,,,,,,,,,,,,,,,,,,,,,,,,,,,,,,,,,,,,,,,,,,,,
RR1.AX,,,,,,,RR1,REACH RESOURCES LIMITED,Materials,Materials,EQUITY,ASXListedCompanies.csv,,,,,,,,,,,,,,,,,,,,,,,,,,,,,,,,,,,,,,,,,,,,,,,,,,,,,,,,,
RRE.AX,,,,,,,RRE,RIGHT RESOURCES LIMITED,Materials,Materials,EQUITY,ASXListedCompanies.csv,,,,,,,,,,,,,,,,,,,,,,,,,,,,,,,,,,,,,,,,,,,,,,,,,,,,,,,,,
RRL.AX,,,,,,,RRL,REGIS RESOURCES LIMITED,Materials,Materials,EQUITY,ASXListedCompanies.csv,,,,,,,,,,,,,,,,,,,,,,,,,,,,,,,,,,,,,,,,,,,,,,,,,,,,,,,,,
RRR.AX,,,,,,,RRR,REVOLVER RESOURCES HOLDINGS LTD,Materials,Materials,EQUITY,ASXListedCompanies.csv,,,,,,,,,,,,,,,,,,,,,,,,,,,,,,,,,,,,,,,,,,,,,,,,,,,,,,,,,
RSG.AX,,,,,,,RSG,RESOLUTE MINING LIMITED,Materials,Materials,EQUITY,ASXListedCompanies.csv,,,,,,,,,,,,,,,,,,,,,,,,,,,,,,,,,,,,,,,,,,,,,,,,,,,,,,,,,
RSM.AX,,,,,,,RSM,Russell Investments Australian Semi-Government Bond ETF,,Spotlight ETP List,ETF/ETP,ASXInvestmentProductsMonthlyReport,,,,,,,,,,,,,,,,,,,,,,,,,,,,,,,,,,,,,,,,,,,,,,,,,,,,,,,,,
RSSL.AX,,,,,,,RSSL,Global X Russell 2000 ETF,,Spotlight ETP List,ETF/ETP,ASXInvestmentProductsMonthlyReport,,,,,,,,,,,,,,,,,,,,,,,,,,,,,,,,,,,,,,,,,,,,,,,,,,,,,,,,,
RTG.AX,,,,,,,RTG,RTG MINING INC.,Materials,Materials,EQUITY,ASXListedCompanies.csv,,,,,,,,,,,,,,,,,,,,,,,,,,,,,,,,,,,,,,,,,,,,,,,,,,,,,,,,,
RTH.AX,,,,,,,RTH,RAS TECHNOLOGY HOLDINGS LIMITED,Industrials,Commercial & Professional Services,EQUITY,ASXListedCompanies.csv,,,,,,,,,,,,,,,,,,,,,,,,,,,,,,,,,,,,,,,,,,,,,,,,,,,,,,,,,
RTR.AX,,,,,,,RTR,RUMBLE RESOURCES LIMITED,Materials,Materials,EQUITY,ASXListedCompanies.csv,,,,,,,,,,,,,,,,,,,,,,,,,,,,,,,,,,,,,,,,,,,,,,,,,,,,,,,,,
RUL.AX,,,,,,,RUL,RPMGLOBAL HOLDINGS LIMITED,Information Technology,Software & Services,EQUITY,ASXListedCompanies.csv,,,,,,,,,,,,,,,,,,,,,,,,,,,,,,,,,,,,,,,,,,,,,,,,,,,,,,,,,
RVT.AX,,,,,,,RVT,RICHMOND VANADIUM TECHNOLOGY LIMITED,Materials,Materials,EQUITY,ASXListedCompanies.csv,,,,,,,,,,,,,,,,,,,,,,,,,,,,,,,,,,,,,,,,,,,,,,,,,,,,,,,,,
RWC.AX,,,,,,,RWC,RELIANCE WORLDWIDE CORPORATION LIMITED,Industrials,Capital Goods,EQUITY,ASXListedCompanies.csv,,,,,,,,,,,,,,,,,,,,,,,,,,,,,,,,,,,,,,,,,,,,,,,,,,,,,,,,,
RWD.AX,,,,,,,RWD,REWARD MINERALS LTD,Materials,Materials,EQUITY,ASXListedCompanies.csv,,,,,,,,,,,,,,,,,,,,,,,,,,,,,,,,,,,,,,,,,,,,,,,,,,,,,,,,,
RWL.AX,,,,,,,RWL,RUBICON WATER LIMITED,Information Technology,Technology Hardware & Equipment,EQUITY,ASXListedCompanies.csv,,,,,,,,,,,,,,,,,,,,,,,,,,,,,,,,,,,,,,,,,,,,,,,,,,,,,,,,,
RXL.AX,,,,,,,RXL,ROX RESOURCES LIMITED,Materials,Materials,EQUITY,ASXListedCompanies.csv,,,,,,,,,,,,,,,,,,,,,,,,,,,,,,,,,,,,,,,,,,,,,,,,,,,,,,,,,
RXR.AX,,,,,,,RXR,ROBEX RESOURCES INC.,Materials,Materials,EQUITY,ASXListedCompanies.csv,,,,,,,,,,,,,,,,,,,,,,,,,,,,,,,,,,,,,,,,,,,,,,,,,,,,,,,,,
RYD.AX,,,,,,,RYD,RYDER CAPITAL LIMITED,,Not Applic,EQUITY,ASXListedCompanies.csv,,,,,,,,,,,,,,,,,,,,,,,,,,,,,,,,,,,,,,,,,,,,,,,,,,,,,,,,,
RYM.AX,,,,,,,RYM,RYMAN HEALTHCARE LIMITED,Health Care,Health Care Equipment & Services,EQUITY,ASXListedCompanies.csv,,,,,,,,,,,,,,,,,,,,,,,,,,,,,,,,,,,,,,,,,,,,,,,,,,,,,,,,,
RZI.AX,,,,,,,RZI,RAIZ INVEST LIMITED,Financials,Financial Services,EQUITY,ASXListedCompanies.csv,,,,,,,,,,,,,,,,,,,,,,,,,,,,,,,,,,,,,,,,,,,,,,,,,,,,,,,,,
S2R.AX,,,,,,,S2R,S2 RESOURCES LTD,Materials,Materials,EQUITY,ASXListedCompanies.csv,,,,,,,,,,,,,,,,,,,,,,,,,,,,,,,,,,,,,,,,,,,,,,,,,,,,,,,,,
S32.AX,,,,,,,S32,SOUTH32 LIMITED,Materials,Materials,EQUITY,ASXListedCompanies.csv,,,,,,,,,,,,,,,,,,,,,,,,,,,,,,,,,,,,,,,,,,,,,,,,,,,,,,,,,
S3GO.AX,,,,,,,S3GO,Firetrail S3 Global Opportunities Fund - Active ETF,,Spotlight ETP List,ETF/ETP,ASXInvestmentProductsMonthlyReport,,,,,,,,,,,,,,,,,,,,,,,,,,,,,,,,,,,,,,,,,,,,,,,,,,,,,,,,,
S66.AX,,,,,,,S66,STAR COMBO PHARMA LIMITED,Consumer Staples,Household & Personal Products,EQUITY,ASXListedCompanies.csv,,,,,,,,,,,,,,,,,,,,,,,,,,,,,,,,,,,,,,,,,,,,,,,,,,,,,,,,,
SAN.AX,,,,,,,SAN,SAGALIO ENERGY LIMITED,Energy,Energy,EQUITY,ASXListedCompanies.csv,,,,,,,,,,,,,,,,,,,,,,,,,,,,,,,,,,,,,,,,,,,,,,,,,,,,,,,,,
SB2.AX,,,,,,,SB2,SALTER BROTHERS EMERGING COMPANIES LIMITED,,Not Applic,EQUITY,ASXListedCompanies.csv,,,,,,,,,,,,,,,,,,,,,,,,,,,,,,,,,,,,,,,,,,,,,,,,,,,,,,,,,
SBM.AX,,,,,,,SBM,ST BARBARA LIMITED,Materials,Materials,EQUITY,ASXListedCompanies.csv,,,,,,,,,,,,,,,,,,,,,,,,,,,,,,,,,,,,,,,,,,,,,,,,,,,,,,,,,
SBR.AX,,,,,,,SBR,SABRE RESOURCES LIMITED,Materials,Materials,EQUITY,ASXListedCompanies.csv,,,,,,,,,,,,,,,,,,,,,,,,,,,,,,,,,,,,,,,,,,,,,,,,,,,,,,,,,
SC1.AX,,,,,,,SC1,"SHINHAN CARD CO., LTD.",,Not Applic,EQUITY,ASXListedCompanies.csv,,,,,,,,,,,,,,,,,,,,,,,,,,,,,,,,,,,,,,,,,,,,,,,,,,,,,,,,,
SCA.AX,,,,,,,SCA,SCENTRE GROUP TRUST 1 AND SCENTRE GROUP TRUST 2,,Not Applic,EQUITY,ASXListedCompanies.csv,,,,,,,,,,,,,,,,,,,,,,,,,,,,,,,,,,,,,,,,,,,,,,,,,,,,,,,,,
SCG.AX,,,,,,,SCG,SCENTRE GROUP,Real Estate,Equity Real Estate Investment Trusts (REITs),EQUITY,ASXListedCompanies.csv,,,,,,,,,,,,,,,,,,,,,,,,,,,,,,,,,,,,,,,,,,,,,,,,,,,,,,,,,
SCN.AX,,,,,,,SCN,SCORPION MINERALS LIMITED,Materials,Materials,EQUITY,ASXListedCompanies.csv,,,,,,,,,,,,,,,,,,,,,,,,,,,,,,,,,,,,,,,,,,,,,,,,,,,,,,,,,
SCP.AX,,,,,,,SCP,SCALARE PARTNERS HOLDINGS LIMITED,Financials,Financial Services,EQUITY,ASXListedCompanies.csv,,,,,,,,,,,,,,,,,,,,,,,,,,,,,,,,,,,,,,,,,,,,,,,,,,,,,,,,,
SCT.AX,,,,,,,SCT,SCOUT SECURITY LIMITED,Consumer Discretionary,Consumer Services,EQUITY,ASXListedCompanies.csv,,,,,,,,,,,,,,,,,,,,,,,,,,,,,,,,,,,,,,,,,,,,,,,,,,,,,,,,,
SCW.AX,,,,,,,SCW,SCENTRE GROUP TRUST 1,Real Estate,Equity Real Estate Investment Trusts (REITs),EQUITY,ASXListedCompanies.csv,,,,,,,,,,,,,,,,,,,,,,,,,,,,,,,,,,,,,,,,,,,,,,,,,,,,,,,,,
SDF.AX,,,,,,,SDF,STEADFAST GROUP LIMITED,Financials,Insurance,EQUITY,ASXListedCompanies.csv,,,,,,,,,,,,,,,,,,,,,,,,,,,,,,,,,,,,,,,,,,,,,,,,,,,,,,,,,
SDI.AX,,,,,,,SDI,SDI LIMITED,Health Care,Health Care Equipment & Services,EQUITY,ASXListedCompanies.csv,,,,,,,,,,,,,,,,,,,,,,,,,,,,,,,,,,,,,,,,,,,,,,,,,,,,,,,,,
SDR.AX,,,,,,,SDR,SITEMINDER LIMITED,Information Technology,Software & Services,EQUITY,ASXListedCompanies.csv,,,,,,,,,,,,,,,,,,,,,,,,,,,,,,,,,,,,,,,,,,,,,,,,,,,,,,,,,
SDV.AX,,,,,,,SDV,SCIDEV LTD,Materials,Materials,EQUITY,ASXListedCompanies.csv,,,,,,,,,,,,,,,,,,,,,,,,,,,,,,,,,,,,,,,,,,,,,,,,,,,,,,,,,
SEA.AX,,,,,,,SEA,SEA FOREST LIMITED,Consumer Staples,"Food, Beverage & Tobacco",EQUITY,ASXListedCompanies.csv,,,,,,,,,,,,,,,,,,,,,,,,,,,,,,,,,,,,,,,,,,,,,,,,,,,,,,,,,
SEC.AX,,,,,,,SEC,SPHERIA EMERGING COMPANIES LIMITED,,Not Applic,EQUITY,ASXListedCompanies.csv,,,,,,,,,,,,,,,,,,,,,,,,,,,,,,,,,,,,,,,,,,,,,,,,,,,,,,,,,
SEG.AX,,,,,,,SEG,SPORTS ENTERTAINMENT GROUP LIMITED,Communication Services,Media & Entertainment,EQUITY,ASXListedCompanies.csv,,,,,,,,,,,,,,,,,,,,,,,,,,,,,,,,,,,,,,,,,,,,,,,,,,,,,,,,,
SEK.AX,,,,,,,SEK,SEEK LIMITED,Communication Services,Media & Entertainment,EQUITY,ASXListedCompanies.csv,,,,,,,,,,,,,,,,,,,,,,,,,,,,,,,,,,,,,,,,,,,,,,,,,,,,,,,,,
SEMI.AX,,,,,,,SEMI,Global X Semiconductor ETF,,Spotlight ETP List,ETF/ETP,ASXInvestmentProductsMonthlyReport,,,,,,,,,,,,,,,,,,,,,,,,,,,,,,,,,,,,,,,,,,,,,,,,,,,,,,,,,
SEN.AX,,,,,,,SEN,SENETAS CORPORATION LIMITED,Information Technology,Technology Hardware & Equipment,EQUITY,ASXListedCompanies.csv,,,,,,,,,,,,,,,,,,,,,,,,,,,,,,,,,,,,,,,,,,,,,,,,,,,,,,,,,
SEQ.AX,,,,,,,SEQ,SEQUOIA FINANCIAL GROUP LTD,Financials,Financial Services,EQUITY,ASXListedCompanies.csv,,,,,,,,,,,,,,,,,,,,,,,,,,,,,,,,,,,,,,,,,,,,,,,,,,,,,,,,,
SER.AX,,,,,,,SER,STRATEGIC ENERGY RESOURCES LIMITED,Materials,Materials,EQUITY,ASXListedCompanies.csv,,,,,,,,,,,,,,,,,,,,,,,,,,,,,,,,,,,,,,,,,,,,,,,,,,,,,,,,,
SFC.AX,,,,,,,SFC,SCHAFFER CORPORATION LIMITED,Consumer Discretionary,Automobiles & Components,EQUITY,ASXListedCompanies.csv,,,,,,,,,,,,,,,,,,,,,,,,,,,,,,,,,,,,,,,,,,,,,,,,,,,,,,,,,
SFG.AX,,,,,,,SFG,SEAFARMS GROUP LIMITED,Consumer Staples,"Food, Beverage & Tobacco",EQUITY,ASXListedCompanies.csv,,,,,,,,,,,,,,,,,,,,,,,,,,,,,,,,,,,,,,,,,,,,,,,,,,,,,,,,,
SFIF.AX,,,,,,,SFIF,Seed Financial Income Fund Active ETF,,Spotlight ETP List,ETF/ETP,ASXInvestmentProductsMonthlyReport,,,,,,,,,,,,,,,,,,,,,,,,,,,,,,,,,,,,,,,,,,,,,,,,,,,,,,,,,
SFM.AX,,,,,,,SFM,SANTA FE MINERALS LTD,Materials,Materials,EQUITY,ASXListedCompanies.csv,,,,,,,,,,,,,,,,,,,,,,,,,,,,,,,,,,,,,,,,,,,,,,,,,,,,,,,,,
SFR.AX,,,,,,,SFR,SANDFIRE RESOURCES LIMITED,Materials,Materials,EQUITY,ASXListedCompanies.csv,,,,,,,,,,,,,,,,,,,,,,,,,,,,,,,,,,,,,,,,,,,,,,,,,,,,,,,,,
SFV.AX,,,,,,,SFV,SANTOS FINANCE LIMITED,,Not Applic,EQUITY,ASXListedCompanies.csv,,,,,,,,,,,,,,,,,,,,,,,,,,,,,,,,,,,,,,,,,,,,,,,,,,,,,,,,,
SFX.AX,,,,,,,SFX,SHEFFIELD RESOURCES LIMITED,Materials,Materials,EQUITY,ASXListedCompanies.csv,,,,,,,,,,,,,,,,,,,,,,,,,,,,,,,,,,,,,,,,,,,,,,,,,,,,,,,,,
SFY.AX,,,,,,,SFY,STATE STREET SPDR S&P/ASX 50 ETF,,Not Applic,EQUITY,ASXListedCompanies.csv,,,,,,,,,,,,,,,,,,,,,,,,,,,,,,,,,,,,,,,,,,,,,,,,,,,,,,,,,
SGA.AX,,,,,,,SGA,SARYTOGAN GRAPHITE LIMITED,Materials,Materials,EQUITY,ASXListedCompanies.csv,,,,,,,,,,,,,,,,,,,,,,,,,,,,,,,,,,,,,,,,,,,,,,,,,,,,,,,,,
SGH.AX,,,,,,,SGH,SGH LIMITED,Industrials,Capital Goods,EQUITY,ASXListedCompanies.csv,,,,,,,,,,,,,,,,,,,,,,,,,,,,,,,,,,,,,,,,,,,,,,,,,,,,,,,,,
SGI.AX,,,,,,,SGI,STEALTH GROUP HOLDINGS LTD,Industrials,Capital Goods,EQUITY,ASXListedCompanies.csv,,,,,,,,,,,,,,,,,,,,,,,,,,,,,,,,,,,,,,,,,,,,,,,,,,,,,,,,,
SGL.AX,,,,,,,SGL,RICEGROWERS LIMITED,Consumer Staples,"Food, Beverage & Tobacco",EQUITY,ASXListedCompanies.csv,,,,,,,,,,,,,,,,,,,,,,,,,,,,,,,,,,,,,,,,,,,,,,,,,,,,,,,,,
SGM.AX,,,,,,,SGM,SIMS LIMITED,Materials,Materials,EQUITY,ASXListedCompanies.csv,,,,,,,,,,,,,,,,,,,,,,,,,,,,,,,,,,,,,,,,,,,,,,,,,,,,,,,,,
SGP.AX,,,,,,,SGP,STOCKLAND,Real Estate,Equity Real Estate Investment Trusts (REITs),EQUITY,ASXListedCompanies.csv,,,,,,,,,,,,,,,,,,,,,,,,,,,,,,,,,,,,,,,,,,,,,,,,,,,,,,,,,
SGQ.AX,,,,,,,SGQ,ST GEORGE MINING LIMITED,Materials,Materials,EQUITY,ASXListedCompanies.csv,,,,,,,,,,,,,,,,,,,,,,,,,,,,,,,,,,,,,,,,,,,,,,,,,,,,,,,,,
SGR.AX,,,,,,,SGR,THE STAR ENTERTAINMENT GROUP LIMITED,Consumer Discretionary,Consumer Services,EQUITY,ASXListedCompanies.csv,,,,,,,,,,,,,,,,,,,,,,,,,,,,,,,,,,,,,,,,,,,,,,,,,,,,,,,,,
SHA.AX,,,,,,,SHA,SHAPE AUSTRALIA CORPORATION LIMITED,Industrials,Capital Goods,EQUITY,ASXListedCompanies.csv,,,,,,,,,,,,,,,,,,,,,,,,,,,,,,,,,,,,,,,,,,,,,,,,,,,,,,,,,
SHE.AX,,,,,,,SHE,STONEHORSE ENERGY LIMITED,Energy,Energy,EQUITY,ASXListedCompanies.csv,,,,,,,,,,,,,,,,,,,,,,,,,,,,,,,,,,,,,,,,,,,,,,,,,,,,,,,,,
SHF02.AX,,,,,,,SHF02,SGH ICE,,Spotlight mFund List,ETF/ETP,ASXInvestmentProductsMonthlyReport,,,,,,,,,,,,,,,,,,,,,,,,,,,,,,,,,,,,,,,,,,,,,,,,,,,,,,,,,
SHF05.AX,,,,,,,SHF05,SGH LaSalle Global Listed Property Securities,,Spotlight mFund List,ETF/ETP,ASXInvestmentProductsMonthlyReport,,,,,,,,,,,,,,,,,,,,,,,,,,,,,,,,,,,,,,,,,,,,,,,,,,,,,,,,,
SHF06.AX,,,,,,,SHF06,SGH LaSalle Global Property Rich,,Spotlight mFund List,ETF/ETP,ASXInvestmentProductsMonthlyReport,,,,,,,,,,,,,,,,,,,,,,,,,,,,,,,,,,,,,,,,,,,,,,,,,,,,,,,,,
SHG.AX,,,,,,,SHG,SINGULAR HEALTH GROUP LTD,Health Care,Health Care Equipment & Services,EQUITY,ASXListedCompanies.csv,,,,,,,,,,,,,,,,,,,,,,,,,,,,,,,,,,,,,,,,,,,,,,,,,,,,,,,,,
SHJ.AX,,,,,,,SHJ,SHINE JUSTICE LTD,Consumer Discretionary,Consumer Services,EQUITY,ASXListedCompanies.csv,,,,,,,,,,,,,,,,,,,,,,,,,,,,,,,,,,,,,,,,,,,,,,,,,,,,,,,,,
SHL.AX,,,,,,,SHL,SONIC HEALTHCARE LIMITED,Health Care,Health Care Equipment & Services,EQUITY,ASXListedCompanies.csv,,,,,,,,,,,,,,,,,,,,,,,,,,,,,,,,,,,,,,,,,,,,,,,,,,,,,,,,,
SHM.AX,,,,,,,SHM,SHRIRO HOLDINGS LIMITED,Consumer Discretionary,Consumer Durables & Apparel,EQUITY,ASXListedCompanies.csv,,,,,,,,,,,,,,,,,,,,,,,,,,,,,,,,,,,,,,,,,,,,,,,,,,,,,,,,,
SHN.AX,,,,,,,SHN,SUNSHINE METALS LIMITED,Materials,Materials,EQUITY,ASXListedCompanies.csv,,,,,,,,,,,,,,,,,,,,,,,,,,,,,,,,,,,,,,,,,,,,,,,,,,,,,,,,,
SHO.AX,,,,,,,SHO,SPORTSHERO LIMITED,Communication Services,Media & Entertainment,EQUITY,ASXListedCompanies.csv,,,,,,,,,,,,,,,,,,,,,,,,,,,,,,,,,,,,,,,,,,,,,,,,,,,,,,,,,
SHP.AX,,,,,,,SHP,SOUTH HARZ POTASH LTD,Materials,Materials,EQUITY,ASXListedCompanies.csv,,,,,,,,,,,,,,,,,,,,,,,,,,,,,,,,,,,,,,,,,,,,,,,,,,,,,,,,,
SHV.AX,,,,,,,SHV,SELECT HARVESTS LIMITED,Consumer Staples,"Food, Beverage & Tobacco",EQUITY,ASXListedCompanies.csv,,,,,,,,,,,,,,,,,,,,,,,,,,,,,,,,,,,,,,,,,,,,,,,,,,,,,,,,,
SHZ.AX,,,,,,,SHZ,SHINHAN BANK.,,Not Applic,EQUITY,ASXListedCompanies.csv,,,,,,,,,,,,,,,,,,,,,,,,,,,,,,,,,,,,,,,,,,,,,,,,,,,,,,,,,
SIG.AX,,,,,,,SIG,SIGMA HEALTHCARE LIMITED,Health Care,Health Care Equipment & Services,EQUITY,ASXListedCompanies.csv,,,,,,,,,,,,,,,,,,,,,,,,,,,,,,,,,,,,,,,,,,,,,,,,,,,,,,,,,
SIO.AX,,,,,,,SIO,SIMONDS GROUP LIMITED,Consumer Discretionary,Consumer Durables & Apparel,EQUITY,ASXListedCompanies.csv,,,,,,,,,,,,,,,,,,,,,,,,,,,,,,,,,,,,,,,,,,,,,,,,,,,,,,,,,
SIQ.AX,,,,,,,SIQ,SMARTGROUP CORPORATION LTD,Industrials,Commercial & Professional Services,EQUITY,ASXListedCompanies.csv,,,,,,,,,,,,,,,,,,,,,,,,,,,,,,,,,,,,,,,,,,,,,,,,,,,,,,,,,
SIS.AX,,,,,,,SIS,SIMBLE SOLUTIONS LIMITED,Information Technology,Software & Services,EQUITY,ASXListedCompanies.csv,,,,,,,,,,,,,,,,,,,,,,,,,,,,,,,,,,,,,,,,,,,,,,,,,,,,,,,,,
SIV.AX,,,,,,,SIV,SIV CAPITAL LIMITED,Industrials,Capital Goods,EQUITY,ASXListedCompanies.csv,,,,,,,,,,,,,,,,,,,,,,,,,,,,,,,,,,,,,,,,,,,,,,,,,,,,,,,,,
SIX.AX,,,,,,,SIX,SPRINTEX LIMITED,Consumer Discretionary,Automobiles & Components,EQUITY,ASXListedCompanies.csv,,,,,,,,,,,,,,,,,,,,,,,,,,,,,,,,,,,,,,,,,,,,,,,,,,,,,,,,,
SKC.AX,,,,,,,SKC,SKYCITY ENTERTAINMENT GROUP LIMITED,Consumer Discretionary,Consumer Services,EQUITY,ASXListedCompanies.csv,,,,,,,,,,,,,,,,,,,,,,,,,,,,,,,,,,,,,,,,,,,,,,,,,,,,,,,,,
SKE01.AX,,,,,,,SKE01,Skerryvore Global Emerging Marekts All-Cap Equity Fund,,Spotlight mFund List,ETF/ETP,ASXInvestmentProductsMonthlyReport,,,,,,,,,,,,,,,,,,,,,,,,,,,,,,,,,,,,,,,,,,,,,,,,,,,,,,,,,
SKK.AX,,,,,,,SKK,STAKK LIMITED,Communication Services,Telecommunication Services,EQUITY,ASXListedCompanies.csv,,,,,,,,,,,,,,,,,,,,,,,,,,,,,,,,,,,,,,,,,,,,,,,,,,,,,,,,,
SKM.AX,,,,,,,SKM,SKYLARK MINERALS LIMITED,Materials,Materials,EQUITY,ASXListedCompanies.csv,,,,,,,,,,,,,,,,,,,,,,,,,,,,,,,,,,,,,,,,,,,,,,,,,,,,,,,,,
SKN.AX,,,,,,,SKN,SKIN ELEMENTS LIMITED,Consumer Staples,Household & Personal Products,EQUITY,ASXListedCompanies.csv,,,,,,,,,,,,,,,,,,,,,,,,,,,,,,,,,,,,,,,,,,,,,,,,,,,,,,,,,
SKO.AX,,,,,,,SKO,SERKO LIMITED,Information Technology,Software & Services,EQUITY,ASXListedCompanies.csv,,,,,,,,,,,,,,,,,,,,,,,,,,,,,,,,,,,,,,,,,,,,,,,,,,,,,,,,,
SKS.AX,,,,,,,SKS,SKS TECHNOLOGIES GROUP LIMITED,Industrials,Capital Goods,EQUITY,ASXListedCompanies.csv,,,,,,,,,,,,,,,,,,,,,,,,,,,,,,,,,,,,,,,,,,,,,,,,,,,,,,,,,
SKT.AX,,,,,,,SKT,SKY NETWORK TELEVISION LIMITED.,Communication Services,Media & Entertainment,EQUITY,ASXListedCompanies.csv,,,,,,,,,,,,,,,,,,,,,,,,,,,,,,,,,,,,,,,,,,,,,,,,,,,,,,,,,
SKUK.AX,,,,,,,SKUK,Hejaz Sukuk Active ETF,,Spotlight ETP List,ETF/ETP,ASXInvestmentProductsMonthlyReport,,,,,,,,,,,,,,,,,,,,,,,,,,,,,,,,,,,,,,,,,,,,,,,,,,,,,,,,,
SKY.AX,,,,,,,SKY,SKY METALS LIMITED,Materials,Materials,EQUITY,ASXListedCompanies.csv,,,,,,,,,,,,,,,,,,,,,,,,,,,,,,,,,,,,,,,,,,,,,,,,,,,,,,,,,
SLA.AX,,,,,,,SLA,SOLARA MINERALS LTD,Materials,Materials,EQUITY,ASXListedCompanies.csv,,,,,,,,,,,,,,,,,,,,,,,,,,,,,,,,,,,,,,,,,,,,,,,,,,,,,,,,,
SLB.AX,,,,,,,SLB,STELAR METALS LIMITED,Materials,Materials,EQUITY,ASXListedCompanies.csv,,,,,,,,,,,,,,,,,,,,,,,,,,,,,,,,,,,,,,,,,,,,,,,,,,,,,,,,,
SLC.AX,,,,,,,SLC,SUPERLOOP LIMITED,Communication Services,Telecommunication Services,EQUITY,ASXListedCompanies.csv,,,,,,,,,,,,,,,,,,,,,,,,,,,,,,,,,,,,,,,,,,,,,,,,,,,,,,,,,
SLD.AX,,,,,,,SLD,"SALUDA MEDICAL, INC.",Health Care,Health Care Equipment & Services,EQUITY,ASXListedCompanies.csv,,,,,,,,,,,,,,,,,,,,,,,,,,,,,,,,,,,,,,,,,,,,,,,,,,,,,,,,,
SLF.AX,,,,,,,SLF,STATE STREET SPDR S&P/ASX 200 LISTED PROPERTY ETF,,Not Applic,EQUITY,ASXListedCompanies.csv,,,,,,,,,,,,,,,,,,,,,,,,,,,,,,,,,,,,,,,,,,,,,,,,,,,,,,,,,
SLM.AX,,,,,,,SLM,SOLIS MINERALS LIMITED,Materials,Materials,EQUITY,ASXListedCompanies.csv,,,,,,,,,,,,,,,,,,,,,,,,,,,,,,,,,,,,,,,,,,,,,,,,,,,,,,,,,
SLS.AX,,,,,,,SLS,SOLSTICE MINERALS LIMITED,Materials,Materials,EQUITY,ASXListedCompanies.csv,,,,,,,,,,,,,,,,,,,,,,,,,,,,,,,,,,,,,,,,,,,,,,,,,,,,,,,,,
SLX.AX,,,,,,,SLX,SILEX SYSTEMS LIMITED,Industrials,Capital Goods,EQUITY,ASXListedCompanies.csv,,,,,,,,,,,,,,,,,,,,,,,,,,,,,,,,,,,,,,,,,,,,,,,,,,,,,,,,,
SLZ.AX,,,,,,,SLZ,SULTAN RESOURCES LTD,Materials,Materials,EQUITY,ASXListedCompanies.csv,,,,,,,,,,,,,,,,,,,,,,,,,,,,,,,,,,,,,,,,,,,,,,,,,,,,,,,,,
SM1.AX,,,,,,,SM1,SYNLAIT MILK LIMITED,Consumer Staples,"Food, Beverage & Tobacco",EQUITY,ASXListedCompanies.csv,,,,,,,,,,,,,,,,,,,,,,,,,,,,,,,,,,,,,,,,,,,,,,,,,,,,,,,,,
SMI.AX,,,,,,,SMI,SANTANA MINERALS LIMITED,Materials,Materials,EQUITY,ASXListedCompanies.csv,,,,,,,,,,,,,,,,,,,,,,,,,,,,,,,,,,,,,,,,,,,,,,,,,,,,,,,,,
SMLL.AX,,,,,,,SMLL,Betashares Australian Small Companies Select ETF,,Spotlight ETP List,ETF/ETP,ASXInvestmentProductsMonthlyReport,,,,,,,,,,,,,,,,,,,,,,,,,,,,,,,,,,,,,,,,,,,,,,,,,,,,,,,,,
SMM.AX,,,,,,,SMM,SOMERSET MINERALS LIMITED,Materials,Materials,EQUITY,ASXListedCompanies.csv,,,,,,,,,,,,,,,,,,,,,,,,,,,,,,,,,,,,,,,,,,,,,,,,,,,,,,,,,
SMN.AX,,,,,,,SMN,STRUCTURAL MONITORING SYSTEMS PLC,Information Technology,Technology Hardware & Equipment,EQUITY,ASXListedCompanies.csv,,,,,,,,,,,,,,,,,,,,,,,,,,,,,,,,,,,,,,,,,,,,,,,,,,,,,,,,,
SMR.AX,,,,,,,SMR,STANMORE RESOURCES LIMITED,Materials,Materials,EQUITY,ASXListedCompanies.csv,,,,,,,,,,,,,,,,,,,,,,,,,,,,,,,,,,,,,,,,,,,,,,,,,,,,,,,,,
SMS.AX,,,,,,,SMS,STAR MINERALS LIMITED,Materials,Materials,EQUITY,ASXListedCompanies.csv,,,,,,,,,,,,,,,,,,,,,,,,,,,,,,,,,,,,,,,,,,,,,,,,,,,,,,,,,
SMX.AX,,,,,,,SMX,STRATA MINERALS LIMITED.,Materials,Materials,EQUITY,ASXListedCompanies.csv,,,,,,,,,,,,,,,,,,,,,,,,,,,,,,,,,,,,,,,,,,,,,,,,,,,,,,,,,
SN8.AX,,,,,,,SN8,SECURELINK NETWORKS LIMITED,Information Technology,Software & Services,EQUITY,ASXListedCompanies.csv,,,,,,,,,,,,,,,,,,,,,,,,,,,,,,,,,,,,,,,,,,,,,,,,,,,,,,,,,
SNAS.AX,,,,,,,SNAS,Global X Ultra Short Nasdaq 100 Complex ETF,,Spotlight ETP List,ETF/ETP,ASXInvestmentProductsMonthlyReport,,,,,,,,,,,,,,,,,,,,,,,,,,,,,,,,,,,,,,,,,,,,,,,,,,,,,,,,,
SNC.AX,,,,,,,SNC,SANDON CAPITAL INVESTMENTS LIMITED,,Not Applic,EQUITY,ASXListedCompanies.csv,,,,,,,,,,,,,,,,,,,,,,,,,,,,,,,,,,,,,,,,,,,,,,,,,,,,,,,,,
SND.AX,,,,,,,SND,SAUNDERS INTERNATIONAL LIMITED,Industrials,Capital Goods,EQUITY,ASXListedCompanies.csv,,,,,,,,,,,,,,,,,,,,,,,,,,,,,,,,,,,,,,,,,,,,,,,,,,,,,,,,,
SNG.AX,,,,,,,SNG,SIREN GOLD LIMITED,Materials,Materials,EQUITY,ASXListedCompanies.csv,,,,,,,,,,,,,,,,,,,,,,,,,,,,,,,,,,,,,,,,,,,,,,,,,,,,,,,,,
SNL.AX,,,,,,,SNL,SUPPLY NETWORK LIMITED,Consumer Discretionary,Consumer Discretionary Distribution & Retail,EQUITY,ASXListedCompanies.csv,,,,,,,,,,,,,,,,,,,,,,,,,,,,,,,,,,,,,,,,,,,,,,,,,,,,,,,,,
SNM.AX,,,,,,,SNM,SENTINEL METALS LIMITED,Materials,Materials,EQUITY,ASXListedCompanies.csv,,,,,,,,,,,,,,,,,,,,,,,,,,,,,,,,,,,,,,,,,,,,,,,,,,,,,,,,,
SNS.AX,,,,,,,SNS,SENSEN NETWORKS LIMITED,Information Technology,Software & Services,EQUITY,ASXListedCompanies.csv,,,,,,,,,,,,,,,,,,,,,,,,,,,,,,,,,,,,,,,,,,,,,,,,,,,,,,,,,
SNT.AX,,,,,,,SNT,SYNTARA LIMITED,Health Care,"Pharmaceuticals, Biotechnology & Life Sciences",EQUITY,ASXListedCompanies.csv,,,,,,,,,,,,,,,,,,,,,,,,,,,,,,,,,,,,,,,,,,,,,,,,,,,,,,,,,
SNX.AX,,,,,,,SNX,SIERRA NEVADA GOLD INC.,Materials,Materials,EQUITY,ASXListedCompanies.csv,,,,,,,,,,,,,,,,,,,,,,,,,,,,,,,,,,,,,,,,,,,,,,,,,,,,,,,,,
SNZ.AX,,,,,,,SNZ,SUMMERSET GROUP HOLDINGS LIMITED,Health Care,Health Care Equipment & Services,EQUITY,ASXListedCompanies.csv,,,,,,,,,,,,,,,,,,,,,,,,,,,,,,,,,,,,,,,,,,,,,,,,,,,,,,,,,
SOC.AX,,,,,,,SOC,SOCO CORPORATION LTD,Information Technology,Software & Services,EQUITY,ASXListedCompanies.csv,,,,,,,,,,,,,,,,,,,,,,,,,,,,,,,,,,,,,,,,,,,,,,,,,,,,,,,,,
SOL.AX,,,,,,,SOL,WASHINGTON H. SOUL PATTINSON AND COMPANY LIMITED,Financials,Financial Services,EQUITY,ASXListedCompanies.csv,,,,,,,,,,,,,,,,,,,,,,,,,,,,,,,,,,,,,,,,,,,,,,,,,,,,,,,,,
SOM.AX,,,,,,,SOM,SOMNOMED LIMITED,Health Care,Health Care Equipment & Services,EQUITY,ASXListedCompanies.csv,,,,,,,,,,,,,,,,,,,,,,,,,,,,,,,,,,,,,,,,,,,,,,,,,,,,,,,,,
SOP.AX,,,,,,,SOP,SYNERTEC CORPORATION LIMITED,Industrials,Commercial & Professional Services,EQUITY,ASXListedCompanies.csv,,,,,,,,,,,,,,,,,,,,,,,,,,,,,,,,,,,,,,,,,,,,,,,,,,,,,,,,,
SOR.AX,,,,,,,SOR,STRATEGIC ELEMENTS LIMITED,Financials,Financial Services,EQUITY,ASXListedCompanies.csv,,,,,,,,,,,,,,,,,,,,,,,,,,,,,,,,,,,,,,,,,,,,,,,,,,,,,,,,,
SP3.AX,,,,,,,SP3,SPECTUR LIMITED,Information Technology,Technology Hardware & Equipment,EQUITY,ASXListedCompanies.csv,,,,,,,,,,,,,,,,,,,,,,,,,,,,,,,,,,,,,,,,,,,,,,,,,,,,,,,,,
SP4.AX,,,,,,,SP4,SAPPHIRE XXIX SERIES 2024-1 TRUST,,Not Applic,EQUITY,ASXListedCompanies.csv,,,,,,,,,,,,,,,,,,,,,,,,,,,,,,,,,,,,,,,,,,,,,,,,,,,,,,,,,
SP5.AX,,,,,,,SP5,SAPPHIRE XXX SERIES 2024-2 TRUST,,Not Applic,EQUITY,ASXListedCompanies.csv,,,,,,,,,,,,,,,,,,,,,,,,,,,,,,,,,,,,,,,,,,,,,,,,,,,,,,,,,
SP6.AX,,,,,,,SP6,SAPPHIRE XXXI SERIES 2024-3 TRUST,,Not Applic,EQUITY,ASXListedCompanies.csv,,,,,,,,,,,,,,,,,,,,,,,,,,,,,,,,,,,,,,,,,,,,,,,,,,,,,,,,,
SP8.AX,,,,,,,SP8,STREAMPLAY STUDIO LIMITED,Communication Services,Media & Entertainment,EQUITY,ASXListedCompanies.csv,,,,,,,,,,,,,,,,,,,,,,,,,,,,,,,,,,,,,,,,,,,,,,,,,,,,,,,,,
SPA.AX,,,,,,,SPA,SPACETALK LTD,Information Technology,Software & Services,EQUITY,ASXListedCompanies.csv,,,,,,,,,,,,,,,,,,,,,,,,,,,,,,,,,,,,,,,,,,,,,,,,,,,,,,,,,
SPD.AX,,,,,,,SPD,SOUTHERN PALLADIUM LIMITED,Materials,Materials,EQUITY,ASXListedCompanies.csv,,,,,,,,,,,,,,,,,,,,,,,,,,,,,,,,,,,,,,,,,,,,,,,,,,,,,,,,,
SPG.AX,,,,,,,SPG,SPC GLOBAL HOLDINGS LTD,Consumer Staples,"Food, Beverage & Tobacco",EQUITY,ASXListedCompanies.csv,,,,,,,,,,,,,,,,,,,,,,,,,,,,,,,,,,,,,,,,,,,,,,,,,,,,,,,,,
SPK.AX,,,,,,,SPK,SPARK NEW ZEALAND LIMITED,Communication Services,Telecommunication Services,EQUITY,ASXListedCompanies.csv,,,,,,,,,,,,,,,,,,,,,,,,,,,,,,,,,,,,,,,,,,,,,,,,,,,,,,,,,
SPL.AX,,,,,,,SPL,STARPHARMA HOLDINGS LIMITED,Health Care,"Pharmaceuticals, Biotechnology & Life Sciences",EQUITY,ASXListedCompanies.csv,,,,,,,,,,,,,,,,,,,,,,,,,,,,,,,,,,,,,,,,,,,,,,,,,,,,,,,,,
SPM02.AX,,,,,,,SPM02,Spheria Australian Smaller Companies Fund,,Spotlight mFund List,ETF/ETP,ASXInvestmentProductsMonthlyReport,,,,,,,,,,,,,,,,,,,,,,,,,,,,,,,,,,,,,,,,,,,,,,,,,,,,,,,,,
SPN.AX,,,,,,,SPN,SPARC TECHNOLOGIES LIMITED,Materials,Materials,EQUITY,ASXListedCompanies.csv,,,,,,,,,,,,,,,,,,,,,,,,,,,,,,,,,,,,,,,,,,,,,,,,,,,,,,,,,
SPP.AX,,,,,,,SPP,STONEPEAK-PLUS INFRA DEBT LIMITED,,Not Applic,EQUITY,ASXListedCompanies.csv,,,,,,,,,,,,,,,,,,,,,,,,,,,,,,,,,,,,,,,,,,,,,,,,,,,,,,,,,
SPQ.AX,,,,,,,SPQ,SUPERIOR RESOURCES LIMITED,Materials,Materials,EQUITY,ASXListedCompanies.csv,,,,,,,,,,,,,,,,,,,,,,,,,,,,,,,,,,,,,,,,,,,,,,,,,,,,,,,,,
SPX.AX,,,,,,,SPX,SPENDA LIMITED,Information Technology,Software & Services,EQUITY,ASXListedCompanies.csv,,,,,,,,,,,,,,,,,,,,,,,,,,,,,,,,,,,,,,,,,,,,,,,,,,,,,,,,,
SPY.AX,,,,,,,SPY,SPDR S&P 500 ETF,,Spotlight ETP List,ETF/ETP,ASXInvestmentProductsMonthlyReport,,,,,,,,,,,,,,,,,,,,,,,,,,,,,,,,,,,,,,,,,,,,,,,,,,,,,,,,,
SPZ.AX,,,,,,,SPZ,SMART PARKING LIMITED,Industrials,Commercial & Professional Services,EQUITY,ASXListedCompanies.csv,,,,,,,,,,,,,,,,,,,,,,,,,,,,,,,,,,,,,,,,,,,,,,,,,,,,,,,,,
SQX.AX,,,,,,,SQX,SQX RESOURCES LIMITED,Materials,Materials,EQUITY,ASXListedCompanies.csv,,,,,,,,,,,,,,,,,,,,,,,,,,,,,,,,,,,,,,,,,,,,,,,,,,,,,,,,,
SRG.AX,,,,,,,SRG,SRG GLOBAL LIMITED,Industrials,Capital Goods,EQUITY,ASXListedCompanies.csv,,,,,,,,,,,,,,,,,,,,,,,,,,,,,,,,,,,,,,,,,,,,,,,,,,,,,,,,,
SRH.AX,,,,,,,SRH,SAFEROADS HOLDINGS LIMITED,Industrials,Transportation,EQUITY,ASXListedCompanies.csv,,,,,,,,,,,,,,,,,,,,,,,,,,,,,,,,,,,,,,,,,,,,,,,,,,,,,,,,,
SRJ.AX,,,,,,,SRJ,SRJ TECHNOLOGIES GROUP PLC,Energy,Energy,EQUITY,ASXListedCompanies.csv,,,,,,,,,,,,,,,,,,,,,,,,,,,,,,,,,,,,,,,,,,,,,,,,,,,,,,,,,
SRK.AX,,,,,,,SRK,STRIKE RESOURCES LIMITED,Materials,Materials,EQUITY,ASXListedCompanies.csv,,,,,,,,,,,,,,,,,,,,,,,,,,,,,,,,,,,,,,,,,,,,,,,,,,,,,,,,,
SRL.AX,,,,,,,SRL,SUNRISE ENERGY METALS LIMITED,Materials,Materials,EQUITY,ASXListedCompanies.csv,,,,,,,,,,,,,,,,,,,,,,,,,,,,,,,,,,,,,,,,,,,,,,,,,,,,,,,,,
SRN.AX,,,,,,,SRN,SUREFIRE RESOURCES NL,Materials,Materials,EQUITY,ASXListedCompanies.csv,,,,,,,,,,,,,,,,,,,,,,,,,,,,,,,,,,,,,,,,,,,,,,,,,,,,,,,,,
SRR.AX,,,,,,,SRR,SARAMA RESOURCES LTD,Materials,Materials,EQUITY,ASXListedCompanies.csv,,,,,,,,,,,,,,,,,,,,,,,,,,,,,,,,,,,,,,,,,,,,,,,,,,,,,,,,,
SRT.AX,,,,,,,SRT,STRATA INVESTMENT HOLDINGS PLC,Materials,Materials,EQUITY,ASXListedCompanies.csv,,,,,,,,,,,,,,,,,,,,,,,,,,,,,,,,,,,,,,,,,,,,,,,,,,,,,,,,,
SRV.AX,,,,,,,SRV,SERVCORP LIMITED,Real Estate,Real Estate Management & Development,EQUITY,ASXListedCompanies.csv,,,,,,,,,,,,,,,,,,,,,,,,,,,,,,,,,,,,,,,,,,,,,,,,,,,,,,,,,
SRZ.AX,,,,,,,SRZ,STELLAR RESOURCES LIMITED,Materials,Materials,EQUITY,ASXListedCompanies.csv,,,,,,,,,,,,,,,,,,,,,,,,,,,,,,,,,,,,,,,,,,,,,,,,,,,,,,,,,
SS1.AX,,,,,,,SS1,SUN SILVER LIMITED,Materials,Materials,EQUITY,ASXListedCompanies.csv,,,,,,,,,,,,,,,,,,,,,,,,,,,,,,,,,,,,,,,,,,,,,,,,,,,,,,,,,
SSG.AX,,,,,,,SSG,SHAVER SHOP GROUP LIMITED,Consumer Discretionary,Consumer Discretionary Distribution & Retail,EQUITY,ASXListedCompanies.csv,,,,,,,,,,,,,,,,,,,,,,,,,,,,,,,,,,,,,,,,,,,,,,,,,,,,,,,,,
SSH.AX,,,,,,,SSH,SSH GROUP LTD,Energy,Energy,EQUITY,ASXListedCompanies.csv,,,,,,,,,,,,,,,,,,,,,,,,,,,,,,,,,,,,,,,,,,,,,,,,,,,,,,,,,
SSL.AX,,,,,,,SSL,SIETEL LIMITED,Real Estate,Real Estate Management & Development,EQUITY,ASXListedCompanies.csv,,,,,,,,,,,,,,,,,,,,,,,,,,,,,,,,,,,,,,,,,,,,,,,,,,,,,,,,,
SSM.AX,,,,,,,SSM,SERVICE STREAM LIMITED,Industrials,Capital Goods,EQUITY,ASXListedCompanies.csv,,,,,,,,,,,,,,,,,,,,,,,,,,,,,,,,,,,,,,,,,,,,,,,,,,,,,,,,,
SSO.AX,,,,,,,SSO,SPDR S&P/ASX Small Ordinaries ETF,,Spotlight ETP List,ETF/ETP,ASXInvestmentProductsMonthlyReport,,,,,,,,,,,,,,,,,,,,,,,,,,,,,,,,,,,,,,,,,,,,,,,,,,,,,,,,,
SST.AX,,,,,,,SST,STEAMSHIPS TRADING COMPANY LIMITED,Industrials,Capital Goods,EQUITY,ASXListedCompanies.csv,,,,,,,,,,,,,,,,,,,,,,,,,,,,,,,,,,,,,,,,,,,,,,,,,,,,,,,,,
STG.AX,,,,,,,STG,STRAKER LIMITED,Communication Services,Media & Entertainment,EQUITY,ASXListedCompanies.csv,,,,,,,,,,,,,,,,,,,,,,,,,,,,,,,,,,,,,,,,,,,,,,,,,,,,,,,,,
STH.AX,,,,,,,STH,STEPCHANGE HOLDINGS LIMITED,Information Technology,Software & Services,EQUITY,ASXListedCompanies.csv,,,,,,,,,,,,,,,,,,,,,,,,,,,,,,,,,,,,,,,,,,,,,,,,,,,,,,,,,
STK.AX,,,,,,,STK,STRICKLAND METALS LIMITED,Materials,Materials,EQUITY,ASXListedCompanies.csv,,,,,,,,,,,,,,,,,,,,,,,,,,,,,,,,,,,,,,,,,,,,,,,,,,,,,,,,,
STM.AX,,,,,,,STM,SUNSTONE METALS LTD,Materials,Materials,EQUITY,ASXListedCompanies.csv,,,,,,,,,,,,,,,,,,,,,,,,,,,,,,,,,,,,,,,,,,,,,,,,,,,,,,,,,
STN.AX,,,,,,,STN,SATURN METALS LIMITED,Materials,Materials,EQUITY,ASXListedCompanies.csv,,,,,,,,,,,,,,,,,,,,,,,,,,,,,,,,,,,,,,,,,,,,,,,,,,,,,,,,,
STO.AX,,,,,,,STO,SANTOS LIMITED,Energy,Energy,EQUITY,ASXListedCompanies.csv,,,,,,,,,,,,,,,,,,,,,,,,,,,,,,,,,,,,,,,,,,,,,,,,,,,,,,,,,
STP.AX,,,,,,,STP,STEP ONE CLOTHING LIMITED,Consumer Discretionary,Consumer Discretionary Distribution & Retail,EQUITY,ASXListedCompanies.csv,,,,,,,,,,,,,,,,,,,,,,,,,,,,,,,,,,,,,,,,,,,,,,,,,,,,,,,,,
STV.AX,,,,,,,STV,SWIFT TV LTD,Communication Services,Media & Entertainment,EQUITY,ASXListedCompanies.csv,,,,,,,,,,,,,,,,,,,,,,,,,,,,,,,,,,,,,,,,,,,,,,,,,,,,,,,,,
STW.AX,,,,,,,STW,STATE STREET SPDR S&P/ASX 200 ETF,,Not Applic,EQUITY,ASXListedCompanies.csv,,,,,,,,,,,,,,,,,,,,,,,,,,,,,,,,,,,,,,,,,,,,,,,,,,,,,,,,,
STX.AX,,,,,,,STX,STRIKE ENERGY LIMITED,Energy,Energy,EQUITY,ASXListedCompanies.csv,,,,,,,,,,,,,,,,,,,,,,,,,,,,,,,,,,,,,,,,,,,,,,,,,,,,,,,,,
SUBD.AX,,,,,,,SUBD,VanEck Australian Subordinated Debt ETF,,Spotlight ETP List,ETF/ETP,ASXInvestmentProductsMonthlyReport,,,,,,,,,,,,,,,,,,,,,,,,,,,,,,,,,,,,,,,,,,,,,,,,,,,,,,,,,
SUH.AX,,,,,,,SUH,SOUTHERN HEMISPHERE MINING LIMITED,Materials,Materials,EQUITY,ASXListedCompanies.csv,,,,,,,,,,,,,,,,,,,,,,,,,,,,,,,,,,,,,,,,,,,,,,,,,,,,,,,,,
SUL.AX,,,,,,,SUL,SUPER RETAIL GROUP LIMITED,Consumer Discretionary,Consumer Discretionary Distribution & Retail,EQUITY,ASXListedCompanies.csv,,,,,,,,,,,,,,,,,,,,,,,,,,,,,,,,,,,,,,,,,,,,,,,,,,,,,,,,,
SUM.AX,,,,,,,SUM,SUMMIT MINERALS LIMITED,Materials,Materials,EQUITY,ASXListedCompanies.csv,,,,,,,,,,,,,,,,,,,,,,,,,,,,,,,,,,,,,,,,,,,,,,,,,,,,,,,,,
SUN.AX,,,,,,,SUN,SUNCORP GROUP LIMITED,Financials,Insurance,EQUITY,ASXListedCompanies.csv,,,,,,,,,,,,,,,,,,,,,,,,,,,,,,,,,,,,,,,,,,,,,,,,,,,,,,,,,
SVG.AX,,,,,,,SVG,SAVANNAH GOLDFIELDS LIMITED,Materials,Materials,EQUITY,ASXListedCompanies.csv,,,,,,,,,,,,,,,,,,,,,,,,,,,,,,,,,,,,,,,,,,,,,,,,,,,,,,,,,
SVL.AX,,,,,,,SVL,SILVER MINES LIMITED,Materials,Materials,EQUITY,ASXListedCompanies.csv,,,,,,,,,,,,,,,,,,,,,,,,,,,,,,,,,,,,,,,,,,,,,,,,,,,,,,,,,
SVM.AX,,,,,,,SVM,SOVEREIGN METALS LIMITED,Materials,Materials,EQUITY,ASXListedCompanies.csv,,,,,,,,,,,,,,,,,,,,,,,,,,,,,,,,,,,,,,,,,,,,,,,,,,,,,,,,,
SVNP.AX,,,,,,,SVNP,Savana US Small Caps Active ETF,,Spotlight ETP List,ETF/ETP,ASXInvestmentProductsMonthlyReport,,,,,,,,,,,,,,,,,,,,,,,,,,,,,,,,,,,,,,,,,,,,,,,,,,,,,,,,,
SVR.AX,,,,,,,SVR,SOLVAR LIMITED,Financials,Financial Services,EQUITY,ASXListedCompanies.csv,,,,,,,,,,,,,,,,,,,,,,,,,,,,,,,,,,,,,,,,,,,,,,,,,,,,,,,,,
SVY.AX,,,,,,,SVY,STAVELY MINERALS LIMITED,Materials,Materials,EQUITY,ASXListedCompanies.csv,,,,,,,,,,,,,,,,,,,,,,,,,,,,,,,,,,,,,,,,,,,,,,,,,,,,,,,,,
SWP.AX,,,,,,,SWP,SWOOP HOLDINGS LIMITED,Communication Services,Telecommunication Services,EQUITY,ASXListedCompanies.csv,,,,,,,,,,,,,,,,,,,,,,,,,,,,,,,,,,,,,,,,,,,,,,,,,,,,,,,,,
SWTZ.AX,,,,,,,SWTZ,Switzer Dividend Growth Fund - Active ETF,,Spotlight ETP List,ETF/ETP,ASXInvestmentProductsMonthlyReport,,,,,,,,,,,,,,,,,,,,,,,,,,,,,,,,,,,,,,,,,,,,,,,,,,,,,,,,,
SX2.AX,,,,,,,SX2,SOUTHERN CROSS GOLD CONSOLIDATED LTD.,Materials,Materials,EQUITY,ASXListedCompanies.csv,,,,,,,,,,,,,,,,,,,,,,,,,,,,,,,,,,,,,,,,,,,,,,,,,,,,,,,,,
SXE.AX,,,,,,,SXE,SOUTHERN CROSS ELECTRICAL ENGINEERING LTD,Industrials,Capital Goods,EQUITY,ASXListedCompanies.csv,,,,,,,,,,,,,,,,,,,,,,,,,,,,,,,,,,,,,,,,,,,,,,,,,,,,,,,,,
SXL.AX,,,,,,,SXL,SOUTHERN CROSS MEDIA GROUP LIMITED,Communication Services,Media & Entertainment,EQUITY,ASXListedCompanies.csv,,,,,,,,,,,,,,,,,,,,,,,,,,,,,,,,,,,,,,,,,,,,,,,,,,,,,,,,,
SYI.AX,,,,,,,SYI,SPDR MSCI Australia Select High Dividend Yield ETF,,Spotlight ETP List,ETF/ETP,ASXInvestmentProductsMonthlyReport,,,,,,,,,,,,,,,,,,,,,,,,,,,,,,,,,,,,,,,,,,,,,,,,,,,,,,,,,
SYL.AX,,,,,,,SYL,SYMAL GROUP LIMITED,Industrials,Capital Goods,EQUITY,ASXListedCompanies.csv,,,,,,,,,,,,,,,,,,,,,,,,,,,,,,,,,,,,,,,,,,,,,,,,,,,,,,,,,
SYR.AX,,,,,,,SYR,SYRAH RESOURCES LIMITED,Materials,Materials,EQUITY,ASXListedCompanies.csv,,,,,,,,,,,,,,,,,,,,,,,,,,,,,,,,,,,,,,,,,,,,,,,,,,,,,,,,,
T3D.AX,,,,,,,T3D,333D LIMITED,Industrials,Commercial & Professional Services,EQUITY,ASXListedCompanies.csv,,,,,,,,,,,,,,,,,,,,,,,,,,,,,,,,,,,,,,,,,,,,,,,,,,,,,,,,,
T3MP.AX,,,,,,,T3MP,JPMorgan Climate Change Solutions Active ETF,,Spotlight ETP List,ETF/ETP,ASXInvestmentProductsMonthlyReport,,,,,,,,,,,,,,,,,,,,,,,,,,,,,,,,,,,,,,,,,,,,,,,,,,,,,,,,,
T88.AX,,,,,,,T88,TAITON RESOURCES LIMITED,Materials,Materials,EQUITY,ASXListedCompanies.csv,,,,,,,,,,,,,,,,,,,,,,,,,,,,,,,,,,,,,,,,,,,,,,,,,,,,,,,,,
T92.AX,,,,,,,T92,TERRA CRITICAL MINERALS LIMITED,Energy,Energy,EQUITY,ASXListedCompanies.csv,,,,,,,,,,,,,,,,,,,,,,,,,,,,,,,,,,,,,,,,,,,,,,,,,,,,,,,,,
TA1.AX,,,,,,,TA1,TRANSURBAN FINANCE COMPANY PTY LTD,,Not Applic,EQUITY,ASXListedCompanies.csv,,,,,,,,,,,,,,,,,,,,,,,,,,,,,,,,,,,,,,,,,,,,,,,,,,,,,,,,,
TAH.AX,,,,,,,TAH,TABCORP HOLDINGS LIMITED,Consumer Discretionary,Consumer Services,EQUITY,ASXListedCompanies.csv,,,,,,,,,,,,,,,,,,,,,,,,,,,,,,,,,,,,,,,,,,,,,,,,,,,,,,,,,
TAL.AX,,,,,,,TAL,TALIUS GROUP LIMITED,Information Technology,Software & Services,EQUITY,ASXListedCompanies.csv,,,,,,,,,,,,,,,,,,,,,,,,,,,,,,,,,,,,,,,,,,,,,,,,,,,,,,,,,
TAM.AX,,,,,,,TAM,TANAMI GOLD NL,Materials,Materials,EQUITY,ASXListedCompanies.csv,,,,,,,,,,,,,,,,,,,,,,,,,,,,,,,,,,,,,,,,,,,,,,,,,,,,,,,,,
TAR.AX,,,,,,,TAR,TARUGA MINERALS LIMITED,Materials,Materials,EQUITY,ASXListedCompanies.csv,,,,,,,,,,,,,,,,,,,,,,,,,,,,,,,,,,,,,,,,,,,,,,,,,,,,,,,,,
TAS.AX,,,,,,,TAS,TASMAN RESOURCES LTD,Materials,Materials,EQUITY,ASXListedCompanies.csv,,,,,,,,,,,,,,,,,,,,,,,,,,,,,,,,,,,,,,,,,,,,,,,,,,,,,,,,,
TAT.AX,,,,,,,TAT,TARTANA MINERALS LIMITED,Materials,Materials,EQUITY,ASXListedCompanies.csv,,,,,,,,,,,,,,,,,,,,,,,,,,,,,,,,,,,,,,,,,,,,,,,,,,,,,,,,,
TBIL.AX,,,,,,,TBIL,VanEck 1-3 Month US Treasury Bond ETF,,Spotlight ETP List,ETF/ETP,ASXInvestmentProductsMonthlyReport,,,,,,,,,,,,,,,,,,,,,,,,,,,,,,,,,,,,,,,,,,,,,,,,,,,,,,,,,
TBN.AX,,,,,,,TBN,TAMBORAN RESOURCES CORPORATION,Energy,Energy,EQUITY,ASXListedCompanies.csv,,,,,,,,,,,,,,,,,,,,,,,,,,,,,,,,,,,,,,,,,,,,,,,,,,,,,,,,,
TBR.AX,,,,,,,TBR,TRIBUNE RESOURCES LIMITED,Materials,Materials,EQUITY,ASXListedCompanies.csv,,,,,,,,,,,,,,,,,,,,,,,,,,,,,,,,,,,,,,,,,,,,,,,,,,,,,,,,,
TCAP.AX,,,,,,,TCAP,Ten Cap Alpha Plus Complex ETF,,Spotlight ETP List,ETF/ETP,ASXInvestmentProductsMonthlyReport,,,,,,,,,,,,,,,,,,,,,,,,,,,,,,,,,,,,,,,,,,,,,,,,,,,,,,,,,
TCF.AX,,,,,,,TCF,360 CAPITAL MORTGAGE REIT,,Not Applic,EQUITY,ASXListedCompanies.csv,,,,,,,,,,,,,,,,,,,,,,,,,,,,,,,,,,,,,,,,,,,,,,,,,,,,,,,,,
TCG.AX,,,,,,,TCG,TURACO GOLD LIMITED,Materials,Materials,EQUITY,ASXListedCompanies.csv,,,,,,,,,,,,,,,,,,,,,,,,,,,,,,,,,,,,,,,,,,,,,,,,,,,,,,,,,
TCL.AX,,,,,,,TCL,TRANSURBAN GROUP,Industrials,Transportation,EQUITY,ASXListedCompanies.csv,,,,,,,,,,,,,,,,,,,,,,,,,,,,,,,,,,,,,,,,,,,,,,,,,,,,,,,,,
TCO.AX,,,,,,,TCO,TRANSMETRO CORPORATION LIMITED,Consumer Discretionary,Consumer Services,EQUITY,ASXListedCompanies.csv,,,,,,,,,,,,,,,,,,,,,,,,,,,,,,,,,,,,,,,,,,,,,,,,,,,,,,,,,
TD1.AX,,,,,,,TD1,TALI DIGITAL LIMITED,Health Care,Health Care Equipment & Services,EQUITY,ASXListedCompanies.csv,,,,,,,,,,,,,,,,,,,,,,,,,,,,,,,,,,,,,,,,,,,,,,,,,,,,,,,,,
TDO.AX,,,,,,,TDO,3D ENERGI LIMITED,Energy,Energy,EQUITY,ASXListedCompanies.csv,,,,,,,,,,,,,,,,,,,,,,,,,,,,,,,,,,,,,,,,,,,,,,,,,,,,,,,,,
TEA.AX,,,,,,,TEA,TASMEA LIMITED,Industrials,Capital Goods,EQUITY,ASXListedCompanies.csv,,,,,,,,,,,,,,,,,,,,,,,,,,,,,,,,,,,,,,,,,,,,,,,,,,,,,,,,,
TECH.AX,,,,,,,TECH,Global X Morningstar Global Technology ETF,,Spotlight ETP List,ETF/ETP,ASXInvestmentProductsMonthlyReport,,,,,,,,,,,,,,,,,,,,,,,,,,,,,,,,,,,,,,,,,,,,,,,,,,,,,,,,,
TEE.AX,,,,,,,TEE,TOP END ENERGY LIMITED,Energy,Energy,EQUITY,ASXListedCompanies.csv,,,,,,,,,,,,,,,,,,,,,,,,,,,,,,,,,,,,,,,,,,,,,,,,,,,,,,,,,
TEG.AX,,,,,,,TEG,TRIANGLE ENERGY (GLOBAL) LIMITED,Energy,Energy,EQUITY,ASXListedCompanies.csv,,,,,,,,,,,,,,,,,,,,,,,,,,,,,,,,,,,,,,,,,,,,,,,,,,,,,,,,,
TEK.AX,,,,,,,TEK,THORNEY TECHNOLOGIES LTD,,Not Applic,EQUITY,ASXListedCompanies.csv,,,,,,,,,,,,,,,,,,,,,,,,,,,,,,,,,,,,,,,,,,,,,,,,,,,,,,,,,
TEM.AX,,,,,,,TEM,TEMPEST MINERALS LIMITED,Materials,Materials,EQUITY,ASXListedCompanies.csv,,,,,,,,,,,,,,,,,,,,,,,,,,,,,,,,,,,,,,,,,,,,,,,,,,,,,,,,,
TER.AX,,,,,,,TER,TERRACOM LIMITED,Energy,Energy,EQUITY,ASXListedCompanies.csv,,,,,,,,,,,,,,,,,,,,,,,,,,,,,,,,,,,,,,,,,,,,,,,,,,,,,,,,,
TES.AX,,,,,,,TES,TEST SECURITY,,Class Pend,EQUITY,ASXListedCompanies.csv,,,,,,,,,,,,,,,,,,,,,,,,,,,,,,,,,,,,,,,,,,,,,,,,,,,,,,,,,
TFL.AX,,,,,,,TFL,TASFOODS LIMITED,Consumer Staples,"Food, Beverage & Tobacco",EQUITY,ASXListedCompanies.csv,,,,,,,,,,,,,,,,,,,,,,,,,,,,,,,,,,,,,,,,,,,,,,,,,,,,,,,,,
TG1.AX,,,,,,,TG1,TECHGEN METALS LTD,Materials,Materials,EQUITY,ASXListedCompanies.csv,,,,,,,,,,,,,,,,,,,,,,,,,,,,,,,,,,,,,,,,,,,,,,,,,,,,,,,,,
TG6.AX,,,,,,,TG6,TG METALS LIMITED,Materials,Materials,EQUITY,ASXListedCompanies.csv,,,,,,,,,,,,,,,,,,,,,,,,,,,,,,,,,,,,,,,,,,,,,,,,,,,,,,,,,
TGF.AX,,,,,,,TGF,TRIBECA GLOBAL NATURAL RESOURCES LIMITED,,Not Applic,EQUITY,ASXListedCompanies.csv,,,,,,,,,,,,,,,,,,,,,,,,,,,,,,,,,,,,,,,,,,,,,,,,,,,,,,,,,
TGH.AX,,,,,,,TGH,TERRAGEN HOLDINGS LIMITED,Materials,Materials,EQUITY,ASXListedCompanies.csv,,,,,,,,,,,,,,,,,,,,,,,,,,,,,,,,,,,,,,,,,,,,,,,,,,,,,,,,,
TGM.AX,,,,,,,TGM,THETA GOLD MINES LIMITED,Materials,Materials,EQUITY,ASXListedCompanies.csv,,,,,,,,,,,,,,,,,,,,,,,,,,,,,,,,,,,,,,,,,,,,,,,,,,,,,,,,,
TGN.AX,,,,,,,TGN,TUNGSTEN MINING NL,Materials,Materials,EQUITY,ASXListedCompanies.csv,,,,,,,,,,,,,,,,,,,,,,,,,,,,,,,,,,,,,,,,,,,,,,,,,,,,,,,,,
TGP.AX,,,,,,,TGP,360 CAPITAL GROUP,Financials,Financial Services,EQUITY,ASXListedCompanies.csv,,,,,,,,,,,,,,,,,,,,,,,,,,,,,,,,,,,,,,,,,,,,,,,,,,,,,,,,,
THL.AX,,,,,,,THL,TOURISM HOLDINGS RENTALS LIMITED,Industrials,Transportation,EQUITY,ASXListedCompanies.csv,,,,,,,,,,,,,,,,,,,,,,,,,,,,,,,,,,,,,,,,,,,,,,,,,,,,,,,,,
THR.AX,,,,,,,THR,THOR ENERGY PLC,Materials,Materials,EQUITY,ASXListedCompanies.csv,,,,,,,,,,,,,,,,,,,,,,,,,,,,,,,,,,,,,,,,,,,,,,,,,,,,,,,,,
TIA.AX,,,,,,,TIA,TIAN AN AUSTRALIA LIMITED,Real Estate,Real Estate Management & Development,EQUITY,ASXListedCompanies.csv,,,,,,,,,,,,,,,,,,,,,,,,,,,,,,,,,,,,,,,,,,,,,,,,,,,,,,,,,
TIG.AX,,,,,,,TIG,TIGERS REALM COAL LIMITED,Materials,Materials,EQUITY,ASXListedCompanies.csv,,,,,,,,,,,,,,,,,,,,,,,,,,,,,,,,,,,,,,,,,,,,,,,,,,,,,,,,,
TIO.AX,,,,,,,TIO,TEMAS RESOURCES CORP.,Materials,Materials,EQUITY,ASXListedCompanies.csv,,,,,,,,,,,,,,,,,,,,,,,,,,,,,,,,,,,,,,,,,,,,,,,,,,,,,,,,,
TIP.AX,,,,,,,TIP,TEAMINVEST PRIVATE GROUP LIMITED,Financials,Financial Services,EQUITY,ASXListedCompanies.csv,,,,,,,,,,,,,,,,,,,,,,,,,,,,,,,,,,,,,,,,,,,,,,,,,,,,,,,,,
TKM.AX,,,,,,,TKM,TREK METALS LIMITED,Materials,Materials,EQUITY,ASXListedCompanies.csv,,,,,,,,,,,,,,,,,,,,,,,,,,,,,,,,,,,,,,,,,,,,,,,,,,,,,,,,,
TLC.AX,,,,,,,TLC,THE LOTTERY CORPORATION LIMITED,Consumer Discretionary,Consumer Services,EQUITY,ASXListedCompanies.csv,,,,,,,,,,,,,,,,,,,,,,,,,,,,,,,,,,,,,,,,,,,,,,,,,,,,,,,,,
TLG.AX,,,,,,,TLG,TALGA GROUP LTD,Materials,Materials,EQUITY,ASXListedCompanies.csv,,,,,,,,,,,,,,,,,,,,,,,,,,,,,,,,,,,,,,,,,,,,,,,,,,,,,,,,,
TLM.AX,,,,,,,TLM,TALISMAN MINING LIMITED,Materials,Materials,EQUITY,ASXListedCompanies.csv,,,,,,,,,,,,,,,,,,,,,,,,,,,,,,,,,,,,,,,,,,,,,,,,,,,,,,,,,
TLS.AX,,,,,,,TLS,TELSTRA GROUP LIMITED,Communication Services,Telecommunication Services,EQUITY,ASXListedCompanies.csv,,,,,,,,,,,,,,,,,,,,,,,,,,,,,,,,,,,,,,,,,,,,,,,,,,,,,,,,,
TLX.AX,,,,,,,TLX,TELIX PHARMACEUTICALS LIMITED,Health Care,"Pharmaceuticals, Biotechnology & Life Sciences",EQUITY,ASXListedCompanies.csv,,,,,,,,,,,,,,,,,,,,,,,,,,,,,,,,,,,,,,,,,,,,,,,,,,,,,,,,,
TM1.AX,,,,,,,TM1,TERRA METALS LIMITED,Energy,Energy,EQUITY,ASXListedCompanies.csv,,,,,,,,,,,,,,,,,,,,,,,,,,,,,,,,,,,,,,,,,,,,,,,,,,,,,,,,,
TMB.AX,,,,,,,TMB,TAMBOURAH METALS LTD,Materials,Materials,EQUITY,ASXListedCompanies.csv,,,,,,,,,,,,,,,,,,,,,,,,,,,,,,,,,,,,,,,,,,,,,,,,,,,,,,,,,
TMK.AX,,,,,,,TMK,TMK ENERGY LIMITED,Energy,Energy,EQUITY,ASXListedCompanies.csv,,,,,,,,,,,,,,,,,,,,,,,,,,,,,,,,,,,,,,,,,,,,,,,,,,,,,,,,,
TML.AX,,,,,,,TML,TIMAH RESOURCES LIMITED,Utilities,Utilities,EQUITY,ASXListedCompanies.csv,,,,,,,,,,,,,,,,,,,,,,,,,,,,,,,,,,,,,,,,,,,,,,,,,,,,,,,,,
TMS.AX,,,,,,,TMS,TENNANT MINERALS LIMITED,Materials,Materials,EQUITY,ASXListedCompanies.csv,,,,,,,,,,,,,,,,,,,,,,,,,,,,,,,,,,,,,,,,,,,,,,,,,,,,,,,,,
TMX.AX,,,,,,,TMX,TERRAIN MINERALS LIMITED,Materials,Materials,EQUITY,ASXListedCompanies.csv,,,,,,,,,,,,,,,,,,,,,,,,,,,,,,,,,,,,,,,,,,,,,,,,,,,,,,,,,
TNC.AX,,,,,,,TNC,TRUE NORTH COPPER LIMITED,Materials,Materials,EQUITY,ASXListedCompanies.csv,,,,,,,,,,,,,,,,,,,,,,,,,,,,,,,,,,,,,,,,,,,,,,,,,,,,,,,,,
TNE.AX,,,,,,,TNE,TECHNOLOGY ONE LIMITED,Information Technology,Software & Services,EQUITY,ASXListedCompanies.csv,,,,,,,,,,,,,,,,,,,,,,,,,,,,,,,,,,,,,,,,,,,,,,,,,,,,,,,,,
TNY.AX,,,,,,,TNY,TINYBEANS GROUP LTD,Communication Services,Media & Entertainment,EQUITY,ASXListedCompanies.csv,,,,,,,,,,,,,,,,,,,,,,,,,,,,,,,,,,,,,,,,,,,,,,,,,,,,,,,,,
TOE.AX,,,,,,,TOE,TORO ENERGY LIMITED,Energy,Energy,EQUITY,ASXListedCompanies.csv,,,,,,,,,,,,,,,,,,,,,,,,,,,,,,,,,,,,,,,,,,,,,,,,,,,,,,,,,
TOK.AX,,,,,,,TOK,TOLU MINERALS LIMITED.,Materials,Materials,EQUITY,ASXListedCompanies.csv,,,,,,,,,,,,,,,,,,,,,,,,,,,,,,,,,,,,,,,,,,,,,,,,,,,,,,,,,
TOLL.AX,,,,,,,TOLL,Betashares FTSE Global Infrastructure Shares Currency Hedged ETF,,Spotlight ETP List,ETF/ETP,ASXInvestmentProductsMonthlyReport,,,,,,,,,,,,,,,,,,,,,,,,,,,,,,,,,,,,,,,,,,,,,,,,,,,,,,,,,
TON.AX,,,,,,,TON,TRITON MINERALS LTD,Materials,Materials,EQUITY,ASXListedCompanies.csv,,,,,,,,,,,,,,,,,,,,,,,,,,,,,,,,,,,,,,,,,,,,,,,,,,,,,,,,,
TOP.AX,,,,,,,TOP,THORNEY OPPORTUNITIES LTD,,Not Applic,EQUITY,ASXListedCompanies.csv,,,,,,,,,,,,,,,,,,,,,,,,,,,,,,,,,,,,,,,,,,,,,,,,,,,,,,,,,
TOR.AX,,,,,,,TOR,TORQUE METALS LIMITED..,Materials,Materials,EQUITY,ASXListedCompanies.csv,,,,,,,,,,,,,,,,,,,,,,,,,,,,,,,,,,,,,,,,,,,,,,,,,,,,,,,,,
TOT.AX,,,,,,,TOT,360 CAPITAL REIT,Real Estate,Equity Real Estate Investment Trusts (REITs),EQUITY,ASXListedCompanies.csv,,,,,,,,,,,,,,,,,,,,,,,,,,,,,,,,,,,,,,,,,,,,,,,,,,,,,,,,,
TOU.AX,,,,,,,TOU,TLOU ENERGY LIMITED,Energy,Energy,EQUITY,ASXListedCompanies.csv,,,,,,,,,,,,,,,,,,,,,,,,,,,,,,,,,,,,,,,,,,,,,,,,,,,,,,,,,
TPC.AX,,,,,,,TPC,TPC CONSOLIDATED LIMITED,Utilities,Utilities,EQUITY,ASXListedCompanies.csv,,,,,,,,,,,,,,,,,,,,,,,,,,,,,,,,,,,,,,,,,,,,,,,,,,,,,,,,,
TPG.AX,,,,,,,TPG,TPG TELECOM LIMITED.,Communication Services,Telecommunication Services,EQUITY,ASXListedCompanies.csv,,,,,,,,,,,,,,,,,,,,,,,,,,,,,,,,,,,,,,,,,,,,,,,,,,,,,,,,,
TPW.AX,,,,,,,TPW,TEMPLE & WEBSTER GROUP LTD,Consumer Discretionary,Consumer Discretionary Distribution & Retail,EQUITY,ASXListedCompanies.csv,,,,,,,,,,,,,,,,,,,,,,,,,,,,,,,,,,,,,,,,,,,,,,,,,,,,,,,,,
TR2.AX,,,,,,,TR2,TALI RESOURCES LTD,Materials,Materials,EQUITY,ASXListedCompanies.csv,,,,,,,,,,,,,,,,,,,,,,,,,,,,,,,,,,,,,,,,,,,,,,,,,,,,,,,,,
TR8.AX,,,,,,,TR8,TARRINA RESOURCES LIMITED,Consumer Staples,Consumer Staples Distribution & Retail,EQUITY,ASXListedCompanies.csv,,,,,,,,,,,,,,,,,,,,,,,,,,,,,,,,,,,,,,,,,,,,,,,,,,,,,,,,,
TRA.AX,,,,,,,TRA,TURNERS AUTOMOTIVE GROUP LIMITED,Consumer Discretionary,Consumer Discretionary Distribution & Retail,EQUITY,ASXListedCompanies.csv,,,,,,,,,,,,,,,,,,,,,,,,,,,,,,,,,,,,,,,,,,,,,,,,,,,,,,,,,
TRE.AX,,,,,,,TRE,TOUBANI RESOURCES LIMITED,Materials,Materials,EQUITY,ASXListedCompanies.csv,,,,,,,,,,,,,,,,,,,,,,,,,,,,,,,,,,,,,,,,,,,,,,,,,,,,,,,,,
TRI.AX,,,,,,,TRI,TRIVARX LTD,Health Care,Health Care Equipment & Services,EQUITY,ASXListedCompanies.csv,,,,,,,,,,,,,,,,,,,,,,,,,,,,,,,,,,,,,,,,,,,,,,,,,,,,,,,,,
TRJ.AX,,,,,,,TRJ,TRAJAN GROUP HOLDINGS LIMITED,Health Care,"Pharmaceuticals, Biotechnology & Life Sciences",EQUITY,ASXListedCompanies.csv,,,,,,,,,,,,,,,,,,,,,,,,,,,,,,,,,,,,,,,,,,,,,,,,,,,,,,,,,
TRM.AX,,,,,,,TRM,TRUSCOTT MINING CORPORATION LIMITED,Materials,Materials,EQUITY,ASXListedCompanies.csv,,,,,,,,,,,,,,,,,,,,,,,,,,,,,,,,,,,,,,,,,,,,,,,,,,,,,,,,,
TRP.AX,,,,,,,TRP,TISSUE REPAIR LTD,Health Care,"Pharmaceuticals, Biotechnology & Life Sciences",EQUITY,ASXListedCompanies.csv,,,,,,,,,,,,,,,,,,,,,,,,,,,,,,,,,,,,,,,,,,,,,,,,,,,,,,,,,
TRU.AX,,,,,,,TRU,TRUSCREEN GROUP LIMITED,Health Care,Health Care Equipment & Services,EQUITY,ASXListedCompanies.csv,,,,,,,,,,,,,,,,,,,,,,,,,,,,,,,,,,,,,,,,,,,,,,,,,,,,,,,,,
TSK.AX,,,,,,,TSK,TUSKER MINERALS LTD,Materials,Materials,EQUITY,ASXListedCompanies.csv,,,,,,,,,,,,,,,,,,,,,,,,,,,,,,,,,,,,,,,,,,,,,,,,,,,,,,,,,
TSL.AX,,,,,,,TSL,TITANIUM SANDS LIMITED,Materials,Materials,EQUITY,ASXListedCompanies.csv,,,,,,,,,,,,,,,,,,,,,,,,,,,,,,,,,,,,,,,,,,,,,,,,,,,,,,,,,
TSO.AX,,,,,,,TSO,TESORO GOLD LTD,Materials,Materials,EQUITY,ASXListedCompanies.csv,,,,,,,,,,,,,,,,,,,,,,,,,,,,,,,,,,,,,,,,,,,,,,,,,,,,,,,,,
TT1.AX,,,,,,,TT1,THINK TANK RESIDENTIAL SERIES 2024-1 TRUST,,Not Applic,EQUITY,ASXListedCompanies.csv,,,,,,,,,,,,,,,,,,,,,,,,,,,,,,,,,,,,,,,,,,,,,,,,,,,,,,,,,
TT2.AX,,,,,,,TT2,THINK TANK RESIDENTIAL SERIES 2025-2 TRUST,,Not Applic,EQUITY,ASXListedCompanies.csv,,,,,,,,,,,,,,,,,,,,,,,,,,,,,,,,,,,,,,,,,,,,,,,,,,,,,,,,,
TT6.AX,,,,,,,TT6,TRITON BOND TRUST 2021-1 IN RESPECT OF SERIES 1,,Not Applic,EQUITY,ASXListedCompanies.csv,,,,,,,,,,,,,,,,,,,,,,,,,,,,,,,,,,,,,,,,,,,,,,,,,,,,,,,,,
TTM.AX,,,,,,,TTM,TITAN MINERALS LIMITED,Materials,Materials,EQUITY,ASXListedCompanies.csv,,,,,,,,,,,,,,,,,,,,,,,,,,,,,,,,,,,,,,,,,,,,,,,,,,,,,,,,,
TTT.AX,,,,,,,TTT,TITOMIC LIMITED,Materials,Materials,EQUITY,ASXListedCompanies.csv,,,,,,,,,,,,,,,,,,,,,,,,,,,,,,,,,,,,,,,,,,,,,,,,,,,,,,,,,
TTX.AX,,,,,,,TTX,TETRATHERIX LIMITED,Health Care,"Pharmaceuticals, Biotechnology & Life Sciences",EQUITY,ASXListedCompanies.csv,,,,,,,,,,,,,,,,,,,,,,,,,,,,,,,,,,,,,,,,,,,,,,,,,,,,,,,,,
TTZ.AX,,,,,,,TTZ,TORRENS SERIES 2016-1 TRUST,,Not Applic,EQUITY,ASXListedCompanies.csv,,,,,,,,,,,,,,,,,,,,,,,,,,,,,,,,,,,,,,,,,,,,,,,,,,,,,,,,,
TUA.AX,,,,,,,TUA,TUAS LIMITED,Communication Services,Telecommunication Services,EQUITY,ASXListedCompanies.csv,,,,,,,,,,,,,,,,,,,,,,,,,,,,,,,,,,,,,,,,,,,,,,,,,,,,,,,,,
TVL.AX,,,,,,,TVL,TOUCH VENTURES LIMITED,Financials,Financial Services,EQUITY,ASXListedCompanies.csv,,,,,,,,,,,,,,,,,,,,,,,,,,,,,,,,,,,,,,,,,,,,,,,,,,,,,,,,,
TVN.AX,,,,,,,TVN,TIVAN LIMITED,Materials,Materials,EQUITY,ASXListedCompanies.csv,,,,,,,,,,,,,,,,,,,,,,,,,,,,,,,,,,,,,,,,,,,,,,,,,,,,,,,,,
TWD.AX,,,,,,,TWD,TAMAWOOD LIMITED,Consumer Discretionary,Consumer Durables & Apparel,EQUITY,ASXListedCompanies.csv,,,,,,,,,,,,,,,,,,,,,,,,,,,,,,,,,,,,,,,,,,,,,,,,,,,,,,,,,
TWE.AX,,,,,,,TWE,TREASURY WINE ESTATES LIMITED,Consumer Staples,"Food, Beverage & Tobacco",EQUITY,ASXListedCompanies.csv,,,,,,,,,,,,,,,,,,,,,,,,,,,,,,,,,,,,,,,,,,,,,,,,,,,,,,,,,
TWL.AX,,,,,,,TWL,TRADE WINDOW HOLDINGS LIMITED,,Class Pend,EQUITY,ASXListedCompanies.csv,,,,,,,,,,,,,,,,,,,,,,,,,,,,,,,,,,,,,,,,,,,,,,,,,,,,,,,,,
TWR.AX,,,,,,,TWR,TOWER LIMITED,Financials,Insurance,EQUITY,ASXListedCompanies.csv,,,,,,,,,,,,,,,,,,,,,,,,,,,,,,,,,,,,,,,,,,,,,,,,,,,,,,,,,
TXR.AX,,,,,,,TXR,TALONX RESOURCES LIMITED,Materials,Materials,EQUITY,ASXListedCompanies.csv,,,,,,,,,,,,,,,,,,,,,,,,,,,,,,,,,,,,,,,,,,,,,,,,,,,,,,,,,
TYR.AX,,,,,,,TYR,TYRO PAYMENTS LIMITED,Financials,Financial Services,EQUITY,ASXListedCompanies.csv,,,,,,,,,,,,,,,,,,,,,,,,,,,,,,,,,,,,,,,,,,,,,,,,,,,,,,,,,
TYX.AX,,,,,,,TYX,TYRANNA RESOURCES LIMITED,Materials,Materials,EQUITY,ASXListedCompanies.csv,,,,,,,,,,,,,,,,,,,,,,,,,,,,,,,,,,,,,,,,,,,,,,,,,,,,,,,,,
TZL.AX,,,,,,,TZL,TZ LIMITED,Information Technology,Technology Hardware & Equipment,EQUITY,ASXListedCompanies.csv,,,,,,,,,,,,,,,,,,,,,,,,,,,,,,,,,,,,,,,,,,,,,,,,,,,,,,,,,
TZN.AX,,,,,,,TZN,TERRAMIN AUSTRALIA LIMITED.,Materials,Materials,EQUITY,ASXListedCompanies.csv,,,,,,,,,,,,,,,,,,,,,,,,,,,,,,,,,,,,,,,,,,,,,,,,,,,,,,,,,
U100.AX,,,,,,,U100,Global X US 100 ETF,,Spotlight ETP List,ETF/ETP,ASXInvestmentProductsMonthlyReport,,,,,,,,,,,,,,,,,,,,,,,,,,,,,,,,,,,,,,,,,,,,,,,,,,,,,,,,,
UAM01.AX,,,,,,,UAM01,UBS Australian Small Companies Fund,,Spotlight mFund List,ETF/ETP,ASXInvestmentProductsMonthlyReport,,,,,,,,,,,,,,,,,,,,,,,,,,,,,,,,,,,,,,,,,,,,,,,,,,,,,,,,,
UAM02.AX,,,,,,,UAM02,UBS Microcap Fund,,Spotlight mFund List,ETF/ETP,ASXInvestmentProductsMonthlyReport,,,,,,,,,,,,,,,,,,,,,,,,,,,,,,,,,,,,,,,,,,,,,,,,,,,,,,,,,
UAM04.AX,,,,,,,UAM04,UBS Australian Bond Fund,,Spotlight mFund List,ETF/ETP,ASXInvestmentProductsMonthlyReport,,,,,,,,,,,,,,,,,,,,,,,,,,,,,,,,,,,,,,,,,,,,,,,,,,,,,,,,,
UAM05.AX,,,,,,,UAM05,UBS Income Solution Fund,,Spotlight mFund List,ETF/ETP,ASXInvestmentProductsMonthlyReport,,,,,,,,,,,,,,,,,,,,,,,,,,,,,,,,,,,,,,,,,,,,,,,,,,,,,,,,,
UAM06.AX,,,,,,,UAM06,UBS Diversified Fixed Income Fund,,Spotlight mFund List,ETF/ETP,ASXInvestmentProductsMonthlyReport,,,,,,,,,,,,,,,,,,,,,,,,,,,,,,,,,,,,,,,,,,,,,,,,,,,,,,,,,
UAM11.AX,,,,,,,UAM11,UBS Property Securities Fund,,Spotlight mFund List,ETF/ETP,ASXInvestmentProductsMonthlyReport,,,,,,,,,,,,,,,,,,,,,,,,,,,,,,,,,,,,,,,,,,,,,,,,,,,,,,,,,
UAM14.AX,,,,,,,UAM14,UBS Emerging Markets Equity Fund,,Spotlight mFund List,ETF/ETP,ASXInvestmentProductsMonthlyReport,,,,,,,,,,,,,,,,,,,,,,,,,,,,,,,,,,,,,,,,,,,,,,,,,,,,,,,,,
UBI.AX,,,,,,,UBI,UNIVERSAL BIOSENSORS INC.,Health Care,Health Care Equipment & Services,EQUITY,ASXListedCompanies.csv,,,,,,,,,,,,,,,,,,,,,,,,,,,,,,,,,,,,,,,,,,,,,,,,,,,,,,,,,
UBN.AX,,,,,,,UBN,URBANISE.COM LIMITED,Information Technology,Software & Services,EQUITY,ASXListedCompanies.csv,,,,,,,,,,,,,,,,,,,,,,,,,,,,,,,,,,,,,,,,,,,,,,,,,,,,,,,,,
UCM.AX,,,,,,,UCM,USCOM LIMITED,Health Care,Health Care Equipment & Services,EQUITY,ASXListedCompanies.csv,,,,,,,,,,,,,,,,,,,,,,,,,,,,,,,,,,,,,,,,,,,,,,,,,,,,,,,,,
ULTB.AX,,,,,,,ULTB,iShares 20+ Year U.S. Treasury Bond (AUD Hedged) ETF,,Spotlight ETP List,ETF/ETP,ASXInvestmentProductsMonthlyReport,,,,,,,,,,,,,,,,,,,,,,,,,,,,,,,,,,,,,,,,,,,,,,,,,,,,,,,,,
UM1.AX,,,,,,,UM1,UNITY METALS LIMITED,Materials,Materials,EQUITY,ASXListedCompanies.csv,,,,,,,,,,,,,,,,,,,,,,,,,,,,,,,,,,,,,,,,,,,,,,,,,,,,,,,,,
UMAX.AX,,,,,,,UMAX,Betashares S&P 500 Yield Maximiser Complex ETF,,Spotlight ETP List,ETF/ETP,ASXInvestmentProductsMonthlyReport,,,,,,,,,,,,,,,,,,,,,,,,,,,,,,,,,,,,,,,,,,,,,,,,,,,,,,,,,
UNI.AX,,,,,,,UNI,UNIVERSAL STORE HOLDINGS LIMITED,Consumer Discretionary,Consumer Discretionary Distribution & Retail,EQUITY,ASXListedCompanies.csv,,,,,,,,,,,,,,,,,,,,,,,,,,,,,,,,,,,,,,,,,,,,,,,,,,,,,,,,,
UNT.AX,,,,,,,UNT,UNITH LTD,Communication Services,Media & Entertainment,EQUITY,ASXListedCompanies.csv,,,,,,,,,,,,,,,,,,,,,,,,,,,,,,,,,,,,,,,,,,,,,,,,,,,,,,,,,
UOS.AX,,,,,,,UOS,UNITED OVERSEAS AUSTRALIA LIMITED,Real Estate,Real Estate Management & Development,EQUITY,ASXListedCompanies.csv,,,,,,,,,,,,,,,,,,,,,,,,,,,,,,,,,,,,,,,,,,,,,,,,,,,,,,,,,
URAN.AX,,,,,,,URAN,VanEck Uranium and Energy Innovation ETF,,Spotlight ETP List,ETF/ETP,ASXInvestmentProductsMonthlyReport,,,,,,,,,,,,,,,,,,,,,,,,,,,,,,,,,,,,,,,,,,,,,,,,,,,,,,,,,
URF.AX,,,,,,,URF,US MASTERS RESIDENTIAL PROPERTY FUND,Real Estate,Equity Real Estate Investment Trusts (REITs),EQUITY,ASXListedCompanies.csv,,,,,,,,,,,,,,,,,,,,,,,,,,,,,,,,,,,,,,,,,,,,,,,,,,,,,,,,,
URNM.AX,,,,,,,URNM,Betashares Global Uranium ETF,,Spotlight ETP List,ETF/ETP,ASXInvestmentProductsMonthlyReport,,,,,,,,,,,,,,,,,,,,,,,,,,,,,,,,,,,,,,,,,,,,,,,,,,,,,,,,,
US10.AX,,,,,,,US10,Betashares U.S. Treasury Bond 7-10 Year Currency Hedged ETF,,Spotlight ETP List,ETF/ETP,ASXInvestmentProductsMonthlyReport,,,,,,,,,,,,,,,,,,,,,,,,,,,,,,,,,,,,,,,,,,,,,,,,,,,,,,,,,
USC.AX,,,,,,,USC,US1 CRITICAL MINERALS LIMITED,Materials,Materials,EQUITY,ASXListedCompanies.csv,,,,,,,,,,,,,,,,,,,,,,,,,,,,,,,,,,,,,,,,,,,,,,,,,,,,,,,,,
USD.AX,,,,,,,USD,Betashares U.S Dollar ETF,,Spotlight ETP List,ETF/ETP,ASXInvestmentProductsMonthlyReport,,,,,,,,,,,,,,,,,,,,,,,,,,,,,,,,,,,,,,,,,,,,,,,,,,,,,,,,,
USHY.AX,,,,,,,USHY,Global X USD High Yield Bond ETF (Currency Hedged),,Spotlight ETP List,ETF/ETP,ASXInvestmentProductsMonthlyReport,,,,,,,,,,,,,,,,,,,,,,,,,,,,,,,,,,,,,,,,,,,,,,,,,,,,,,,,,
USIG.AX,,,,,,,USIG,Global X USD Corporate Bond ETF (Currency Hedged),,Spotlight ETP List,ETF/ETP,ASXInvestmentProductsMonthlyReport,,,,,,,,,,,,,,,,,,,,,,,,,,,,,,,,,,,,,,,,,,,,,,,,,,,,,,,,,
USL.AX,,,,,,,USL,UNICO SILVER LIMITED,Materials,Materials,EQUITY,ASXListedCompanies.csv,,,,,,,,,,,,,,,,,,,,,,,,,,,,,,,,,,,,,,,,,,,,,,,,,,,,,,,,,
USTB.AX,,,,,,,USTB,Global X US Treasury Bond ETF (Currency Hedged),,Spotlight ETP List,ETF/ETP,ASXInvestmentProductsMonthlyReport,,,,,,,,,,,,,,,,,,,,,,,,,,,,,,,,,,,,,,,,,,,,,,,,,,,,,,,,,
UTIP.AX,,,,,,,UTIP,Betashares Inflation-Protected U.S. Treasury Bond Currency Hedged ETF,,Spotlight ETP List,ETF/ETP,ASXInvestmentProductsMonthlyReport,,,,,,,,,,,,,,,,,,,,,,,,,,,,,,,,,,,,,,,,,,,,,,,,,,,,,,,,,
UWC.AX,,,,,,,UWC,UNDERWOOD CAPITAL LIMITED,,Not Applic,EQUITY,ASXListedCompanies.csv,,,,,,,,,,,,,,,,,,,,,,,,,,,,,,,,,,,,,,,,,,,,,,,,,,,,,,,,,
UYLD.AX,,,,,,,UYLD,Global X S&P 500 Covered Call ETF,,Spotlight ETP List,ETF/ETP,ASXInvestmentProductsMonthlyReport,,,,,,,,,,,,,,,,,,,,,,,,,,,,,,,,,,,,,,,,,,,,,,,,,,,,,,,,,
VACF.AX,,,,,,,VACF,Vanguard Australian Corporate Fixed Interest Index ETF,,Spotlight ETP List,ETF/ETP,ASXInvestmentProductsMonthlyReport,,,,,,,,,,,,,,,,,,,,,,,,,,,,,,,,,,,,,,,,,,,,,,,,,,,,,,,,,
VAE.AX,,,,,,,VAE,Vanguard FTSE Asia Ex-Japan Shares Index ETF,,Spotlight ETP List,ETF/ETP,ASXInvestmentProductsMonthlyReport,,,,,,,,,,,,,,,,,,,,,,,,,,,,,,,,,,,,,,,,,,,,,,,,,,,,,,,,,
VAF.AX,,,,,,,VAF,Vanguard Australian Fixed Interest Index ETF,,Spotlight ETP List,ETF/ETP,ASXInvestmentProductsMonthlyReport,,,,,,,,,,,,,,,,,,,,,,,,,,,,,,,,,,,,,,,,,,,,,,,,,,,,,,,,,
VAP.AX,,,,,,,VAP,Vanguard Australian Property Securities Index ETF,,Spotlight ETP List,ETF/ETP,ASXInvestmentProductsMonthlyReport,,,,,,,,,,,,,,,,,,,,,,,,,,,,,,,,,,,,,,,,,,,,,,,,,,,,,,,,,
VAR.AX,,,,,,,VAR,VARISCAN MINES LIMITED,Materials,Materials,EQUITY,ASXListedCompanies.csv,,,,,,,,,,,,,,,,,,,,,,,,,,,,,,,,,,,,,,,,,,,,,,,,,,,,,,,,,
VAS.AX,,,,,,,VAS,Vanguard Australian Shares Index ETF,,Spotlight ETP List,ETF/ETP,ASXInvestmentProductsMonthlyReport,,,,,,,,,,,,,,,,,,,,,,,,,,,,,,,,,,,,,,,,,,,,,,,,,,,,,,,,,
VAU.AX,,,,,,,VAU,VAULT MINERALS LIMITED,Materials,Materials,EQUITY,ASXListedCompanies.csv,,,,,,,,,,,,,,,,,,,,,,,,,,,,,,,,,,,,,,,,,,,,,,,,,,,,,,,,,
VBC.AX,,,,,,,VBC,VERBREC LIMITED,Industrials,Capital Goods,EQUITY,ASXListedCompanies.csv,,,,,,,,,,,,,,,,,,,,,,,,,,,,,,,,,,,,,,,,,,,,,,,,,,,,,,,,,
VBLD.AX,,,,,,,VBLD,Vanguard Global Infrastructure Index ETF,,Spotlight ETP List,ETF/ETP,ASXInvestmentProductsMonthlyReport,,,,,,,,,,,,,,,,,,,,,,,,,,,,,,,,,,,,,,,,,,,,,,,,,,,,,,,,,
VBND.AX,,,,,,,VBND,Vanguard Global Aggregate Bond Index (Hedged) ETF,,Spotlight ETP List,ETF/ETP,ASXInvestmentProductsMonthlyReport,,,,,,,,,,,,,,,,,,,,,,,,,,,,,,,,,,,,,,,,,,,,,,,,,,,,,,,,,
VBS.AX,,,,,,,VBS,VECTUS BIOSYSTEMS LIMITED,Health Care,"Pharmaceuticals, Biotechnology & Life Sciences",EQUITY,ASXListedCompanies.csv,,,,,,,,,,,,,,,,,,,,,,,,,,,,,,,,,,,,,,,,,,,,,,,,,,,,,,,,,
VBTC.AX,,,,,,,VBTC,VanEck Bitcoin ETF,,Spotlight ETP List,ETF/ETP,ASXInvestmentProductsMonthlyReport,,,,,,,,,,,,,,,,,,,,,,,,,,,,,,,,,,,,,,,,,,,,,,,,,,,,,,,,,
VBX.AX,,,,,,,VBX,VBX LIMITED,Materials,Materials,EQUITY,ASXListedCompanies.csv,,,,,,,,,,,,,,,,,,,,,,,,,,,,,,,,,,,,,,,,,,,,,,,,,,,,,,,,,
VCD.AX,,,,,,,VCD,VICINITY CENTRES TRUST,,Not Applic,EQUITY,ASXListedCompanies.csv,,,,,,,,,,,,,,,,,,,,,,,,,,,,,,,,,,,,,,,,,,,,,,,,,,,,,,,,,
VCF.AX,,,,,,,VCF,Vanguard International Credit Securities Index (Hedged) ETF,,Spotlight ETP List,ETF/ETP,ASXInvestmentProductsMonthlyReport,,,,,,,,,,,,,,,,,,,,,,,,,,,,,,,,,,,,,,,,,,,,,,,,,,,,,,,,,
VCX.AX,,,,,,,VCX,VICINITY CENTRES,Real Estate,Equity Real Estate Investment Trusts (REITs),EQUITY,ASXListedCompanies.csv,,,,,,,,,,,,,,,,,,,,,,,,,,,,,,,,,,,,,,,,,,,,,,,,,,,,,,,,,
VDAL.AX,,,,,,,VDAL,Vanguard Diversified All Growth Index ETF,,Spotlight ETP List,ETF/ETP,ASXInvestmentProductsMonthlyReport,,,,,,,,,,,,,,,,,,,,,,,,,,,,,,,,,,,,,,,,,,,,,,,,,,,,,,,,,
VDBA.AX,,,,,,,VDBA,Vanguard Diversified Balanced Index ETF,,Spotlight ETP List,ETF/ETP,ASXInvestmentProductsMonthlyReport,,,,,,,,,,,,,,,,,,,,,,,,,,,,,,,,,,,,,,,,,,,,,,,,,,,,,,,,,
VDCO.AX,,,,,,,VDCO,Vanguard Diversified Conservative Index ETF,,Spotlight ETP List,ETF/ETP,ASXInvestmentProductsMonthlyReport,,,,,,,,,,,,,,,,,,,,,,,,,,,,,,,,,,,,,,,,,,,,,,,,,,,,,,,,,
VDGR.AX,,,,,,,VDGR,Vanguard Diversified Growth Index ETF,,Spotlight ETP List,ETF/ETP,ASXInvestmentProductsMonthlyReport,,,,,,,,,,,,,,,,,,,,,,,,,,,,,,,,,,,,,,,,,,,,,,,,,,,,,,,,,
VDHG.AX,,,,,,,VDHG,Vanguard Diversified High Growth Index ETF,,Spotlight ETP List,ETF/ETP,ASXInvestmentProductsMonthlyReport,,,,,,,,,,,,,,,,,,,,,,,,,,,,,,,,,,,,,,,,,,,,,,,,,,,,,,,,,
VDIF.AX,,,,,,,VDIF,Vanguard Diversified Income ETF,,Spotlight ETP List,ETF/ETP,ASXInvestmentProductsMonthlyReport,,,,,,,,,,,,,,,,,,,,,,,,,,,,,,,,,,,,,,,,,,,,,,,,,,,,,,,,,
VEA.AX,,,,,,,VEA,VIVA ENERGY GROUP LIMITED,Energy,Energy,EQUITY,ASXListedCompanies.csv,,,,,,,,,,,,,,,,,,,,,,,,,,,,,,,,,,,,,,,,,,,,,,,,,,,,,,,,,
VEE.AX,,,,,,,VEE,VEEM LTD,Industrials,Capital Goods,EQUITY,ASXListedCompanies.csv,,,,,,,,,,,,,,,,,,,,,,,,,,,,,,,,,,,,,,,,,,,,,,,,,,,,,,,,,
VEFI.AX,,,,,,,VEFI,Vanguard Ethically Conscious Global Aggregate Bond Index (Hedged) ETF,,Spotlight ETP List,ETF/ETP,ASXInvestmentProductsMonthlyReport,,,,,,,,,,,,,,,,,,,,,,,,,,,,,,,,,,,,,,,,,,,,,,,,,,,,,,,,,
VEN.AX,,,,,,,VEN,VINTAGE ENERGY LTD,Energy,Energy,EQUITY,ASXListedCompanies.csv,,,,,,,,,,,,,,,,,,,,,,,,,,,,,,,,,,,,,,,,,,,,,,,,,,,,,,,,,
VEQ.AX,,,,,,,VEQ,Vanguard FTSE Europe Shares ETF,,Spotlight ETP List,ETF/ETP,ASXInvestmentProductsMonthlyReport,,,,,,,,,,,,,,,,,,,,,,,,,,,,,,,,,,,,,,,,,,,,,,,,,,,,,,,,,
VESG.AX,,,,,,,VESG,Vanguard Ethically Conscious International Shares Index ETF,,Spotlight ETP List,ETF/ETP,ASXInvestmentProductsMonthlyReport,,,,,,,,,,,,,,,,,,,,,,,,,,,,,,,,,,,,,,,,,,,,,,,,,,,,,,,,,
VETH.AX,,,,,,,VETH,Vanguard Ethically Conscious Australian Shares ETF,,Spotlight ETP List,ETF/ETP,ASXInvestmentProductsMonthlyReport,,,,,,,,,,,,,,,,,,,,,,,,,,,,,,,,,,,,,,,,,,,,,,,,,,,,,,,,,
VEU.AX,,,,,,,VEU,Vanguard All-World ex US Shares Index ETF,,Spotlight ETP List,ETF/ETP,ASXInvestmentProductsMonthlyReport,,,,,,,,,,,,,,,,,,,,,,,,,,,,,,,,,,,,,,,,,,,,,,,,,,,,,,,,,
VFX.AX,,,,,,,VFX,VISIONFLEX GROUP LIMITED,Health Care,Health Care Equipment & Services,EQUITY,ASXListedCompanies.csv,,,,,,,,,,,,,,,,,,,,,,,,,,,,,,,,,,,,,,,,,,,,,,,,,,,,,,,,,
VFY.AX,,,,,,,VFY,VITRAFY LIFE SCIENCES LIMITED,Health Care,"Pharmaceuticals, Biotechnology & Life Sciences",EQUITY,ASXListedCompanies.csv,,,,,,,,,,,,,,,,,,,,,,,,,,,,,,,,,,,,,,,,,,,,,,,,,,,,,,,,,
VGAD.AX,,,,,,,VGAD,Vanguard MSCI Index International Shares (Hedged) ETF,,Spotlight ETP List,ETF/ETP,ASXInvestmentProductsMonthlyReport,,,,,,,,,,,,,,,,,,,,,,,,,,,,,,,,,,,,,,,,,,,,,,,,,,,,,,,,,
VGB.AX,,,,,,,VGB,Vanguard Australian Government Bond Index ETF,,Spotlight ETP List,ETF/ETP,ASXInvestmentProductsMonthlyReport,,,,,,,,,,,,,,,,,,,,,,,,,,,,,,,,,,,,,,,,,,,,,,,,,,,,,,,,,
VGE.AX,,,,,,,VGE,Vanguard FTSE Emerging Markets Shares ETF,,Spotlight ETP List,ETF/ETP,ASXInvestmentProductsMonthlyReport,,,,,,,,,,,,,,,,,,,,,,,,,,,,,,,,,,,,,,,,,,,,,,,,,,,,,,,,,
VGL.AX,,,,,,,VGL,VISTA GROUP INTERNATIONAL LIMITED.,Information Technology,Software & Services,EQUITY,ASXListedCompanies.csv,,,,,,,,,,,,,,,,,,,,,,,,,,,,,,,,,,,,,,,,,,,,,,,,,,,,,,,,,
VGN.AX,,,,,,,VGN,VIRGIN AUSTRALIA HOLDINGS LIMITED.,Industrials,Transportation,EQUITY,ASXListedCompanies.csv,,,,,,,,,,,,,,,,,,,,,,,,,,,,,,,,,,,,,,,,,,,,,,,,,,,,,,,,,
VGS.AX,,,,,,,VGS,Vanguard MSCI Index International Shares ETF,,Spotlight ETP List,ETF/ETP,ASXInvestmentProductsMonthlyReport,,,,,,,,,,,,,,,,,,,,,,,,,,,,,,,,,,,,,,,,,,,,,,,,,,,,,,,,,
VHL.AX,,,,,,,VHL,VITASORA HEALTH LIMITED,Health Care,Health Care Equipment & Services,EQUITY,ASXListedCompanies.csv,,,,,,,,,,,,,,,,,,,,,,,,,,,,,,,,,,,,,,,,,,,,,,,,,,,,,,,,,
VHM.AX,,,,,,,VHM,VHM LIMITED,Materials,Materials,EQUITY,ASXListedCompanies.csv,,,,,,,,,,,,,,,,,,,,,,,,,,,,,,,,,,,,,,,,,,,,,,,,,,,,,,,,,
VHY.AX,,,,,,,VHY,Vanguard Australian Shares High Yield ETF,,Spotlight ETP List,ETF/ETP,ASXInvestmentProductsMonthlyReport,,,,,,,,,,,,,,,,,,,,,,,,,,,,,,,,,,,,,,,,,,,,,,,,,,,,,,,,,
VIF.AX,,,,,,,VIF,Vanguard International Fixed Interest Index (Hedged) ETF,,Spotlight ETP List,ETF/ETP,ASXInvestmentProductsMonthlyReport,,,,,,,,,,,,,,,,,,,,,,,,,,,,,,,,,,,,,,,,,,,,,,,,,,,,,,,,,
VIG.AX,,,,,,,VIG,VICTOR GROUP HOLDINGS LIMITED,Information Technology,Software & Services,EQUITY,ASXListedCompanies.csv,,,,,,,,,,,,,,,,,,,,,,,,,,,,,,,,,,,,,,,,,,,,,,,,,,,,,,,,,
VISM.AX,,,,,,,VISM,Vanguard MSCI International Small Companies Index ETF,,Spotlight ETP List,ETF/ETP,ASXInvestmentProductsMonthlyReport,,,,,,,,,,,,,,,,,,,,,,,,,,,,,,,,,,,,,,,,,,,,,,,,,,,,,,,,,
VIT.AX,,,,,,,VIT,VITURA HEALTH LIMITED,Health Care,Health Care Equipment & Services,EQUITY,ASXListedCompanies.csv,,,,,,,,,,,,,,,,,,,,,,,,,,,,,,,,,,,,,,,,,,,,,,,,,,,,,,,,,
VKA.AX,,,,,,,VKA,VIKING MINES LIMITED,Materials,Materials,EQUITY,ASXListedCompanies.csv,,,,,,,,,,,,,,,,,,,,,,,,,,,,,,,,,,,,,,,,,,,,,,,,,,,,,,,,,
VLC.AX,,,,,,,VLC,Vanguard MSCI Australian Large Companies Index ETF,,Spotlight ETP List,ETF/ETP,ASXInvestmentProductsMonthlyReport,,,,,,,,,,,,,,,,,,,,,,,,,,,,,,,,,,,,,,,,,,,,,,,,,,,,,,,,,
VLS.AX,,,,,,,VLS,VITA LIFE SCIENCES LIMITED..,Health Care,"Pharmaceuticals, Biotechnology & Life Sciences",EQUITY,ASXListedCompanies.csv,,,,,,,,,,,,,,,,,,,,,,,,,,,,,,,,,,,,,,,,,,,,,,,,,,,,,,,,,
VLUE.AX,,,,,,,VLUE,VanEck MSCI International Value ETF,,Spotlight ETP List,ETF/ETP,ASXInvestmentProductsMonthlyReport,,,,,,,,,,,,,,,,,,,,,,,,,,,,,,,,,,,,,,,,,,,,,,,,,,,,,,,,,
VMC.AX,,,,,,,VMC,VENUS METALS CORPORATION LIMITED,Materials,Materials,EQUITY,ASXListedCompanies.csv,,,,,,,,,,,,,,,,,,,,,,,,,,,,,,,,,,,,,,,,,,,,,,,,,,,,,,,,,
VMIN.AX,,,,,,,VMIN,Vanguard Global Minimum Volatility Active ETF,,Spotlight ETP List,ETF/ETP,ASXInvestmentProductsMonthlyReport,,,,,,,,,,,,,,,,,,,,,,,,,,,,,,,,,,,,,,,,,,,,,,,,,,,,,,,,,
VML.AX,,,,,,,VML,VITAL METALS LIMITED,Materials,Materials,EQUITY,ASXListedCompanies.csv,,,,,,,,,,,,,,,,,,,,,,,,,,,,,,,,,,,,,,,,,,,,,,,,,,,,,,,,,
VMM.AX,,,,,,,VMM,VIRIDIS MINING AND MINERALS LIMITED,Materials,Materials,EQUITY,ASXListedCompanies.csv,,,,,,,,,,,,,,,,,,,,,,,,,,,,,,,,,,,,,,,,,,,,,,,,,,,,,,,,,
VMS.AX,,,,,,,VMS,VENARI MINERALS NL,Materials,Materials,EQUITY,ASXListedCompanies.csv,,,,,,,,,,,,,,,,,,,,,,,,,,,,,,,,,,,,,,,,,,,,,,,,,,,,,,,,,
VMT.AX,,,,,,,VMT,VMOTO LIMITED,Consumer Discretionary,Automobiles & Components,EQUITY,ASXListedCompanies.csv,,,,,,,,,,,,,,,,,,,,,,,,,,,,,,,,,,,,,,,,,,,,,,,,,,,,,,,,,
VNGS.AX,,,,,,,VNGS,Vaughan Nelson Global Equity SMID Fund – Active ETF,,Spotlight ETP List,ETF/ETP,ASXInvestmentProductsMonthlyReport,,,,,,,,,,,,,,,,,,,,,,,,,,,,,,,,,,,,,,,,,,,,,,,,,,,,,,,,,
VNL.AX,,,,,,,VNL,VINYL GROUP LTD,Information Technology,Software & Services,EQUITY,ASXListedCompanies.csv,,,,,,,,,,,,,,,,,,,,,,,,,,,,,,,,,,,,,,,,,,,,,,,,,,,,,,,,,
VNT.AX,,,,,,,VNT,VENTIA SERVICES GROUP LIMITED,Industrials,Capital Goods,EQUITY,ASXListedCompanies.csv,,,,,,,,,,,,,,,,,,,,,,,,,,,,,,,,,,,,,,,,,,,,,,,,,,,,,,,,,
VPG.AX,,,,,,,VPG,VODAFONE GROUP PLC.,,Not Applic,EQUITY,ASXListedCompanies.csv,,,,,,,,,,,,,,,,,,,,,,,,,,,,,,,,,,,,,,,,,,,,,,,,,,,,,,,,,
VPR.AX,,,,,,,VPR,VOLT GROUP LIMITED,Utilities,Utilities,EQUITY,ASXListedCompanies.csv,,,,,,,,,,,,,,,,,,,,,,,,,,,,,,,,,,,,,,,,,,,,,,,,,,,,,,,,,
VR1.AX,,,,,,,VR1,VECTION TECHNOLOGIES LTD,Information Technology,Software & Services,EQUITY,ASXListedCompanies.csv,,,,,,,,,,,,,,,,,,,,,,,,,,,,,,,,,,,,,,,,,,,,,,,,,,,,,,,,,
VR8.AX,,,,,,,VR8,VANADIUM RESOURCES LIMITED,Materials,Materials,EQUITY,ASXListedCompanies.csv,,,,,,,,,,,,,,,,,,,,,,,,,,,,,,,,,,,,,,,,,,,,,,,,,,,,,,,,,
VRC.AX,,,,,,,VRC,VOLT RESOURCES LIMITED,Materials,Materials,EQUITY,ASXListedCompanies.csv,,,,,,,,,,,,,,,,,,,,,,,,,,,,,,,,,,,,,,,,,,,,,,,,,,,,,,,,,
VRL.AX,,,,,,,VRL,VERITY RESOURCES LIMITED,Materials,Materials,EQUITY,ASXListedCompanies.csv,,,,,,,,,,,,,,,,,,,,,,,,,,,,,,,,,,,,,,,,,,,,,,,,,,,,,,,,,
VRS.AX,,,,,,,VRS,VERIS LIMITED,Industrials,Commercial & Professional Services,EQUITY,ASXListedCompanies.csv,,,,,,,,,,,,,,,,,,,,,,,,,,,,,,,,,,,,,,,,,,,,,,,,,,,,,,,,,
VRX.AX,,,,,,,VRX,VRX SILICA LIMITED,Materials,Materials,EQUITY,ASXListedCompanies.csv,,,,,,,,,,,,,,,,,,,,,,,,,,,,,,,,,,,,,,,,,,,,,,,,,,,,,,,,,
VSL.AX,,,,,,,VSL,VULCAN STEEL LIMITED,Materials,Materials,EQUITY,ASXListedCompanies.csv,,,,,,,,,,,,,,,,,,,,,,,,,,,,,,,,,,,,,,,,,,,,,,,,,,,,,,,,,
VSO.AX,,,,,,,VSO,Vanguard MSCI Australian Small Companies Index ETF,,Spotlight ETP List,ETF/ETP,ASXInvestmentProductsMonthlyReport,,,,,,,,,,,,,,,,,,,,,,,,,,,,,,,,,,,,,,,,,,,,,,,,,,,,,,,,,
VSR.AX,,,,,,,VSR,VOLTAIC STRATEGIC RESOURCES LTD,Energy,Energy,EQUITY,ASXListedCompanies.csv,,,,,,,,,,,,,,,,,,,,,,,,,,,,,,,,,,,,,,,,,,,,,,,,,,,,,,,,,
VTA.AX,,,,,,,VTA,VITA RESOURCES NL,Materials,Materials,EQUITY,ASXListedCompanies.csv,,,,,,,,,,,,,,,,,,,,,,,,,,,,,,,,,,,,,,,,,,,,,,,,,,,,,,,,,
VTM.AX,,,,,,,VTM,VICTORY METALS LIMITED,Materials,Materials,EQUITY,ASXListedCompanies.csv,,,,,,,,,,,,,,,,,,,,,,,,,,,,,,,,,,,,,,,,,,,,,,,,,,,,,,,,,
VTS.AX,,,,,,,VTS,Vanguard US Total Market Shares Index ETF,,Spotlight ETP List,ETF/ETP,ASXInvestmentProductsMonthlyReport,,,,,,,,,,,,,,,,,,,,,,,,,,,,,,,,,,,,,,,,,,,,,,,,,,,,,,,,,
VTX.AX,,,,,,,VTX,VERTEX MINERALS LIMITED,Materials,Materials,EQUITY,ASXListedCompanies.csv,,,,,,,,,,,,,,,,,,,,,,,,,,,,,,,,,,,,,,,,,,,,,,,,,,,,,,,,,
VUL.AX,,,,,,,VUL,VULCAN ENERGY RESOURCES LIMITED,Materials,Materials,EQUITY,ASXListedCompanies.csv,,,,,,,,,,,,,,,,,,,,,,,,,,,,,,,,,,,,,,,,,,,,,,,,,,,,,,,,,
VVA.AX,,,,,,,VVA,VIVA LEISURE LIMITED,Consumer Discretionary,Consumer Services,EQUITY,ASXListedCompanies.csv,,,,,,,,,,,,,,,,,,,,,,,,,,,,,,,,,,,,,,,,,,,,,,,,,,,,,,,,,
VVLU.AX,,,,,,,VVLU,Vanguard Global Value Equity Active ETF,,Spotlight ETP List,ETF/ETP,ASXInvestmentProductsMonthlyReport,,,,,,,,,,,,,,,,,,,,,,,,,,,,,,,,,,,,,,,,,,,,,,,,,,,,,,,,,
VYS.AX,,,,,,,VYS,VYSARN LIMITED,Materials,Materials,EQUITY,ASXListedCompanies.csv,,,,,,,,,,,,,,,,,,,,,,,,,,,,,,,,,,,,,,,,,,,,,,,,,,,,,,,,,
W2V.AX,,,,,,,W2V,WAY 2 VAT LTD.,Information Technology,Software & Services,EQUITY,ASXListedCompanies.csv,,,,,,,,,,,,,,,,,,,,,,,,,,,,,,,,,,,,,,,,,,,,,,,,,,,,,,,,,
WA1.AX,,,,,,,WA1,WA1 RESOURCES LTD,Materials,Materials,EQUITY,ASXListedCompanies.csv,,,,,,,,,,,,,,,,,,,,,,,,,,,,,,,,,,,,,,,,,,,,,,,,,,,,,,,,,
WAA.AX,,,,,,,WAA,WAM ACTIVE LIMITED,,Not Applic,EQUITY,ASXListedCompanies.csv,,,,,,,,,,,,,,,,,,,,,,,,,,,,,,,,,,,,,,,,,,,,,,,,,,,,,,,,,
WAF.AX,,,,,,,WAF,WEST AFRICAN RESOURCES LIMITED,Materials,Materials,EQUITY,ASXListedCompanies.csv,,,,,,,,,,,,,,,,,,,,,,,,,,,,,,,,,,,,,,,,,,,,,,,,,,,,,,,,,
WAG.AX,,,,,,,WAG,THE AUSTRALIAN WEALTH ADVISORS GROUP LIMITED,Financials,Financial Services,EQUITY,ASXListedCompanies.csv,,,,,,,,,,,,,,,,,,,,,,,,,,,,,,,,,,,,,,,,,,,,,,,,,,,,,,,,,
WAK.AX,,,,,,,WAK,WA KAOLIN LIMITED,Materials,Materials,EQUITY,ASXListedCompanies.csv,,,,,,,,,,,,,,,,,,,,,,,,,,,,,,,,,,,,,,,,,,,,,,,,,,,,,,,,,
WAM.AX,,,,,,,WAM,WAM CAPITAL LIMITED,,Not Applic,EQUITY,ASXListedCompanies.csv,,,,,,,,,,,,,,,,,,,,,,,,,,,,,,,,,,,,,,,,,,,,,,,,,,,,,,,,,
WAR.AX,,,,,,,WAR,WAM STRATEGIC VALUE LIMITED,,Not Applic,EQUITY,ASXListedCompanies.csv,,,,,,,,,,,,,,,,,,,,,,,,,,,,,,,,,,,,,,,,,,,,,,,,,,,,,,,,,
WAT.AX,,,,,,,WAT,WATERCO LIMITED,Consumer Discretionary,Consumer Durables & Apparel,EQUITY,ASXListedCompanies.csv,,,,,,,,,,,,,,,,,,,,,,,,,,,,,,,,,,,,,,,,,,,,,,,,,,,,,,,,,
WAX.AX,,,,,,,WAX,WAM RESEARCH LIMITED,,Not Applic,EQUITY,ASXListedCompanies.csv,,,,,,,,,,,,,,,,,,,,,,,,,,,,,,,,,,,,,,,,,,,,,,,,,,,,,,,,,
WB1.AX,,,,,,,WB1,SERIES 2020-1 WST TRUST,,Not Applic,EQUITY,ASXListedCompanies.csv,,,,,,,,,,,,,,,,,,,,,,,,,,,,,,,,,,,,,,,,,,,,,,,,,,,,,,,,,
WBC.AX,,,,,,,WBC,WESTPAC BANKING CORPORATION,Financials,Banks,EQUITY,ASXListedCompanies.csv,,,,,,,,,,,,,,,,,,,,,,,,,,,,,,,,,,,,,,,,,,,,,,,,,,,,,,,,,
WBND.AX,,,,,,,WBND,Betashares Global Aggregate Bond Currency Hedged ETF,,Spotlight ETP List,ETF/ETP,ASXInvestmentProductsMonthlyReport,,,,,,,,,,,,,,,,,,,,,,,,,,,,,,,,,,,,,,,,,,,,,,,,,,,,,,,,,
WBT.AX,,,,,,,WBT,WEEBIT NANO LTD,Information Technology,Semiconductors & Semiconductor Equipment,EQUITY,ASXListedCompanies.csv,,,,,,,,,,,,,,,,,,,,,,,,,,,,,,,,,,,,,,,,,,,,,,,,,,,,,,,,,
WC1.AX,,,,,,,WC1,WEST COBAR METALS LIMITED,Materials,Materials,EQUITY,ASXListedCompanies.csv,,,,,,,,,,,,,,,,,,,,,,,,,,,,,,,,,,,,,,,,,,,,,,,,,,,,,,,,,
WC8.AX,,,,,,,WC8,WILDCAT RESOURCES LIMITED,Materials,Materials,EQUITY,ASXListedCompanies.csv,,,,,,,,,,,,,,,,,,,,,,,,,,,,,,,,,,,,,,,,,,,,,,,,,,,,,,,,,
WCE.AX,,,,,,,WCE,WEST COAST SILVER LIMITED,Materials,Materials,EQUITY,ASXListedCompanies.csv,,,,,,,,,,,,,,,,,,,,,,,,,,,,,,,,,,,,,,,,,,,,,,,,,,,,,,,,,
WCMQ.AX,,,,,,,WCMQ,WCM Quality Global Growth Fund – Active ETF,,Spotlight ETP List,ETF/ETP,ASXInvestmentProductsMonthlyReport,,,,,,,,,,,,,,,,,,,,,,,,,,,,,,,,,,,,,,,,,,,,,,,,,,,,,,,,,
WCN.AX,,,,,,,WCN,WHITE CLIFF MINERALS LIMITED,Materials,Materials,EQUITY,ASXListedCompanies.csv,,,,,,,,,,,,,,,,,,,,,,,,,,,,,,,,,,,,,,,,,,,,,,,,,,,,,,,,,
WDIV.AX,,,,,,,WDIV,SPDR S&P Global Dividend ETF,,Spotlight ETP List,ETF/ETP,ASXInvestmentProductsMonthlyReport,,,,,,,,,,,,,,,,,,,,,,,,,,,,,,,,,,,,,,,,,,,,,,,,,,,,,,,,,
WDMF.AX,,,,,,,WDMF,iShares Edge MSCI World Multifactor ETF,,Spotlight ETP List,ETF/ETP,ASXInvestmentProductsMonthlyReport,,,,,,,,,,,,,,,,,,,,,,,,,,,,,,,,,,,,,,,,,,,,,,,,,,,,,,,,,
WDS.AX,,,,,,,WDS,WOODSIDE ENERGY GROUP LTD,Energy,Energy,EQUITY,ASXListedCompanies.csv,,,,,,,,,,,,,,,,,,,,,,,,,,,,,,,,,,,,,,,,,,,,,,,,,,,,,,,,,
WE1.AX,,,,,,,WE1,SERIES 2019-1 WST TRUST,,Not Applic,EQUITY,ASXListedCompanies.csv,,,,,,,,,,,,,,,,,,,,,,,,,,,,,,,,,,,,,,,,,,,,,,,,,,,,,,,,,
WEB.AX,,,,,,,WEB,WEB TRAVEL GROUP LIMITED,Consumer Discretionary,Consumer Services,EQUITY,ASXListedCompanies.csv,,,,,,,,,,,,,,,,,,,,,,,,,,,,,,,,,,,,,,,,,,,,,,,,,,,,,,,,,
WEC.AX,,,,,,,WEC,WHITE ENERGY COMPANY LIMITED,Energy,Energy,EQUITY,ASXListedCompanies.csv,,,,,,,,,,,,,,,,,,,,,,,,,,,,,,,,,,,,,,,,,,,,,,,,,,,,,,,,,
WEF.AX,,,,,,,WEF,WEA FINANCE LLC AND WESTFIELD UK & EUROPE FINANCE PLC,,Not Applic,EQUITY,ASXListedCompanies.csv,,,,,,,,,,,,,,,,,,,,,,,,,,,,,,,,,,,,,,,,,,,,,,,,,,,,,,,,,
WEL.AX,,,,,,,WEL,WINCHESTER ENERGY LTD,Energy,Energy,EQUITY,ASXListedCompanies.csv,,,,,,,,,,,,,,,,,,,,,,,,,,,,,,,,,,,,,,,,,,,,,,,,,,,,,,,,,
WEMG.AX,,,,,,,WEMG,SPDR S&P Emerging Markets Carbon Aware ETF,,Spotlight ETP List,ETF/ETP,ASXInvestmentProductsMonthlyReport,,,,,,,,,,,,,,,,,,,,,,,,,,,,,,,,,,,,,,,,,,,,,,,,,,,,,,,,,
WEN.AX,,,,,,,WEN,WESTFIELD UK & EUROPE FINANCE PLC,,Not Applic,EQUITY,ASXListedCompanies.csv,,,,,,,,,,,,,,,,,,,,,,,,,,,,,,,,,,,,,,,,,,,,,,,,,,,,,,,,,
WES.AX,,,,,,,WES,WESFARMERS LIMITED,Consumer Discretionary,Consumer Discretionary Distribution & Retail,EQUITY,ASXListedCompanies.csv,,,,,,,,,,,,,,,,,,,,,,,,,,,,,,,,,,,,,,,,,,,,,,,,,,,,,,,,,
WGB.AX,,,,,,,WGB,WAM GLOBAL LIMITED,,Not Applic,EQUITY,ASXListedCompanies.csv,,,,,,,,,,,,,,,,,,,,,,,,,,,,,,,,,,,,,,,,,,,,,,,,,,,,,,,,,
WGN.AX,,,,,,,WGN,WAGNERS HOLDING COMPANY LIMITED,Materials,Materials,EQUITY,ASXListedCompanies.csv,,,,,,,,,,,,,,,,,,,,,,,,,,,,,,,,,,,,,,,,,,,,,,,,,,,,,,,,,
WGR.AX,,,,,,,WGR,WESTERN GOLD RESOURCES LIMITED.,Materials,Materials,EQUITY,ASXListedCompanies.csv,,,,,,,,,,,,,,,,,,,,,,,,,,,,,,,,,,,,,,,,,,,,,,,,,,,,,,,,,
WGX.AX,,,,,,,WGX,WESTGOLD RESOURCES LIMITED.,Materials,Materials,EQUITY,ASXListedCompanies.csv,,,,,,,,,,,,,,,,,,,,,,,,,,,,,,,,,,,,,,,,,,,,,,,,,,,,,,,,,
WHC.AX,,,,,,,WHC,WHITEHAVEN COAL LIMITED,Energy,Energy,EQUITY,ASXListedCompanies.csv,,,,,,,,,,,,,,,,,,,,,,,,,,,,,,,,,,,,,,,,,,,,,,,,,,,,,,,,,
WHF.AX,,,,,,,WHF,WHITEFIELD INDUSTRIALS LIMITED,,Not Applic,EQUITY,ASXListedCompanies.csv,,,,,,,,,,,,,,,,,,,,,,,,,,,,,,,,,,,,,,,,,,,,,,,,,,,,,,,,,
WHI.AX,,,,,,,WHI,WHITEFIELD INCOME LIMITED,,Not Applic,EQUITY,ASXListedCompanies.csv,,,,,,,,,,,,,,,,,,,,,,,,,,,,,,,,,,,,,,,,,,,,,,,,,,,,,,,,,
WHK.AX,,,,,,,WHK,WHITEHAWK LIMITED,Information Technology,Software & Services,EQUITY,ASXListedCompanies.csv,,,,,,,,,,,,,,,,,,,,,,,,,,,,,,,,,,,,,,,,,,,,,,,,,,,,,,,,,
WIA.AX,,,,,,,WIA,WIA GOLD LIMITED,Materials,Materials,EQUITY,ASXListedCompanies.csv,,,,,,,,,,,,,,,,,,,,,,,,,,,,,,,,,,,,,,,,,,,,,,,,,,,,,,,,,
WIN.AX,,,,,,,WIN,WIN METALS LTD,Materials,Materials,EQUITY,ASXListedCompanies.csv,,,,,,,,,,,,,,,,,,,,,,,,,,,,,,,,,,,,,,,,,,,,,,,,,,,,,,,,,
WIRE.AX,,,,,,,WIRE,Global X Copper Miners ETF,,Spotlight ETP List,ETF/ETP,ASXInvestmentProductsMonthlyReport,,,,,,,,,,,,,,,,,,,,,,,,,,,,,,,,,,,,,,,,,,,,,,,,,,,,,,,,,
WJL.AX,,,,,,,WJL,WEBJET GROUP LIMITED,Consumer Discretionary,Consumer Services,EQUITY,ASXListedCompanies.csv,,,,,,,,,,,,,,,,,,,,,,,,,,,,,,,,,,,,,,,,,,,,,,,,,,,,,,,,,
WLE.AX,,,,,,,WLE,WAM LEADERS LIMITED,,Not Applic,EQUITY,ASXListedCompanies.csv,,,,,,,,,,,,,,,,,,,,,,,,,,,,,,,,,,,,,,,,,,,,,,,,,,,,,,,,,
WMA.AX,,,,,,,WMA,WAM ALTERNATIVE ASSETS LIMITED,,Not Applic,EQUITY,ASXListedCompanies.csv,,,,,,,,,,,,,,,,,,,,,,,,,,,,,,,,,,,,,,,,,,,,,,,,,,,,,,,,,
WMG.AX,,,,,,,WMG,WESTERN MINES GROUP LTD,Materials,Materials,EQUITY,ASXListedCompanies.csv,,,,,,,,,,,,,,,,,,,,,,,,,,,,,,,,,,,,,,,,,,,,,,,,,,,,,,,,,
WMI.AX,,,,,,,WMI,WAM MICROCAP LIMITED,,Not Applic,EQUITY,ASXListedCompanies.csv,,,,,,,,,,,,,,,,,,,,,,,,,,,,,,,,,,,,,,,,,,,,,,,,,,,,,,,,,
WMX.AX,,,,,,,WMX,WAM INCOME MAXIMISER LIMITED,,Not Applic,EQUITY,ASXListedCompanies.csv,,,,,,,,,,,,,,,,,,,,,,,,,,,,,,,,,,,,,,,,,,,,,,,,,,,,,,,,,
WNR.AX,,,,,,,WNR,WINGARA AG LTD,Consumer Staples,"Food, Beverage & Tobacco",EQUITY,ASXListedCompanies.csv,,,,,,,,,,,,,,,,,,,,,,,,,,,,,,,,,,,,,,,,,,,,,,,,,,,,,,,,,
WNX.AX,,,,,,,WNX,WELLNEX LIFE LIMITED,Consumer Staples,"Food, Beverage & Tobacco",EQUITY,ASXListedCompanies.csv,,,,,,,,,,,,,,,,,,,,,,,,,,,,,,,,,,,,,,,,,,,,,,,,,,,,,,,,,
WOA.AX,,,,,,,WOA,WIDE OPEN AGRICULTURE LTD,Consumer Staples,"Food, Beverage & Tobacco",EQUITY,ASXListedCompanies.csv,,,,,,,,,,,,,,,,,,,,,,,,,,,,,,,,,,,,,,,,,,,,,,,,,,,,,,,,,
WOR.AX,,,,,,,WOR,WORLEY LIMITED,Industrials,Capital Goods,EQUITY,ASXListedCompanies.csv,,,,,,,,,,,,,,,,,,,,,,,,,,,,,,,,,,,,,,,,,,,,,,,,,,,,,,,,,
WOT.AX,,,,,,,WOT,WOTSO,Real Estate,Real Estate Management & Development,EQUITY,ASXListedCompanies.csv,,,,,,,,,,,,,,,,,,,,,,,,,,,,,,,,,,,,,,,,,,,,,,,,,,,,,,,,,
WOW.AX,,,,,,,WOW,WOOLWORTHS GROUP LIMITED,Consumer Staples,Consumer Staples Distribution & Retail,EQUITY,ASXListedCompanies.csv,,,,,,,,,,,,,,,,,,,,,,,,,,,,,,,,,,,,,,,,,,,,,,,,,,,,,,,,,
WPR.AX,,,,,,,WPR,WAYPOINT REIT,Real Estate,Equity Real Estate Investment Trusts (REITs),EQUITY,ASXListedCompanies.csv,,,,,,,,,,,,,,,,,,,,,,,,,,,,,,,,,,,,,,,,,,,,,,,,,,,,,,,,,
WQG.AX,,,,,,,WQG,WCM GLOBAL GROWTH LIMITED,,Not Applic,EQUITY,ASXListedCompanies.csv,,,,,,,,,,,,,,,,,,,,,,,,,,,,,,,,,,,,,,,,,,,,,,,,,,,,,,,,,
WR1.AX,,,,,,,WR1,WINSOME RESOURCES LIMITED,Materials,Materials,EQUITY,ASXListedCompanies.csv,,,,,,,,,,,,,,,,,,,,,,,,,,,,,,,,,,,,,,,,,,,,,,,,,,,,,,,,,
WRK.AX,,,,,,,WRK,WRKR LTD,Information Technology,Software & Services,EQUITY,ASXListedCompanies.csv,,,,,,,,,,,,,,,,,,,,,,,,,,,,,,,,,,,,,,,,,,,,,,,,,,,,,,,,,
WRLD.AX,,,,,,,WRLD,Betashares Managed Risk Global Shares Complex ETF,,Spotlight ETP List,ETF/ETP,ASXInvestmentProductsMonthlyReport,,,,,,,,,,,,,,,,,,,,,,,,,,,,,,,,,,,,,,,,,,,,,,,,,,,,,,,,,
WS1.AX,,,,,,,WS1,SERIES 2024-1 WST TRUST,,Not Applic,EQUITY,ASXListedCompanies.csv,,,,,,,,,,,,,,,,,,,,,,,,,,,,,,,,,,,,,,,,,,,,,,,,,,,,,,,,,
WS2.AX,,,,,,,WS2,SERIES 2024-2 WST TRUST,,Not Applic,EQUITY,ASXListedCompanies.csv,,,,,,,,,,,,,,,,,,,,,,,,,,,,,,,,,,,,,,,,,,,,,,,,,,,,,,,,,
WSE.AX,,,,,,,WSE,SERIES 2021-1 WST TRUST,,Not Applic,EQUITY,ASXListedCompanies.csv,,,,,,,,,,,,,,,,,,,,,,,,,,,,,,,,,,,,,,,,,,,,,,,,,,,,,,,,,
WSI.AX,,,,,,,WSI,WESTSTAR INDUSTRIAL LIMITED,Materials,Materials,EQUITY,ASXListedCompanies.csv,,,,,,,,,,,,,,,,,,,,,,,,,,,,,,,,,,,,,,,,,,,,,,,,,,,,,,,,,
WSR.AX,,,,,,,WSR,WESTAR RESOURCES LIMITED,Materials,Materials,EQUITY,ASXListedCompanies.csv,,,,,,,,,,,,,,,,,,,,,,,,,,,,,,,,,,,,,,,,,,,,,,,,,,,,,,,,,
WTC.AX,,,,,,,WTC,WISETECH GLOBAL LIMITED,Information Technology,Software & Services,EQUITY,ASXListedCompanies.csv,,,,,,,,,,,,,,,,,,,,,,,,,,,,,,,,,,,,,,,,,,,,,,,,,,,,,,,,,
WTL.AX,,,,,,,WTL,WT FINANCIAL GROUP LIMITED,Financials,Financial Services,EQUITY,ASXListedCompanies.csv,,,,,,,,,,,,,,,,,,,,,,,,,,,,,,,,,,,,,,,,,,,,,,,,,,,,,,,,,
WTM.AX,,,,,,,WTM,WARATAH MINERALS LIMITED,Materials,Materials,EQUITY,ASXListedCompanies.csv,,,,,,,,,,,,,,,,,,,,,,,,,,,,,,,,,,,,,,,,,,,,,,,,,,,,,,,,,
WTN.AX,,,,,,,WTN,WINTON LAND LIMITED,Real Estate,Real Estate Management & Development,EQUITY,ASXListedCompanies.csv,,,,,,,,,,,,,,,,,,,,,,,,,,,,,,,,,,,,,,,,,,,,,,,,,,,,,,,,,
WVOL.AX,,,,,,,WVOL,iShares Edge MSCI World Minimum Volatility ETF,,Spotlight ETP List,ETF/ETP,ASXInvestmentProductsMonthlyReport,,,,,,,,,,,,,,,,,,,,,,,,,,,,,,,,,,,,,,,,,,,,,,,,,,,,,,,,,
WWG.AX,,,,,,,WWG,WISEWAY GROUP LIMITED,Industrials,Transportation,EQUITY,ASXListedCompanies.csv,,,,,,,,,,,,,,,,,,,,,,,,,,,,,,,,,,,,,,,,,,,,,,,,,,,,,,,,,
WWI.AX,,,,,,,WWI,WEST WITS MINING LIMITED,Materials,Materials,EQUITY,ASXListedCompanies.csv,,,,,,,,,,,,,,,,,,,,,,,,,,,,,,,,,,,,,,,,,,,,,,,,,,,,,,,,,
WWWW.AX,,,,,,,WWWW,ETFS US Technology ETF,,Spotlight ETP List,ETF/ETP,ASXInvestmentProductsMonthlyReport,,,,,,,,,,,,,,,,,,,,,,,,,,,,,,,,,,,,,,,,,,,,,,,,,,,,,,,,,
WXHG.AX,,,,,,,WXHG,SPDR S&P World ex Australia Carbon Aware (Hedged) ETF,,Spotlight ETP List,ETF/ETP,ASXInvestmentProductsMonthlyReport,,,,,,,,,,,,,,,,,,,,,,,,,,,,,,,,,,,,,,,,,,,,,,,,,,,,,,,,,
WXOZ.AX,,,,,,,WXOZ,SPDR S&P World ex Australia Carbon Aware ETF,,Spotlight ETP List,ETF/ETP,ASXInvestmentProductsMonthlyReport,,,,,,,,,,,,,,,,,,,,,,,,,,,,,,,,,,,,,,,,,,,,,,,,,,,,,,,,,
WYX.AX,,,,,,,WYX,WESTERN YILGARN NL,Materials,Materials,EQUITY,ASXListedCompanies.csv,,,,,,,,,,,,,,,,,,,,,,,,,,,,,,,,,,,,,,,,,,,,,,,,,,,,,,,,,
WZR.AX,,,,,,,WZR,WISR LIMITED,Financials,Financial Services,EQUITY,ASXListedCompanies.csv,,,,,,,,,,,,,,,,,,,,,,,,,,,,,,,,,,,,,,,,,,,,,,,,,,,,,,,,,
X2M.AX,,,,,,,X2M,X2M CONNECT LIMITED,Information Technology,Technology Hardware & Equipment,EQUITY,ASXListedCompanies.csv,,,,,,,,,,,,,,,,,,,,,,,,,,,,,,,,,,,,,,,,,,,,,,,,,,,,,,,,,
XALG.AX,,,,,,,XALG,Alphinity Global Equity Fund - Active ETF,,Spotlight ETP List,ETF/ETP,ASXInvestmentProductsMonthlyReport,,,,,,,,,,,,,,,,,,,,,,,,,,,,,,,,,,,,,,,,,,,,,,,,,,,,,,,,,
XARO.AX,,,,,,,XARO,Ardea Real Outcome Bond Complex ETF,,Spotlight ETP List,ETF/ETP,ASXInvestmentProductsMonthlyReport,,,,,,,,,,,,,,,,,,,,,,,,,,,,,,,,,,,,,,,,,,,,,,,,,,,,,,,,,
XASG.AX,,,,,,,XASG,Alphinity Global Sustainable Equity Fund - Active ETF,,Spotlight ETP List,ETF/ETP,ASXInvestmentProductsMonthlyReport,,,,,,,,,,,,,,,,,,,,,,,,,,,,,,,,,,,,,,,,,,,,,,,,,,,,,,,,,
XCL.AX,,,,,,,XCL,AUSTRALIAN COMMONWEALTH GOVERNMENT LOANS,,Not Applic,EQUITY,ASXListedCompanies.csv,,,,,,,,,,,,,,,,,,,,,,,,,,,,,,,,,,,,,,,,,,,,,,,,,,,,,,,,,
XF1.AX,,,,,,,XF1,XREF LIMITED,Information Technology,Software & Services,EQUITY,ASXListedCompanies.csv,,,,,,,,,,,,,,,,,,,,,,,,,,,,,,,,,,,,,,,,,,,,,,,,,,,,,,,,,
XGL.AX,,,,,,,XGL,XAMBLE GROUP LIMITED,Communication Services,Media & Entertainment,EQUITY,ASXListedCompanies.csv,,,,,,,,,,,,,,,,,,,,,,,,,,,,,,,,,,,,,,,,,,,,,,,,,,,,,,,,,
XGOV.AX,,,,,,,XGOV,VanEck 10+ Year Australian Government Bond ETF,,Spotlight ETP List,ETF/ETP,ASXInvestmentProductsMonthlyReport,,,,,,,,,,,,,,,,,,,,,,,,,,,,,,,,,,,,,,,,,,,,,,,,,,,,,,,,,
XIFAI.AX,,,,,,,XIFAI,S&P/ASX Infrastructure Index Accumulation,,Spotlight ETP List,ETF/ETP,ASXInvestmentProductsMonthlyReport,,,,,,,,,,,,,,,,,,,,,,,,,,,,,,,,,,,,,,,,,,,,,,,,,,,,,,,,,
XJOAI.AX,,,,,,,XJOAI,S&P/ASX 200 Accumulation,,Spotlight ETP List,ETF/ETP,ASXInvestmentProductsMonthlyReport,,,,,,,,,,,,,,,,,,,,,,,,,,,,,,,,,,,,,,,,,,,,,,,,,,,,,,,,,
XMET.AX,,,,,,,XMET,Betashares Energy Transition Metals ETF,,Spotlight ETP List,ETF/ETP,ASXInvestmentProductsMonthlyReport,,,,,,,,,,,,,,,,,,,,,,,,,,,,,,,,,,,,,,,,,,,,,,,,,,,,,,,,,
XNC.AX,,,,,,,XNC,NEW SOUTH WALES TREASURY CORPORATION,,Not Applic,EQUITY,ASXListedCompanies.csv,,,,,,,,,,,,,,,,,,,,,,,,,,,,,,,,,,,,,,,,,,,,,,,,,,,,,,,,,
XPD.AX,,,,,,,XPD,XPEDRA RESOURCES LIMITED,Materials,Materials,EQUITY,ASXListedCompanies.csv,,,,,,,,,,,,,,,,,,,,,,,,,,,,,,,,,,,,,,,,,,,,,,,,,,,,,,,,,
XPJAI.AX,,,,,,,XPJAI,S&P/ASX 200 A-REIT Accumulation,,Spotlight ETP List,ETF/ETP,ASXInvestmentProductsMonthlyReport,,,,,,,,,,,,,,,,,,,,,,,,,,,,,,,,,,,,,,,,,,,,,,,,,,,,,,,,,
XPN.AX,,,,,,,XPN,XPON TECHNOLOGIES GROUP LIMITED,Information Technology,Software & Services,EQUITY,ASXListedCompanies.csv,,,,,,,,,,,,,,,,,,,,,,,,,,,,,,,,,,,,,,,,,,,,,,,,,,,,,,,,,
XQL.AX,,,,,,,XQL,QUEENSLAND TREASURY CORPORATION,,Not Applic,EQUITY,ASXListedCompanies.csv,,,,,,,,,,,,,,,,,,,,,,,,,,,,,,,,,,,,,,,,,,,,,,,,,,,,,,,,,
XRA.AX,,,,,,,XRA,XENORA MINERALS LTD,Materials,Materials,EQUITY,ASXListedCompanies.csv,,,,,,,,,,,,,,,,,,,,,,,,,,,,,,,,,,,,,,,,,,,,,,,,,,,,,,,,,
XRF.AX,,,,,,,XRF,XRF SCIENTIFIC LIMITED,Industrials,Capital Goods,EQUITY,ASXListedCompanies.csv,,,,,,,,,,,,,,,,,,,,,,,,,,,,,,,,,,,,,,,,,,,,,,,,,,,,,,,,,
XRG.AX,,,,,,,XRG,XREALITY GROUP LTD,Consumer Discretionary,Consumer Services,EQUITY,ASXListedCompanies.csv,,,,,,,,,,,,,,,,,,,,,,,,,,,,,,,,,,,,,,,,,,,,,,,,,,,,,,,,,
XRO.AX,,,,,,,XRO,XERO LIMITED,Information Technology,Software & Services,EQUITY,ASXListedCompanies.csv,,,,,,,,,,,,,,,,,,,,,,,,,,,,,,,,,,,,,,,,,,,,,,,,,,,,,,,,,
XSOAI.AX,,,,,,,XSOAI,S&P/ASX Small Ords Accumulation,,Spotlight ETP List,ETF/ETP,ASXInvestmentProductsMonthlyReport,,,,,,,,,,,,,,,,,,,,,,,,,,,,,,,,,,,,,,,,,,,,,,,,,,,,,,,,,
XST.AX,,,,,,,XST,XSTATE RESOURCES LIMITED,Energy,Energy,EQUITY,ASXListedCompanies.csv,,,,,,,,,,,,,,,,,,,,,,,,,,,,,,,,,,,,,,,,,,,,,,,,,,,,,,,,,
XVG.AX,,,,,,,XVG,TREASURY CORPORATION OF VICTORIA,,Not Applic,EQUITY,ASXListedCompanies.csv,,,,,,,,,,,,,,,,,,,,,,,,,,,,,,,,,,,,,,,,,,,,,,,,,,,,,,,,,
XX20.AX,,,,,,,XX20,First Sentier ex-20 Australian Share Fund Active ETF,,Spotlight ETP List,ETF/ETP,ASXInvestmentProductsMonthlyReport,,,,,,,,,,,,,,,,,,,,,,,,,,,,,,,,,,,,,,,,,,,,,,,,,,,,,,,,,
XYZ.AX,,,,,,,XYZ,"BLOCK, INC.",Financials,Financial Services,EQUITY,ASXListedCompanies.csv,,,,,,,,,,,,,,,,,,,,,,,,,,,,,,,,,,,,,,,,,,,,,,,,,,,,,,,,,
YAL.AX,,,,,,,YAL,YANCOAL AUSTRALIA LIMITED,Energy,Energy,EQUITY,ASXListedCompanies.csv,,,,,,,,,,,,,,,,,,,,,,,,,,,,,,,,,,,,,,,,,,,,,,,,,,,,,,,,,
YANK.AX,,,,,,,YANK,Betashares Strong Us Dollar Complex ETF,,Spotlight ETP List,ETF/ETP,ASXInvestmentProductsMonthlyReport,,,,,,,,,,,,,,,,,,,,,,,,,,,,,,,,,,,,,,,,,,,,,,,,,,,,,,,,,
YAR.AX,,,,,,,YAR,YARI MINERALS LIMITED,Materials,Materials,EQUITY,ASXListedCompanies.csv,,,,,,,,,,,,,,,,,,,,,,,,,,,,,,,,,,,,,,,,,,,,,,,,,,,,,,,,,
YMAX.AX,,,,,,,YMAX,Betashares Australian Top 20 Equities Yield Maximiser Complex ETF,,Spotlight ETP List,ETF/ETP,ASXInvestmentProductsMonthlyReport,,,,,,,,,,,,,,,,,,,,,,,,,,,,,,,,,,,,,,,,,,,,,,,,,,,,,,,,,
YOJ.AX,,,,,,,YOJ,YOJEE LIMITED,Information Technology,Software & Services,EQUITY,ASXListedCompanies.csv,,,,,,,,,,,,,,,,,,,,,,,,,,,,,,,,,,,,,,,,,,,,,,,,,,,,,,,,,
YOW.AX,,,,,,,YOW,YOWIE GROUP LTD,Consumer Staples,"Food, Beverage & Tobacco",EQUITY,ASXListedCompanies.csv,,,,,,,,,,,,,,,,,,,,,,,,,,,,,,,,,,,,,,,,,,,,,,,,,,,,,,,,,
YRL.AX,,,,,,,YRL,YANDAL RESOURCES LIMITED,Materials,Materials,EQUITY,ASXListedCompanies.csv,,,,,,,,,,,,,,,,,,,,,,,,,,,,,,,,,,,,,,,,,,,,,,,,,,,,,,,,,
YUG.AX,,,,,,,YUG,YUGO METALS LIMITED,Materials,Materials,EQUITY,ASXListedCompanies.csv,,,,,,,,,,,,,,,,,,,,,,,,,,,,,,,,,,,,,,,,,,,,,,,,,,,,,,,,,
ZAG.AX,,,,,,,ZAG,ZULEIKA GOLD LIMITED,Materials,Materials,EQUITY,ASXListedCompanies.csv,,,,,,,,,,,,,,,,,,,,,,,,,,,,,,,,,,,,,,,,,,,,,,,,,,,,,,,,,
ZEO.AX,,,,,,,ZEO,ZEOTECH LIMITED,Materials,Materials,EQUITY,ASXListedCompanies.csv,,,,,,,,,,,,,,,,,,,,,,,,,,,,,,,,,,,,,,,,,,,,,,,,,,,,,,,,,
ZEU.AX,,,,,,,ZEU,ZEUS RESOURCES LIMITED,Energy,Energy,EQUITY,ASXListedCompanies.csv,,,,,,,,,,,,,,,,,,,,,,,,,,,,,,,,,,,,,,,,,,,,,,,,,,,,,,,,,
ZGL.AX,,,,,,,ZGL,ZICOM GROUP LIMITED,Industrials,Capital Goods,EQUITY,ASXListedCompanies.csv,,,,,,,,,,,,,,,,,,,,,,,,,,,,,,,,,,,,,,,,,,,,,,,,,,,,,,,,,
ZIM.AX,,,,,,,ZIM,ZIMPLATS HOLDINGS LIMITED,Materials,Materials,EQUITY,ASXListedCompanies.csv,,,,,,,,,,,,,,,,,,,,,,,,,,,,,,,,,,,,,,,,,,,,,,,,,,,,,,,,,
ZIP.AX,,,,,,,ZIP,ZIP CO LIMITED..,Financials,Financial Services,EQUITY,ASXListedCompanies.csv,,,,,,,,,,,,,,,,,,,,,,,,,,,,,,,,,,,,,,,,,,,,,,,,,,,,,,,,,
ZLD.AX,,,,,,,ZLD,ZELIRA THERAPEUTICS LIMITED,Health Care,"Pharmaceuticals, Biotechnology & Life Sciences",EQUITY,ASXListedCompanies.csv,,,,,,,,,,,,,,,,,,,,,,,,,,,,,,,,,,,,,,,,,,,,,,,,,,,,,,,,,
ZMI.AX,,,,,,,ZMI,ZINC OF IRELAND NL,Materials,Materials,EQUITY,ASXListedCompanies.csv,,,,,,,,,,,,,,,,,,,,,,,,,,,,,,,,,,,,,,,,,,,,,,,,,,,,,,,,,
ZMM.AX,,,,,,,ZMM,ZIMI LIMITED,Information Technology,Technology Hardware & Equipment,EQUITY,ASXListedCompanies.csv,,,,,,,,,,,,,,,,,,,,,,,,,,,,,,,,,,,,,,,,,,,,,,,,,,,,,,,,,
ZNC.AX,,,,,,,ZNC,ZENITH MINERALS LIMITED,Materials,Materials,EQUITY,ASXListedCompanies.csv,,,,,,,,,,,,,,,,,,,,,,,,,,,,,,,,,,,,,,,,,,,,,,,,,,,,,,,,,
ZNO.AX,,,,,,,ZNO,ZOONO GROUP LIMITED,Materials,Materials,EQUITY,ASXListedCompanies.csv,,,,,,,,,,,,,,,,,,,,,,,,,,,,,,,,,,,,,,,,,,,,,,,,,,,,,,,,,
ZOR.AX,,,,,,,ZOR,ORDINARY (UNLISTED/LISTED - COSACS),,Not Applic,EQUITY,ASXListedCompanies.csv,,,,,,,,,,,,,,,,,,,,,,,,,,,,,,,,,,,,,,,,,,,,,,,,,,,,,,,,,
ZYAU.AX,,,,,,,ZYAU,Global X S&P/ASX 200 High Dividend ETF,,Spotlight ETP List,ETF/ETP,ASXInvestmentProductsMonthlyReport,,,,,,,,,,,,,,,,,,,,,,,,,,,,,,,,,,,,,,,,,,,,,,,,,,,,,,,,,
ZYUS.AX,,,,,,,ZYUS,Global X S&P 500 High Yield Low Volatility ETF,,Spotlight ETP List,ETF/ETP,ASXInvestmentProductsMonthlyReport,,,,,,,,,,,,,,,,,,,,,,,,,,,,,,,,,,,,,,,,,,,,,,,,,,,,,,,,,
