code,yahoo_symbol,name,sector,industry,last_extracted_utc,last_extracted_awst,gics_sector,gics_sector_code,gics_industry_group,gics_industry_group_code,asset_type,source
10X,10X.AX,EXULTANT MINING LIMITED,Materials,,2026-02-07T16:49:57Z,2026-02-08 00:49 AWST,Materials,15,Materials,15100000,EQUITY,ASXListedCompanies.csv
14D,14D.AX,1414 DEGREES LIMITED,Capital Goods,,2026-02-07T16:49:57Z,2026-02-08 00:49 AWST,Industrials,20,Capital Goods,20100000,EQUITY,ASXListedCompanies.csv
1AD,1AD.AX,ADALTA LIMITED,"Pharmaceuticals, Biotechnology & Life Sciences",,2026-02-07T16:49:57Z,2026-02-08 00:49 AWST,Health Care,35,"Pharmaceuticals, Biotechnology & Life Sciences",35200000,EQUITY,ASXListedCompanies.csv
1AE,1AE.AX,AURORA ENERGY METALS LIMITED,Materials,,2026-02-07T16:49:57Z,2026-02-08 00:49 AWST,Materials,15,Materials,15100000,EQUITY,ASXListedCompanies.csv
1AI,1AI.AX,ALGORAE PHARMACEUTICALS LIMITED,"Pharmaceuticals, Biotechnology & Life Sciences",,2026-02-07T16:49:57Z,2026-02-08 00:49 AWST,Health Care,35,"Pharmaceuticals, Biotechnology & Life Sciences",35200000,EQUITY,ASXListedCompanies.csv
1CG,1CG.AX,ONE CLICK GROUP LIMITED,Capital Goods,,2026-02-07T16:49:57Z,2026-02-08 00:49 AWST,Industrials,20,Capital Goods,20100000,EQUITY,ASXListedCompanies.csv
1GOV,1GOV.AX,VanEck 1-5 Year Australian Government Bond ETF,ETF/ETP,Spotlight ETP List,2026-02-07T16:49:57Z,2026-02-08 00:49 AWST,,,,,ETF_ETP,ASX Investment Products Monthly Report
1MC,1MC.AX,MORELLA CORPORATION LIMITED,Materials,,2026-02-07T16:49:57Z,2026-02-08 00:49 AWST,Materials,15,Materials,15100000,EQUITY,ASXListedCompanies.csv
1TT,1TT.AX,THRIVE TRIBE TECHNOLOGIES LIMITED,Software & Services,,2026-02-07T16:49:57Z,2026-02-08 00:49 AWST,Information Technology,45,Software & Services,45100000,EQUITY,ASXListedCompanies.csv
28BB,28BB.AX,Betashares 2028 Fixed Term Corporate Bond Active ETF,ETF/ETP,Spotlight ETP List,2026-02-07T16:49:57Z,2026-02-08 00:49 AWST,,,,,ETF_ETP,ASX Investment Products Monthly Report
29BB,29BB.AX,Betashares 2029 Fixed Term Corporate Bond Active ETF,ETF/ETP,Spotlight ETP List,2026-02-07T16:49:57Z,2026-02-08 00:49 AWST,,,,,ETF_ETP,ASX Investment Products Monthly Report
29M,29M.AX,29METALS LIMITED,Materials,,2026-02-07T16:49:57Z,2026-02-08 00:49 AWST,Materials,15,Materials,15100000,EQUITY,ASXListedCompanies.csv
30BB,30BB.AX,Betashares 2030 Fixed Term Corporate Bond Active ETF,ETF/ETP,Spotlight ETP List,2026-02-07T16:49:57Z,2026-02-08 00:49 AWST,,,,,ETF_ETP,ASX Investment Products Monthly Report
360,360.AX,LIFE360 INC.,Software & Services,,2026-02-07T16:49:57Z,2026-02-08 00:49 AWST,Information Technology,45,Software & Services,45100000,EQUITY,ASXListedCompanies.csv
3DA,3DA.AX,AMAERO LTD,Capital Goods,,2026-02-07T16:49:57Z,2026-02-08 00:49 AWST,Industrials,20,Capital Goods,20100000,EQUITY,ASXListedCompanies.csv
3DP,3DP.AX,POINTERRA LIMITED,Software & Services,,2026-02-07T16:49:57Z,2026-02-08 00:49 AWST,Information Technology,45,Software & Services,45100000,EQUITY,ASXListedCompanies.csv
3PL,3PL.AX,3P LEARNING LIMITED..,Consumer Services,,2026-02-07T16:49:57Z,2026-02-08 00:49 AWST,Consumer Discretionary,25,Consumer Services,25300000,EQUITY,ASXListedCompanies.csv
49M,49M.AX,49 METALS LIMITED,Class Pend,,2026-02-07T16:49:57Z,2026-02-08 00:49 AWST,Classification Pending,99,Class Pend,99999999,EQUITY,ASXListedCompanies.csv
4DI01,4DI01.AX,4D Global Infrastructure Fund (Unhedged),ETF/ETP,Spotlight mFund List,2026-02-07T16:49:57Z,2026-02-08 00:49 AWST,,,,,ETF_ETP,ASX Investment Products Monthly Report
4DS,4DS.AX,4DS MEMORY LIMITED,Semiconductors & Semiconductor Equipment,,2026-02-07T16:49:57Z,2026-02-08 00:49 AWST,Information Technology,45,Semiconductors & Semiconductor Equipment,45300000,EQUITY,ASXListedCompanies.csv
4DX,4DX.AX,4DMEDICAL LIMITED,Health Care Equipment & Services,,2026-02-07T16:49:57Z,2026-02-08 00:49 AWST,Health Care,35,Health Care Equipment & Services,35100000,EQUITY,ASXListedCompanies.csv
5EA,5EA.AX,5E ADVANCED MATERIALS INC.,Materials,,2026-02-07T16:49:57Z,2026-02-08 00:49 AWST,Materials,15,Materials,15100000,EQUITY,ASXListedCompanies.csv
5GG,5GG.AX,PENTANET LIMITED,Telecommunication Services,,2026-02-07T16:49:57Z,2026-02-08 00:49 AWST,Communication Services,50,Telecommunication Services,50100000,EQUITY,ASXListedCompanies.csv
5GN,5GN.AX,5G NETWORKS LIMITED.,Software & Services,,2026-02-07T16:49:57Z,2026-02-08 00:49 AWST,Information Technology,45,Software & Services,45100000,EQUITY,ASXListedCompanies.csv
5GOV,5GOV.AX,VanEck 5-10 Year Australian Government Bond ETF,ETF/ETP,Spotlight ETP List,2026-02-07T16:49:57Z,2026-02-08 00:49 AWST,,,,,ETF_ETP,ASX Investment Products Monthly Report
6KA,6KA.AX,"6K ADDITIVE, INC.",Materials,,2026-02-07T16:49:57Z,2026-02-08 00:49 AWST,Materials,15,Materials,15100000,EQUITY,ASXListedCompanies.csv
88E,88E.AX,88 ENERGY LIMITED,Energy,,2026-02-07T16:49:57Z,2026-02-08 00:49 AWST,Energy,10,Energy,10100000,EQUITY,ASXListedCompanies.csv
8CO,8CO.AX,8COMMON LIMITED,Software & Services,,2026-02-07T16:49:57Z,2026-02-08 00:49 AWST,Information Technology,45,Software & Services,45100000,EQUITY,ASXListedCompanies.csv
8IH,8IH.AX,8I HOLDINGS LTD,Financial Services,,2026-02-07T16:49:57Z,2026-02-08 00:49 AWST,Financials,40,Financial Services,40200000,EQUITY,ASXListedCompanies.csv
A11,A11.AX,ATLANTIC LITHIUM LIMITED,Materials,,2026-02-07T16:49:57Z,2026-02-08 00:49 AWST,Materials,15,Materials,15100000,EQUITY,ASXListedCompanies.csv
A1G,A1G.AX,AFRICAN GOLD LTD.,Materials,,2026-02-07T16:49:57Z,2026-02-08 00:49 AWST,Materials,15,Materials,15100000,EQUITY,ASXListedCompanies.csv
A1M,A1M.AX,AIC MINES LIMITED,Materials,,2026-02-07T16:49:57Z,2026-02-08 00:49 AWST,Materials,15,Materials,15100000,EQUITY,ASXListedCompanies.csv
A1N,A1N.AX,ARN MEDIA LIMITED,Media & Entertainment,,2026-02-07T16:49:57Z,2026-02-08 00:49 AWST,Communication Services,50,Media & Entertainment,50200000,EQUITY,ASXListedCompanies.csv
A200,A200.AX,Betashares Australia 200 ETF,ETF/ETP,Spotlight ETP List,2026-02-07T16:49:57Z,2026-02-08 00:49 AWST,,,,,ETF_ETP,ASX Investment Products Monthly Report
A2M,A2M.AX,THE A2 MILK COMPANY LIMITED,"Food, Beverage & Tobacco",,2026-02-07T16:49:57Z,2026-02-08 00:49 AWST,Consumer Staples,30,"Food, Beverage & Tobacco",30200000,EQUITY,ASXListedCompanies.csv
A300,A300.AX,Global X Australia 300 ETF,ETF/ETP,Spotlight ETP List,2026-02-07T16:49:57Z,2026-02-08 00:49 AWST,,,,,ETF_ETP,ASX Investment Products Monthly Report
A3D,A3D.AX,AURORA LABS LIMITED,Capital Goods,,2026-02-07T16:49:57Z,2026-02-08 00:49 AWST,Industrials,20,Capital Goods,20100000,EQUITY,ASXListedCompanies.csv
A4N,A4N.AX,ALPHA HPA LIMITED,Materials,,2026-02-07T16:49:57Z,2026-02-08 00:49 AWST,Materials,15,Materials,15100000,EQUITY,ASXListedCompanies.csv
A8G,A8G.AX,AUSTRALASIAN METALS LIMITED,Materials,,2026-02-07T16:49:57Z,2026-02-08 00:49 AWST,Materials,15,Materials,15100000,EQUITY,ASXListedCompanies.csv
AA2,AA2.AX,ARIANA RESOURCES PLC,Materials,,2026-02-07T16:49:57Z,2026-02-08 00:49 AWST,Materials,15,Materials,15100000,EQUITY,ASXListedCompanies.csv
AAA,AAA.AX,Betashares Australian High Interest Cash ETF,ETF/ETP,Spotlight ETP List,2026-02-07T16:49:57Z,2026-02-08 00:49 AWST,,,,,ETF_ETP,ASX Investment Products Monthly Report
AAC,AAC.AX,AUSTRALIAN AGRICULTURAL COMPANY LIMITED.,"Food, Beverage & Tobacco",,2026-02-07T16:49:57Z,2026-02-08 00:49 AWST,Consumer Staples,30,"Food, Beverage & Tobacco",30200000,EQUITY,ASXListedCompanies.csv
AAI,AAI.AX,ALCOA CORPORATION,Materials,,2026-02-07T16:49:57Z,2026-02-08 00:49 AWST,Materials,15,Materials,15100000,EQUITY,ASXListedCompanies.csv
AAJ,AAJ.AX,ARUMA RESOURCES LIMITED,Materials,,2026-02-07T16:49:57Z,2026-02-08 00:49 AWST,Materials,15,Materials,15100000,EQUITY,ASXListedCompanies.csv
AAL,AAL.AX,ALFABS AUSTRALIA LIMITED,Capital Goods,,2026-02-07T16:49:57Z,2026-02-08 00:49 AWST,Industrials,20,Capital Goods,20100000,EQUITY,ASXListedCompanies.csv
AAM,AAM.AX,AUMEGA METALS LTD,Materials,,2026-02-07T16:49:57Z,2026-02-08 00:49 AWST,Materials,15,Materials,15100000,EQUITY,ASXListedCompanies.csv
AAP,AAP.AX,AUSTRALIAN AGRICULTURAL PROJECTS LIMITED,"Food, Beverage & Tobacco",,2026-02-07T16:49:57Z,2026-02-08 00:49 AWST,Consumer Staples,30,"Food, Beverage & Tobacco",30200000,EQUITY,ASXListedCompanies.csv
AAR,AAR.AX,ASTRAL RESOURCES NL,Materials,,2026-02-07T16:49:57Z,2026-02-08 00:49 AWST,Materials,15,Materials,15100000,EQUITY,ASXListedCompanies.csv
AASF,AASF.AX,Airlie Australian Share Fund - Active ETF,ETF/ETP,Spotlight ETP List,2026-02-07T16:49:57Z,2026-02-08 00:49 AWST,,,,,ETF_ETP,ASX Investment Products Monthly Report
AAU,AAU.AX,ANTILLES GOLD LIMITED,Materials,,2026-02-07T16:49:57Z,2026-02-08 00:49 AWST,Materials,15,Materials,15100000,EQUITY,ASXListedCompanies.csv
ABB,ABB.AX,AUSSIE BROADBAND LIMITED,Telecommunication Services,,2026-02-07T16:49:57Z,2026-02-08 00:49 AWST,Communication Services,50,Telecommunication Services,50100000,EQUITY,ASXListedCompanies.csv
ABE,ABE.AX,AUSTRALIAN BOND EXCHANGE HOLDINGS LIMITED,Financial Services,,2026-02-07T16:49:57Z,2026-02-08 00:49 AWST,Financials,40,Financial Services,40200000,EQUITY,ASXListedCompanies.csv
ABG,ABG.AX,ABACUS GROUP,Equity Real Estate Investment Trusts (REITs),,2026-02-07T16:49:57Z,2026-02-08 00:49 AWST,Real Estate,60,Equity Real Estate Investment Trusts (REITs),60100000,EQUITY,ASXListedCompanies.csv
ABR,ABR.AX,ALBRIGHT METALS LTD,Materials,,2026-02-07T16:49:57Z,2026-02-08 00:49 AWST,Materials,15,Materials,15100000,EQUITY,ASXListedCompanies.csv
ABV,ABV.AX,ADVANCED BRAKING TECHNOLOGY LTD,Automobiles & Components,,2026-02-07T16:49:57Z,2026-02-08 00:49 AWST,Consumer Discretionary,25,Automobiles & Components,25100000,EQUITY,ASXListedCompanies.csv
ABX,ABX.AX,ABX GROUP LIMITED,Materials,,2026-02-07T16:49:57Z,2026-02-08 00:49 AWST,Materials,15,Materials,15100000,EQUITY,ASXListedCompanies.csv
ABY,ABY.AX,ADORE BEAUTY GROUP LIMITED,Consumer Discretionary Distribution & Retail,,2026-02-07T16:49:57Z,2026-02-08 00:49 AWST,Consumer Discretionary,25,Consumer Discretionary Distribution & Retail,25500000,EQUITY,ASXListedCompanies.csv
AC2,AC2.AX,ALLIED CREDIT ABS TRUST 2025-1P,Not Applic,,2026-02-07T16:49:57Z,2026-02-08 00:49 AWST,Not Applicable,00,Not Applic,00000000,EQUITY,ASXListedCompanies.csv
ACDC,ACDC.AX,Global X Battery Tech & Lithium ETF,ETF/ETP,Spotlight ETP List,2026-02-07T16:49:57Z,2026-02-08 00:49 AWST,,,,,ETF_ETP,ASX Investment Products Monthly Report
ACE,ACE.AX,ACUSENSUS LIMITED.,Software & Services,,2026-02-07T16:49:57Z,2026-02-08 00:49 AWST,Information Technology,45,Software & Services,45100000,EQUITY,ASXListedCompanies.csv
ACF,ACF.AX,ACROW LIMITED,Capital Goods,,2026-02-07T16:49:57Z,2026-02-08 00:49 AWST,Industrials,20,Capital Goods,20100000,EQUITY,ASXListedCompanies.csv
ACL,ACL.AX,AUSTRALIAN CLINICAL LABS LIMITED,Health Care Equipment & Services,,2026-02-07T16:49:57Z,2026-02-08 00:49 AWST,Health Care,35,Health Care Equipment & Services,35100000,EQUITY,ASXListedCompanies.csv
ACM,ACM.AX,AUSTRALIAN CRITICAL MINERALS LIMITED,Materials,,2026-02-07T16:49:57Z,2026-02-08 00:49 AWST,Materials,15,Materials,15100000,EQUITY,ASXListedCompanies.csv
ACP,ACP.AX,AUDALIA RESOURCES LIMITED,Materials,,2026-02-07T16:49:57Z,2026-02-08 00:49 AWST,Materials,15,Materials,15100000,EQUITY,ASXListedCompanies.csv
ACQ,ACQ.AX,ACORN CAPITAL INVESTMENT FUND LIMITED,Not Applic,,2026-02-07T16:49:57Z,2026-02-08 00:49 AWST,Not Applicable,00,Not Applic,00000000,EQUITY,ASXListedCompanies.csv
ACR,ACR.AX,ACRUX LIMITED,"Pharmaceuticals, Biotechnology & Life Sciences",,2026-02-07T16:49:57Z,2026-02-08 00:49 AWST,Health Care,35,"Pharmaceuticals, Biotechnology & Life Sciences",35200000,EQUITY,ASXListedCompanies.csv
ACS,ACS.AX,ACCENT RESOURCES NL,Materials,,2026-02-07T16:49:57Z,2026-02-08 00:49 AWST,Materials,15,Materials,15100000,EQUITY,ASXListedCompanies.csv
ACU,ACU.AX,ACUMENTIS GROUP LIMITED,Real Estate Management & Development,,2026-02-07T16:49:57Z,2026-02-08 00:49 AWST,Real Estate,60,Real Estate Management & Development,60200000,EQUITY,ASXListedCompanies.csv
ACW,ACW.AX,ACTINOGEN MEDICAL LIMITED,"Pharmaceuticals, Biotechnology & Life Sciences",,2026-02-07T16:49:57Z,2026-02-08 00:49 AWST,Health Care,35,"Pharmaceuticals, Biotechnology & Life Sciences",35200000,EQUITY,ASXListedCompanies.csv
ACY01,ACY01.AX,Armytage Australian Equity Income Fund,ETF/ETP,Spotlight mFund List,2026-02-07T16:49:57Z,2026-02-08 00:49 AWST,,,,,ETF_ETP,ASX Investment Products Monthly Report
ACY02,ACY02.AX,Armytage Strategic Opportunities Fund (Wholesale),ETF/ETP,Spotlight mFund List,2026-02-07T16:49:57Z,2026-02-08 00:49 AWST,,,,,ETF_ETP,ASX Investment Products Monthly Report
AD1,AD1.AX,ADNEO LIMITED,Media & Entertainment,,2026-02-07T16:49:57Z,2026-02-08 00:49 AWST,Communication Services,50,Media & Entertainment,50200000,EQUITY,ASXListedCompanies.csv
AD8,AD8.AX,AUDINATE GROUP LIMITED,Technology Hardware & Equipment,,2026-02-07T16:49:57Z,2026-02-08 00:49 AWST,Information Technology,45,Technology Hardware & Equipment,45200000,EQUITY,ASXListedCompanies.csv
ADC,ADC.AX,ACDC METALS LTD,Materials,,2026-02-07T16:49:57Z,2026-02-08 00:49 AWST,Materials,15,Materials,15100000,EQUITY,ASXListedCompanies.csv
ADD,ADD.AX,ADAVALE RESOURCES LIMITED,Energy,,2026-02-07T16:49:57Z,2026-02-08 00:49 AWST,Energy,10,Energy,10100000,EQUITY,ASXListedCompanies.csv
ADEF,ADEF.AX,Apostle Dundas Global Equity Fund - Class D Active ETF,ETF/ETP,Spotlight ETP List,2026-02-07T16:49:57Z,2026-02-08 00:49 AWST,,,,,ETF_ETP,ASX Investment Products Monthly Report
ADG,ADG.AX,ADELONG GOLD LIMITED,Materials,,2026-02-07T16:49:57Z,2026-02-08 00:49 AWST,Materials,15,Materials,15100000,EQUITY,ASXListedCompanies.csv
ADH,ADH.AX,ADAIRS LIMITED,Consumer Discretionary Distribution & Retail,,2026-02-07T16:49:57Z,2026-02-08 00:49 AWST,Consumer Discretionary,25,Consumer Discretionary Distribution & Retail,25500000,EQUITY,ASXListedCompanies.csv
ADN,ADN.AX,ANDROMEDA METALS LIMITED,Materials,,2026-02-07T16:49:57Z,2026-02-08 00:49 AWST,Materials,15,Materials,15100000,EQUITY,ASXListedCompanies.csv
ADO,ADO.AX,ANTEOTECH LTD,"Pharmaceuticals, Biotechnology & Life Sciences",,2026-02-07T16:49:57Z,2026-02-08 00:49 AWST,Health Care,35,"Pharmaceuticals, Biotechnology & Life Sciences",35200000,EQUITY,ASXListedCompanies.csv
ADR,ADR.AX,ADHERIUM LIMITED,Health Care Equipment & Services,,2026-02-07T16:49:57Z,2026-02-08 00:49 AWST,Health Care,35,Health Care Equipment & Services,35100000,EQUITY,ASXListedCompanies.csv
ADS,ADS.AX,ADSLOT LTD.,Software & Services,,2026-02-07T16:49:57Z,2026-02-08 00:49 AWST,Information Technology,45,Software & Services,45100000,EQUITY,ASXListedCompanies.csv
ADV,ADV.AX,ARDIDEN LTD,Materials,,2026-02-07T16:49:57Z,2026-02-08 00:49 AWST,Materials,15,Materials,15100000,EQUITY,ASXListedCompanies.csv
ADX,ADX.AX,ADX ENERGY LTD,Energy,,2026-02-07T16:49:57Z,2026-02-08 00:49 AWST,Energy,10,Energy,10100000,EQUITY,ASXListedCompanies.csv
ADY,ADY.AX,ADMIRALTY RESOURCES NL.,Materials,,2026-02-07T16:49:57Z,2026-02-08 00:49 AWST,Materials,15,Materials,15100000,EQUITY,ASXListedCompanies.csv
AEBD,AEBD.AX,Betashares Ethical Australian Bond ETF,ETF/ETP,Spotlight ETP List,2026-02-07T16:49:57Z,2026-02-08 00:49 AWST,,,,,ETF_ETP,ASX Investment Products Monthly Report
AEE,AEE.AX,AURA ENERGY LIMITED,Energy,,2026-02-07T16:49:57Z,2026-02-08 00:49 AWST,Energy,10,Energy,10100000,EQUITY,ASXListedCompanies.csv
AEF,AEF.AX,AUSTRALIAN ETHICAL INVESTMENT LIMITED,Financial Services,,2026-02-07T16:49:57Z,2026-02-08 00:49 AWST,Financials,40,Financial Services,40200000,EQUITY,ASXListedCompanies.csv
AEG,AEG.AX,ALAND EQUITY GROUP LIMITED,Financial Services,,2026-02-07T16:49:57Z,2026-02-08 00:49 AWST,Financials,40,Financial Services,40200000,EQUITY,ASXListedCompanies.csv
AEI,AEI.AX,AERIS ENVIRONMENTAL LTD,Commercial & Professional Services,,2026-02-07T16:49:57Z,2026-02-08 00:49 AWST,Industrials,20,Commercial & Professional Services,20200000,EQUITY,ASXListedCompanies.csv
AEL,AEL.AX,AMPLITUDE ENERGY LIMITED,Energy,,2026-02-07T16:49:57Z,2026-02-08 00:49 AWST,Energy,10,Energy,10100000,EQUITY,ASXListedCompanies.csv
AEM,AEM.AX,ADVANCED ENERGY MINERALS LTD,Materials,,2026-02-07T16:49:57Z,2026-02-08 00:49 AWST,Materials,15,Materials,15100000,EQUITY,ASXListedCompanies.csv
AER,AER.AX,AEERIS LTD,Media & Entertainment,,2026-02-07T16:49:57Z,2026-02-08 00:49 AWST,Communication Services,50,Media & Entertainment,50200000,EQUITY,ASXListedCompanies.csv
AESG,AESG.AX,iShares Global Aggregate Bond ESG (AUD Hedged) ETF,ETF/ETP,Spotlight ETP List,2026-02-07T16:49:57Z,2026-02-08 00:49 AWST,,,,,ETF_ETP,ASX Investment Products Monthly Report
AEU,AEU.AX,ATOMIC EAGLE LTD,Materials,,2026-02-07T16:49:57Z,2026-02-08 00:49 AWST,Materials,15,Materials,15100000,EQUITY,ASXListedCompanies.csv
AEV,AEV.AX,AVENIRA LIMITED,Materials,,2026-02-07T16:49:57Z,2026-02-08 00:49 AWST,Materials,15,Materials,15100000,EQUITY,ASXListedCompanies.csv
AF2,AF2.AX,ANGLE ASSET FINANCE - RADIAN TRUST 2025-1,Not Applic,,2026-02-07T16:49:57Z,2026-02-08 00:49 AWST,Not Applicable,00,Not Applic,00000000,EQUITY,ASXListedCompanies.csv
AF4,AF4.AX,AFG 2024-1 TRUST IN RESPECT OF SERIES 2024-1,Not Applic,,2026-02-07T16:49:57Z,2026-02-08 00:49 AWST,Not Applicable,00,Not Applic,00000000,EQUITY,ASXListedCompanies.csv
AF5,AF5.AX,AFG 2025-1NC TRUST IN RESPECT OF SERIES 2025-1NC,Not Applic,,2026-02-07T16:49:57Z,2026-02-08 00:49 AWST,Not Applicable,00,Not Applic,00000000,EQUITY,ASXListedCompanies.csv
AF6,AF6.AX,AFG 2025-1 TRUST IN RESPECT OF SERIES 2025-1,Not Applic,,2026-02-07T16:49:57Z,2026-02-08 00:49 AWST,Not Applicable,00,Not Applic,00000000,EQUITY,ASXListedCompanies.csv
AF7,AF7.AX,ANGLE ASSET FINANCE - RADIAN TRUST 2025-2,Not Applic,,2026-02-07T16:49:57Z,2026-02-08 00:49 AWST,Not Applicable,00,Not Applic,00000000,EQUITY,ASXListedCompanies.csv
AFA,AFA.AX,ASF GROUP LIMITED,Financial Services,,2026-02-07T16:49:57Z,2026-02-08 00:49 AWST,Financials,40,Financial Services,40200000,EQUITY,ASXListedCompanies.csv
AFG,AFG.AX,AUSTRALIAN FINANCE GROUP LTD,Financial Services,,2026-02-07T16:49:57Z,2026-02-08 00:49 AWST,Financials,40,Financial Services,40200000,EQUITY,ASXListedCompanies.csv
AFI,AFI.AX,AUSTRALIAN FOUNDATION INVESTMENT COMPANY LIMITED,Not Applic,,2026-02-07T16:49:57Z,2026-02-08 00:49 AWST,Not Applicable,00,Not Applic,00000000,EQUITY,ASXListedCompanies.csv
AFL,AFL.AX,AF LEGAL GROUP LTD,Commercial & Professional Services,,2026-02-07T16:49:57Z,2026-02-08 00:49 AWST,Industrials,20,Commercial & Professional Services,20200000,EQUITY,ASXListedCompanies.csv
AFM01,AFM01.AX,Atlas High Income Property Fund,ETF/ETP,Spotlight mFund List,2026-02-07T16:49:57Z,2026-02-08 00:49 AWST,,,,,ETF_ETP,ASX Investment Products Monthly Report
AFP,AFP.AX,AFT PHARMACEUTICALS LIMITED,"Pharmaceuticals, Biotechnology & Life Sciences",,2026-02-07T16:49:57Z,2026-02-08 00:49 AWST,Health Care,35,"Pharmaceuticals, Biotechnology & Life Sciences",35200000,EQUITY,ASXListedCompanies.csv
AFT,AFT.AX,AFG 2023-1 TRUST IN RESPECT OF SERIES 2023-1,Not Applic,,2026-02-07T16:49:57Z,2026-02-08 00:49 AWST,Not Applicable,00,Not Applic,00000000,EQUITY,ASXListedCompanies.csv
AGC,AGC.AX,AUSTRALIAN GOLD AND COPPER LTD,Materials,,2026-02-07T16:49:57Z,2026-02-08 00:49 AWST,Materials,15,Materials,15100000,EQUITY,ASXListedCompanies.csv
AGD,AGD.AX,AUSTRAL GOLD LIMITED,Materials,,2026-02-07T16:49:57Z,2026-02-08 00:49 AWST,Materials,15,Materials,15100000,EQUITY,ASXListedCompanies.csv
AGE,AGE.AX,ALLIGATOR ENERGY LIMITED,Energy,,2026-02-07T16:49:57Z,2026-02-08 00:49 AWST,Energy,10,Energy,10100000,EQUITY,ASXListedCompanies.csv
AGGG,AGGG.AX,iShares Core Global Aggregate Bond (AUD Hedged) ETF,ETF/ETP,Spotlight ETP List,2026-02-07T16:49:57Z,2026-02-08 00:49 AWST,,,,,ETF_ETP,ASX Investment Products Monthly Report
AGI,AGI.AX,AINSWORTH GAME TECHNOLOGY LIMITED,Consumer Services,,2026-02-07T16:49:57Z,2026-02-08 00:49 AWST,Consumer Discretionary,25,Consumer Services,25300000,EQUITY,ASXListedCompanies.csv
AGL,AGL.AX,AGL ENERGY LIMITED.,Utilities,,2026-02-07T16:49:57Z,2026-02-08 00:49 AWST,Utilities,55,Utilities,55100000,EQUITY,ASXListedCompanies.csv
AGN,AGN.AX,ARGENICA THERAPEUTICS LIMITED,"Pharmaceuticals, Biotechnology & Life Sciences",,2026-02-07T16:49:57Z,2026-02-08 00:49 AWST,Health Care,35,"Pharmaceuticals, Biotechnology & Life Sciences",35200000,EQUITY,ASXListedCompanies.csv
AGR,AGR.AX,AGUIA RESOURCES LIMITED,Materials,,2026-02-07T16:49:57Z,2026-02-08 00:49 AWST,Materials,15,Materials,15100000,EQUITY,ASXListedCompanies.csv
AGVT,AGVT.AX,Betashares Australian Government Bond ETF,ETF/ETP,Spotlight ETP List,2026-02-07T16:49:57Z,2026-02-08 00:49 AWST,,,,,ETF_ETP,ASX Investment Products Monthly Report
AGX1,AGX1.AX,Antipodes Global Value Active ETF,ETF/ETP,Spotlight ETP List,2026-02-07T16:49:57Z,2026-02-08 00:49 AWST,,,,,ETF_ETP,ASX Investment Products Monthly Report
AGY,AGY.AX,ARGOSY MINERALS LIMITED,Materials,,2026-02-07T16:49:57Z,2026-02-08 00:49 AWST,Materials,15,Materials,15100000,EQUITY,ASXListedCompanies.csv
AHC,AHC.AX,AUSTCO HEALTHCARE LIMITED,Health Care Equipment & Services,,2026-02-07T16:49:57Z,2026-02-08 00:49 AWST,Health Care,35,Health Care Equipment & Services,35100000,EQUITY,ASXListedCompanies.csv
AHE,AHE.AX,ADHERIS HEALTH LIMITED,Health Care Equipment & Services,,2026-02-07T16:49:57Z,2026-02-08 00:49 AWST,Health Care,35,Health Care Equipment & Services,35100000,EQUITY,ASXListedCompanies.csv
AHF,AHF.AX,AUSTRALIAN DAIRY NUTRITIONALS LIMITED,"Food, Beverage & Tobacco",,2026-02-07T16:49:57Z,2026-02-08 00:49 AWST,Consumer Staples,30,"Food, Beverage & Tobacco",30200000,EQUITY,ASXListedCompanies.csv
AHK,AHK.AX,ARK MINES LIMITED,Materials,,2026-02-07T16:49:57Z,2026-02-08 00:49 AWST,Materials,15,Materials,15100000,EQUITY,ASXListedCompanies.csv
AHL,AHL.AX,ADRAD HOLDINGS LIMITED,Automobiles & Components,,2026-02-07T16:49:57Z,2026-02-08 00:49 AWST,Consumer Discretionary,25,Automobiles & Components,25100000,EQUITY,ASXListedCompanies.csv
AHN,AHN.AX,ATHENA RESOURCES LIMITED,Materials,,2026-02-07T16:49:57Z,2026-02-08 00:49 AWST,Materials,15,Materials,15100000,EQUITY,ASXListedCompanies.csv
AHX,AHX.AX,APIAM ANIMAL HEALTH LIMITED,Health Care Equipment & Services,,2026-02-07T16:49:57Z,2026-02-08 00:49 AWST,Health Care,35,Health Care Equipment & Services,35100000,EQUITY,ASXListedCompanies.csv
AI1,AI1.AX,ADISYN LTD,Software & Services,,2026-02-07T16:49:57Z,2026-02-08 00:49 AWST,Information Technology,45,Software & Services,45100000,EQUITY,ASXListedCompanies.csv
AIA,AIA.AX,AUCKLAND INTERNATIONAL AIRPORT LIMITED,Transportation,,2026-02-07T16:49:57Z,2026-02-08 00:49 AWST,Industrials,20,Transportation,20300000,EQUITY,ASXListedCompanies.csv
AIH,AIH.AX,ADVANCED INNERGY HOLDINGS LIMITED,Capital Goods,,2026-02-07T16:49:57Z,2026-02-08 00:49 AWST,Industrials,20,Capital Goods,20100000,EQUITY,ASXListedCompanies.csv
AII,AII.AX,ALMONTY INDUSTRIES INC.,Materials,,2026-02-07T16:49:57Z,2026-02-08 00:49 AWST,Materials,15,Materials,15100000,EQUITY,ASXListedCompanies.csv
AIM,AIM.AX,AI-MEDIA TECHNOLOGIES LIMITED,Software & Services,,2026-02-07T16:49:57Z,2026-02-08 00:49 AWST,Information Technology,45,Software & Services,45100000,EQUITY,ASXListedCompanies.csv
AINF,AINF.AX,Global X AI Infrastructure ETF,ETF/ETP,Spotlight ETP List,2026-02-07T16:49:57Z,2026-02-08 00:49 AWST,,,,,ETF_ETP,ASX Investment Products Monthly Report
AIQ,AIQ.AX,ALTERNATIVE INVESTMENT TRUST,Not Applic,,2026-02-07T16:49:57Z,2026-02-08 00:49 AWST,Not Applicable,00,Not Applic,00000000,EQUITY,ASXListedCompanies.csv
AIS,AIS.AX,AERIS RESOURCES LIMITED,Materials,,2026-02-07T16:49:57Z,2026-02-08 00:49 AWST,Materials,15,Materials,15100000,EQUITY,ASXListedCompanies.csv
AIV,AIV.AX,ACTIVEX LIMITED,Materials,,2026-02-07T16:49:57Z,2026-02-08 00:49 AWST,Materials,15,Materials,15100000,EQUITY,ASXListedCompanies.csv
AIZ,AIZ.AX,AIR NEW ZEALAND LIMITED,Transportation,,2026-02-07T16:49:57Z,2026-02-08 00:49 AWST,Industrials,20,Transportation,20300000,EQUITY,ASXListedCompanies.csv
AJL,AJL.AX,AJ LUCAS GROUP LIMITED,Capital Goods,,2026-02-07T16:49:57Z,2026-02-08 00:49 AWST,Industrials,20,Capital Goods,20100000,EQUITY,ASXListedCompanies.csv
AJX,AJX.AX,ALEXIUM INTERNATIONAL GROUP LIMITED,Materials,,2026-02-07T16:49:57Z,2026-02-08 00:49 AWST,Materials,15,Materials,15100000,EQUITY,ASXListedCompanies.csv
AKA,AKA.AX,AUREKA LIMITED,Materials,,2026-02-07T16:49:57Z,2026-02-08 00:49 AWST,Materials,15,Materials,15100000,EQUITY,ASXListedCompanies.csv
AKG,AKG.AX,ACADEMIES AUSTRALASIA GROUP LIMITED,Consumer Services,,2026-02-07T16:49:57Z,2026-02-08 00:49 AWST,Consumer Discretionary,25,Consumer Services,25300000,EQUITY,ASXListedCompanies.csv
AKM,AKM.AX,ASPIRE MINING LIMITED,Materials,,2026-02-07T16:49:57Z,2026-02-08 00:49 AWST,Materials,15,Materials,15100000,EQUITY,ASXListedCompanies.csv
AKN,AKN.AX,AUKING MINING LIMITED,Materials,,2026-02-07T16:49:57Z,2026-02-08 00:49 AWST,Materials,15,Materials,15100000,EQUITY,ASXListedCompanies.csv
AKO,AKO.AX,AKORA RESOURCES LIMITED,Materials,,2026-02-07T16:49:57Z,2026-02-08 00:49 AWST,Materials,15,Materials,15100000,EQUITY,ASXListedCompanies.csv
AKP,AKP.AX,AUDIO PIXELS HOLDINGS LIMITED,Consumer Durables & Apparel,,2026-02-07T16:49:57Z,2026-02-08 00:49 AWST,Consumer Discretionary,25,Consumer Durables & Apparel,25200000,EQUITY,ASXListedCompanies.csv
AL3,AL3.AX,AML3D LIMITED,Capital Goods,,2026-02-07T16:49:57Z,2026-02-08 00:49 AWST,Industrials,20,Capital Goods,20100000,EQUITY,ASXListedCompanies.csv
ALA,ALA.AX,AROVELLA THERAPEUTICS LIMITED,"Pharmaceuticals, Biotechnology & Life Sciences",,2026-02-07T16:49:57Z,2026-02-08 00:49 AWST,Health Care,35,"Pharmaceuticals, Biotechnology & Life Sciences",35200000,EQUITY,ASXListedCompanies.csv
ALB,ALB.AX,ALBION RESOURCES LIMITED,Materials,,2026-02-07T16:49:57Z,2026-02-08 00:49 AWST,Materials,15,Materials,15100000,EQUITY,ASXListedCompanies.csv
ALC,ALC.AX,ALCIDION GROUP LIMITED,Health Care Equipment & Services,,2026-02-07T16:49:57Z,2026-02-08 00:49 AWST,Health Care,35,Health Care Equipment & Services,35100000,EQUITY,ASXListedCompanies.csv
ALD,ALD.AX,AMPOL LIMITED,Energy,,2026-02-07T16:49:57Z,2026-02-08 00:49 AWST,Energy,10,Energy,10100000,EQUITY,ASXListedCompanies.csv
ALFA,ALFA.AX,VanEck Australian Long Short Complex ETF,ETF/ETP,Spotlight ETP List,2026-02-07T16:49:57Z,2026-02-08 00:49 AWST,,,,,ETF_ETP,ASX Investment Products Monthly Report
ALI,ALI.AX,ARGO GLOBAL LISTED INFRASTRUCTURE LIMITED,Not Applic,,2026-02-07T16:49:57Z,2026-02-08 00:49 AWST,Not Applicable,00,Not Applic,00000000,EQUITY,ASXListedCompanies.csv
ALK,ALK.AX,ALKANE RESOURCES LIMITED,Materials,,2026-02-07T16:49:57Z,2026-02-08 00:49 AWST,Materials,15,Materials,15100000,EQUITY,ASXListedCompanies.csv
ALL,ALL.AX,ARISTOCRAT LEISURE LIMITED,Consumer Services,,2026-02-07T16:49:57Z,2026-02-08 00:49 AWST,Consumer Discretionary,25,Consumer Services,25300000,EQUITY,ASXListedCompanies.csv
ALM,ALM.AX,ALMA METALS LIMITED,Energy,,2026-02-07T16:49:57Z,2026-02-08 00:49 AWST,Energy,10,Energy,10100000,EQUITY,ASXListedCompanies.csv
ALPH,ALPH.AX,Schroder Global Equity Alpha Fund - Active ETF,ETF/ETP,Spotlight ETP List,2026-02-07T16:49:57Z,2026-02-08 00:49 AWST,,,,,ETF_ETP,ASX Investment Products Monthly Report
ALQ,ALQ.AX,ALS LIMITED,Commercial & Professional Services,,2026-02-07T16:49:57Z,2026-02-08 00:49 AWST,Industrials,20,Commercial & Professional Services,20200000,EQUITY,ASXListedCompanies.csv
ALR,ALR.AX,ALTAIR MINERALS LIMITED,Materials,,2026-02-07T16:49:57Z,2026-02-08 00:49 AWST,Materials,15,Materials,15100000,EQUITY,ASXListedCompanies.csv
ALTB,ALTB.AX,iShares 15+ Year Australian Government Bond ETF,ETF/ETP,Spotlight ETP List,2026-02-07T16:49:57Z,2026-02-08 00:49 AWST,,,,,ETF_ETP,ASX Investment Products Monthly Report
ALV,ALV.AX,ALVO MINERALS LIMITED,Materials,,2026-02-07T16:49:57Z,2026-02-08 00:49 AWST,Materials,15,Materials,15100000,EQUITY,ASXListedCompanies.csv
ALX,ALX.AX,ATLAS ARTERIA,Transportation,,2026-02-07T16:49:57Z,2026-02-08 00:49 AWST,Industrials,20,Transportation,20300000,EQUITY,ASXListedCompanies.csv
ALY,ALY.AX,ALCHEMY RESOURCES LIMITED,Materials,,2026-02-07T16:49:57Z,2026-02-08 00:49 AWST,Materials,15,Materials,15100000,EQUITY,ASXListedCompanies.csv
AM5,AM5.AX,ANTARES METALS LIMITED,Materials,,2026-02-07T16:49:57Z,2026-02-08 00:49 AWST,Materials,15,Materials,15100000,EQUITY,ASXListedCompanies.csv
AM7,AM7.AX,ARCADIA MINERALS LIMITED,Materials,,2026-02-07T16:49:57Z,2026-02-08 00:49 AWST,Materials,15,Materials,15100000,EQUITY,ASXListedCompanies.csv
AMA,AMA.AX,AMA GROUP LIMITED,Commercial & Professional Services,,2026-02-07T16:49:57Z,2026-02-08 00:49 AWST,Industrials,20,Commercial & Professional Services,20200000,EQUITY,ASXListedCompanies.csv
AMC,AMC.AX,AMCOR PLC,Materials,,2026-02-07T16:49:57Z,2026-02-08 00:49 AWST,Materials,15,Materials,15100000,EQUITY,ASXListedCompanies.csv
AMD,AMD.AX,ARROW MINERALS LTD,Materials,,2026-02-07T16:49:57Z,2026-02-08 00:49 AWST,Materials,15,Materials,15100000,EQUITY,ASXListedCompanies.csv
AMH,AMH.AX,AMCIL LIMITED,Not Applic,,2026-02-07T16:49:57Z,2026-02-08 00:49 AWST,Not Applicable,00,Not Applic,00000000,EQUITY,ASXListedCompanies.csv
AMI,AMI.AX,AURELIA METALS LIMITED,Materials,,2026-02-07T16:49:57Z,2026-02-08 00:49 AWST,Materials,15,Materials,15100000,EQUITY,ASXListedCompanies.csv
AMN,AMN.AX,AGRIMIN LIMITED,Materials,,2026-02-07T16:49:57Z,2026-02-08 00:49 AWST,Materials,15,Materials,15100000,EQUITY,ASXListedCompanies.csv
AMO,AMO.AX,AMBERTECH LIMITED,Technology Hardware & Equipment,,2026-02-07T16:49:57Z,2026-02-08 00:49 AWST,Information Technology,45,Technology Hardware & Equipment,45200000,EQUITY,ASXListedCompanies.csv
AMP,AMP.AX,AMP LIMITED,Financial Services,,2026-02-07T16:49:57Z,2026-02-08 00:49 AWST,Financials,40,Financial Services,40200000,EQUITY,ASXListedCompanies.csv
AMS,AMS.AX,ATOMOS LIMITED,Consumer Durables & Apparel,,2026-02-07T16:49:57Z,2026-02-08 00:49 AWST,Consumer Discretionary,25,Consumer Durables & Apparel,25200000,EQUITY,ASXListedCompanies.csv
AMU,AMU.AX,AMERICAN URANIUM LTD,Materials,,2026-02-07T16:49:57Z,2026-02-08 00:49 AWST,Materials,15,Materials,15100000,EQUITY,ASXListedCompanies.csv
AMX,AMX.AX,AEROMETREX LIMITED,Commercial & Professional Services,,2026-02-07T16:49:57Z,2026-02-08 00:49 AWST,Industrials,20,Commercial & Professional Services,20200000,EQUITY,ASXListedCompanies.csv
AN1,AN1.AX,ANAGENICS LIMITED,"Pharmaceuticals, Biotechnology & Life Sciences",,2026-02-07T16:49:57Z,2026-02-08 00:49 AWST,Health Care,35,"Pharmaceuticals, Biotechnology & Life Sciences",35200000,EQUITY,ASXListedCompanies.csv
AN3,AN3.AX,AUSTRALIA AND NEW ZEALAND BANKING GROUP LIMITED.,Not Applic,,2026-02-07T16:49:57Z,2026-02-08 00:49 AWST,Not Applicable,00,Not Applic,00000000,EQUITY,ASXListedCompanies.csv
ANG,ANG.AX,AUSTIN ENGINEERING LIMITED,Capital Goods,,2026-02-07T16:49:57Z,2026-02-08 00:49 AWST,Industrials,20,Capital Goods,20100000,EQUITY,ASXListedCompanies.csv
ANN,ANN.AX,ANSELL LIMITED,Health Care Equipment & Services,,2026-02-07T16:49:57Z,2026-02-08 00:49 AWST,Health Care,35,Health Care Equipment & Services,35100000,EQUITY,ASXListedCompanies.csv
ANO,ANO.AX,ADVANCE ZINCTEK LIMITED,Materials,,2026-02-07T16:49:57Z,2026-02-08 00:49 AWST,Materials,15,Materials,15100000,EQUITY,ASXListedCompanies.csv
ANR,ANR.AX,ANATARA LIFESCIENCES LTD,"Pharmaceuticals, Biotechnology & Life Sciences",,2026-02-07T16:49:57Z,2026-02-08 00:49 AWST,Health Care,35,"Pharmaceuticals, Biotechnology & Life Sciences",35200000,EQUITY,ASXListedCompanies.csv
ANV,ANV.AX,AUSNET SERVICES HOLDINGS PTY LTD,Not Applic,,2026-02-07T16:49:57Z,2026-02-08 00:49 AWST,Not Applicable,00,Not Applic,00000000,EQUITY,ASXListedCompanies.csv
ANX,ANX.AX,ANAX METALS LIMITED,Materials,,2026-02-07T16:49:57Z,2026-02-08 00:49 AWST,Materials,15,Materials,15100000,EQUITY,ASXListedCompanies.csv
ANZ,ANZ.AX,ANZ GROUP HOLDINGS LIMITED,Banks,,2026-02-07T16:49:57Z,2026-02-08 00:49 AWST,Financials,40,Banks,40100000,EQUITY,ASXListedCompanies.csv
AO2,AO2.AX,APOLLO SERIES 2017-2 TRUST,Not Applic,,2026-02-07T16:49:57Z,2026-02-08 00:49 AWST,Not Applicable,00,Not Applic,00000000,EQUITY,ASXListedCompanies.csv
AO3,AO3.AX,APOLLO SERIES 2018-1 TRUST,Not Applic,,2026-02-07T16:49:57Z,2026-02-08 00:49 AWST,Not Applicable,00,Not Applic,00000000,EQUITY,ASXListedCompanies.csv
AOA,AOA.AX,AUSMON RESOURCES LIMITED,Materials,,2026-02-07T16:49:57Z,2026-02-08 00:49 AWST,Materials,15,Materials,15100000,EQUITY,ASXListedCompanies.csv
AOF,AOF.AX,AUSTRALIAN UNITY OFFICE FUND,Equity Real Estate Investment Trusts (REITs),,2026-02-07T16:49:57Z,2026-02-08 00:49 AWST,Real Estate,60,Equity Real Estate Investment Trusts (REITs),60100000,EQUITY,ASXListedCompanies.csv
AOH,AOH.AX,ASSETORA LIMITED,Financial Services,,2026-02-07T16:49:57Z,2026-02-08 00:49 AWST,Financials,40,Financial Services,40200000,EQUITY,ASXListedCompanies.csv
AOK,AOK.AX,AUSTRALIAN OIL COMPANY LIMITED.,Energy,,2026-02-07T16:49:57Z,2026-02-08 00:49 AWST,Energy,10,Energy,10100000,EQUITY,ASXListedCompanies.csv
AON,AON.AX,APOLLO MINERALS LIMITED,Materials,,2026-02-07T16:49:57Z,2026-02-08 00:49 AWST,Materials,15,Materials,15100000,EQUITY,ASXListedCompanies.csv
AOV,AOV.AX,AMOTIV LIMITED,Automobiles & Components,,2026-02-07T16:49:57Z,2026-02-08 00:49 AWST,Consumer Discretionary,25,Automobiles & Components,25100000,EQUITY,ASXListedCompanies.csv
AP2,AP2.AX,APA INFRASTRUCTURE LIMITED,Not Applic,,2026-02-07T16:49:57Z,2026-02-08 00:49 AWST,Not Applicable,00,Not Applic,00000000,EQUITY,ASXListedCompanies.csv
APA,APA.AX,APA GROUP,Utilities,,2026-02-07T16:49:57Z,2026-02-08 00:49 AWST,Utilities,55,Utilities,55100000,EQUITY,ASXListedCompanies.csv
APC,APC.AX,APC MINERALS LIMITED,Materials,,2026-02-07T16:49:57Z,2026-02-08 00:49 AWST,Materials,15,Materials,15100000,EQUITY,ASXListedCompanies.csv
APE,APE.AX,EAGERS AUTOMOTIVE LIMITED,Consumer Discretionary Distribution & Retail,,2026-02-07T16:49:57Z,2026-02-08 00:49 AWST,Consumer Discretionary,25,Consumer Discretionary Distribution & Retail,25500000,EQUITY,ASXListedCompanies.csv
APL,APL.AX,ASSOCIATE GLOBAL PARTNERS LIMITED,Financial Services,,2026-02-07T16:49:57Z,2026-02-08 00:49 AWST,Financials,40,Financial Services,40200000,EQUITY,ASXListedCompanies.csv
APW,APW.AX,AIMS PROPERTY SECURITIES FUND,Equity Real Estate Investment Trusts (REITs),,2026-02-07T16:49:57Z,2026-02-08 00:49 AWST,Real Estate,60,Equity Real Estate Investment Trusts (REITs),60100000,EQUITY,ASXListedCompanies.csv
APX,APX.AX,APPEN LIMITED,Software & Services,,2026-02-07T16:49:57Z,2026-02-08 00:49 AWST,Information Technology,45,Software & Services,45100000,EQUITY,ASXListedCompanies.csv
APZ,APZ.AX,ASPEN GROUP,Equity Real Estate Investment Trusts (REITs),,2026-02-07T16:49:57Z,2026-02-08 00:49 AWST,Real Estate,60,Equity Real Estate Investment Trusts (REITs),60100000,EQUITY,ASXListedCompanies.csv
AQC,AQC.AX,AUSTRALIAN PACIFIC COAL LIMITED,Materials,,2026-02-07T16:49:57Z,2026-02-08 00:49 AWST,Materials,15,Materials,15100000,EQUITY,ASXListedCompanies.csv
AQD,AQD.AX,AUSQUEST LIMITED,Materials,,2026-02-07T16:49:57Z,2026-02-08 00:49 AWST,Materials,15,Materials,15100000,EQUITY,ASXListedCompanies.csv
AQI,AQI.AX,ALICANTO MINERALS LIMITED,Materials,,2026-02-07T16:49:57Z,2026-02-08 00:49 AWST,Materials,15,Materials,15100000,EQUITY,ASXListedCompanies.csv
AQLT,AQLT.AX,Betashares Australian Quality ETF,ETF/ETP,Spotlight ETP List,2026-02-07T16:49:57Z,2026-02-08 00:49 AWST,,,,,ETF_ETP,ASX Investment Products Monthly Report
AQN,AQN.AX,AQUIRIAN LIMITED,Commercial & Professional Services,,2026-02-07T16:49:57Z,2026-02-08 00:49 AWST,Industrials,20,Commercial & Professional Services,20200000,EQUITY,ASXListedCompanies.csv
AQX,AQX.AX,ALICE QUEEN LIMITED,Materials,,2026-02-07T16:49:57Z,2026-02-08 00:49 AWST,Materials,15,Materials,15100000,EQUITY,ASXListedCompanies.csv
AQY01,AQY01.AX,Allan Gray Australia Equity Fund,ETF/ETP,Spotlight mFund List,2026-02-07T16:49:57Z,2026-02-08 00:49 AWST,,,,,ETF_ETP,ASX Investment Products Monthly Report
AQY02,AQY02.AX,Allan Gray Australia Stable Fund,ETF/ETP,Spotlight mFund List,2026-02-07T16:49:57Z,2026-02-08 00:49 AWST,,,,,ETF_ETP,ASX Investment Products Monthly Report
AQY03,AQY03.AX,Allan Gray Australia Balanced Fund,ETF/ETP,Spotlight mFund List,2026-02-07T16:49:57Z,2026-02-08 00:49 AWST,,,,,ETF_ETP,ASX Investment Products Monthly Report
AQZ,AQZ.AX,ALLIANCE AVIATION SERVICES LIMITED,Transportation,,2026-02-07T16:49:57Z,2026-02-08 00:49 AWST,Industrials,20,Transportation,20300000,EQUITY,ASXListedCompanies.csv
AR1,AR1.AX,AUSTRAL RESOURCES AUSTRALIA LTD,Materials,,2026-02-07T16:49:57Z,2026-02-08 00:49 AWST,Materials,15,Materials,15100000,EQUITY,ASXListedCompanies.csv
AR3,AR3.AX,AUSTRALIAN RARE EARTHS LIMITED,Materials,,2026-02-07T16:49:57Z,2026-02-08 00:49 AWST,Materials,15,Materials,15100000,EQUITY,ASXListedCompanies.csv
AR9,AR9.AX,ARCHTIS LIMITED,Software & Services,,2026-02-07T16:49:57Z,2026-02-08 00:49 AWST,Information Technology,45,Software & Services,45100000,EQUITY,ASXListedCompanies.csv
ARA,ARA.AX,ARIADNE AUSTRALIA LIMITED,Commercial & Professional Services,,2026-02-07T16:49:57Z,2026-02-08 00:49 AWST,Industrials,20,Commercial & Professional Services,20200000,EQUITY,ASXListedCompanies.csv
ARB,ARB.AX,ARB CORPORATION LIMITED.,Automobiles & Components,,2026-02-07T16:49:57Z,2026-02-08 00:49 AWST,Consumer Discretionary,25,Automobiles & Components,25100000,EQUITY,ASXListedCompanies.csv
ARC,ARC.AX,ARC FUNDS LIMITED,Financial Services,,2026-02-07T16:49:57Z,2026-02-08 00:49 AWST,Financials,40,Financial Services,40200000,EQUITY,ASXListedCompanies.csv
ARD,ARD.AX,ARGENT MINERALS LIMITED,Materials,,2026-02-07T16:49:57Z,2026-02-08 00:49 AWST,Materials,15,Materials,15100000,EQUITY,ASXListedCompanies.csv
ARF,ARF.AX,ARENA REIT.,Equity Real Estate Investment Trusts (REITs),,2026-02-07T16:49:57Z,2026-02-08 00:49 AWST,Real Estate,60,Equity Real Estate Investment Trusts (REITs),60100000,EQUITY,ASXListedCompanies.csv
ARG,ARG.AX,ARGO INVESTMENTS LIMITED,Not Applic,,2026-02-07T16:49:57Z,2026-02-08 00:49 AWST,Not Applicable,00,Not Applic,00000000,EQUITY,ASXListedCompanies.csv
ARI,ARI.AX,ARIKA RESOURCES LIMITED,Materials,,2026-02-07T16:49:57Z,2026-02-08 00:49 AWST,Materials,15,Materials,15100000,EQUITY,ASXListedCompanies.csv
ARL,ARL.AX,ARDEA RESOURCES LIMITED,Materials,,2026-02-07T16:49:57Z,2026-02-08 00:49 AWST,Materials,15,Materials,15100000,EQUITY,ASXListedCompanies.csv
ARMR,ARMR.AX,Betashares Global Defence ETF,ETF/ETP,Spotlight ETP List,2026-02-07T16:49:57Z,2026-02-08 00:49 AWST,,,,,ETF_ETP,ASX Investment Products Monthly Report
ARN,ARN.AX,ALDORO RESOURCES LIMITED,Materials,,2026-02-07T16:49:57Z,2026-02-08 00:49 AWST,Materials,15,Materials,15100000,EQUITY,ASXListedCompanies.csv
ARR,ARR.AX,AMERICAN RARE EARTHS LIMITED,Materials,,2026-02-07T16:49:57Z,2026-02-08 00:49 AWST,Materials,15,Materials,15100000,EQUITY,ASXListedCompanies.csv
ART,ART.AX,AIRTASKER LIMITED,Media & Entertainment,,2026-02-07T16:49:57Z,2026-02-08 00:49 AWST,Communication Services,50,Media & Entertainment,50200000,EQUITY,ASXListedCompanies.csv
ARU,ARU.AX,ARAFURA RARE EARTHS LTD,Materials,,2026-02-07T16:49:57Z,2026-02-08 00:49 AWST,Materials,15,Materials,15100000,EQUITY,ASXListedCompanies.csv
ARV,ARV.AX,ARTEMIS RESOURCES LIMITED,Materials,,2026-02-07T16:49:57Z,2026-02-08 00:49 AWST,Materials,15,Materials,15100000,EQUITY,ASXListedCompanies.csv
ARX,ARX.AX,AROA BIOSURGERY LIMITED,"Pharmaceuticals, Biotechnology & Life Sciences",,2026-02-07T16:49:57Z,2026-02-08 00:49 AWST,Health Care,35,"Pharmaceuticals, Biotechnology & Life Sciences",35200000,EQUITY,ASXListedCompanies.csv
AS1,AS1.AX,ASARA RESOURCES LIMITED,Materials,,2026-02-07T16:49:57Z,2026-02-08 00:49 AWST,Materials,15,Materials,15100000,EQUITY,ASXListedCompanies.csv
AS2,AS2.AX,ASKARI METALS LIMITED,Materials,,2026-02-07T16:49:57Z,2026-02-08 00:49 AWST,Materials,15,Materials,15100000,EQUITY,ASXListedCompanies.csv
ASAO,ASAO.AX,abrdn Sustainable Asian Opportunities Active ETF,ETF/ETP,Spotlight ETP List,2026-02-07T16:49:57Z,2026-02-08 00:49 AWST,,,,,ETF_ETP,ASX Investment Products Monthly Report
ASB,ASB.AX,AUSTAL LIMITED,Capital Goods,,2026-02-07T16:49:57Z,2026-02-08 00:49 AWST,Industrials,20,Capital Goods,20100000,EQUITY,ASXListedCompanies.csv
ASG,ASG.AX,AUTOSPORTS GROUP LIMITED.,Consumer Discretionary Distribution & Retail,,2026-02-07T16:49:57Z,2026-02-08 00:49 AWST,Consumer Discretionary,25,Consumer Discretionary Distribution & Retail,25500000,EQUITY,ASXListedCompanies.csv
ASH,ASH.AX,ASHLEY SERVICES GROUP LIMITED,Commercial & Professional Services,,2026-02-07T16:49:57Z,2026-02-08 00:49 AWST,Industrials,20,Commercial & Professional Services,20200000,EQUITY,ASXListedCompanies.csv
ASIA,ASIA.AX,Betashares Asia Technology Tigers ETF,ETF/ETP,Spotlight ETP List,2026-02-07T16:49:57Z,2026-02-08 00:49 AWST,,,,,ETF_ETP,ASX Investment Products Monthly Report
ASK,ASK.AX,ABACUS STORAGE KING,Equity Real Estate Investment Trusts (REITs),,2026-02-07T16:49:57Z,2026-02-08 00:49 AWST,Real Estate,60,Equity Real Estate Investment Trusts (REITs),60100000,EQUITY,ASXListedCompanies.csv
ASL,ASL.AX,ANDEAN SILVER LIMITED,Materials,,2026-02-07T16:49:57Z,2026-02-08 00:49 AWST,Materials,15,Materials,15100000,EQUITY,ASXListedCompanies.csv
ASM,ASM.AX,AUSTRALIAN STRATEGIC MATERIALS LIMITED,Materials,,2026-02-07T16:49:57Z,2026-02-08 00:49 AWST,Materials,15,Materials,15100000,EQUITY,ASXListedCompanies.csv
ASN,ASN.AX,ANSON RESOURCES LIMITED,Materials,,2026-02-07T16:49:57Z,2026-02-08 00:49 AWST,Materials,15,Materials,15100000,EQUITY,ASXListedCompanies.csv
ASP,ASP.AX,ASPERMONT LIMITED.,Media & Entertainment,,2026-02-07T16:49:57Z,2026-02-08 00:49 AWST,Communication Services,50,Media & Entertainment,50200000,EQUITY,ASXListedCompanies.csv
ASQ,ASQ.AX,AUSTRALIAN SILICA QUARTZ GROUP LTD,Materials,,2026-02-07T16:49:57Z,2026-02-08 00:49 AWST,Materials,15,Materials,15100000,EQUITY,ASXListedCompanies.csv
ASV,ASV.AX,ASSET VISION CO LTD,Commercial & Professional Services,,2026-02-07T16:49:57Z,2026-02-08 00:49 AWST,Industrials,20,Commercial & Professional Services,20200000,EQUITY,ASXListedCompanies.csv
ASX,ASX.AX,ASX LIMITED,Financial Services,,2026-02-07T16:49:57Z,2026-02-08 00:49 AWST,Financials,40,Financial Services,40200000,EQUITY,ASXListedCompanies.csv
AT1,AT1.AX,ATOMO DIAGNOSTICS LIMITED,Health Care Equipment & Services,,2026-02-07T16:49:57Z,2026-02-08 00:49 AWST,Health Care,35,Health Care Equipment & Services,35100000,EQUITY,ASXListedCompanies.csv
AT4,AT4.AX,AMERICAN TUNGSTEN & ANTIMONY LTD,Materials,,2026-02-07T16:49:57Z,2026-02-08 00:49 AWST,Materials,15,Materials,15100000,EQUITY,ASXListedCompanies.csv
ATA,ATA.AX,ATTURRA LIMITED,Software & Services,,2026-02-07T16:49:57Z,2026-02-08 00:49 AWST,Information Technology,45,Software & Services,45100000,EQUITY,ASXListedCompanies.csv
ATB,ATB.AX,ASIAN DEVELOPMENT BANK,Not Applic,,2026-02-07T16:49:57Z,2026-02-08 00:49 AWST,Not Applicable,00,Not Applic,00000000,EQUITY,ASXListedCompanies.csv
ATC,ATC.AX,ALTECH BATTERIES LTD,Materials,,2026-02-07T16:49:57Z,2026-02-08 00:49 AWST,Materials,15,Materials,15100000,EQUITY,ASXListedCompanies.csv
ATEC,ATEC.AX,Betashares S&P/ASX Australian Technology ETF,ETF/ETP,Spotlight ETP List,2026-02-07T16:49:57Z,2026-02-08 00:49 AWST,,,,,ETF_ETP,ASX Investment Products Monthly Report
ATG,ATG.AX,ARTICORE GROUP LIMITED,Consumer Discretionary Distribution & Retail,,2026-02-07T16:49:57Z,2026-02-08 00:49 AWST,Consumer Discretionary,25,Consumer Discretionary Distribution & Retail,25500000,EQUITY,ASXListedCompanies.csv
ATH,ATH.AX,ALTERITY THERAPEUTICS LIMITED,"Pharmaceuticals, Biotechnology & Life Sciences",,2026-02-07T16:49:57Z,2026-02-08 00:49 AWST,Health Care,35,"Pharmaceuticals, Biotechnology & Life Sciences",35200000,EQUITY,ASXListedCompanies.csv
ATM,ATM.AX,ANEKA TAMBANG (PERSERO) TBK (PT),Materials,,2026-02-07T16:49:57Z,2026-02-08 00:49 AWST,Materials,15,Materials,15100000,EQUITY,ASXListedCompanies.csv
ATOM,ATOM.AX,Global X Uranium ETF,ETF/ETP,Spotlight ETP List,2026-02-07T16:49:57Z,2026-02-08 00:49 AWST,,,,,ETF_ETP,ASX Investment Products Monthly Report
ATP,ATP.AX,ATLAS PEARLS LTD,Consumer Durables & Apparel,,2026-02-07T16:49:57Z,2026-02-08 00:49 AWST,Consumer Discretionary,25,Consumer Durables & Apparel,25200000,EQUITY,ASXListedCompanies.csv
ATR,ATR.AX,ASTRON LIMITED,Materials,,2026-02-07T16:49:57Z,2026-02-08 00:49 AWST,Materials,15,Materials,15100000,EQUITY,ASXListedCompanies.csv
ATS,ATS.AX,AUSTRALIS OIL & GAS LIMITED,Energy,,2026-02-07T16:49:57Z,2026-02-08 00:49 AWST,Energy,10,Energy,10100000,EQUITY,ASXListedCompanies.csv
ATT,ATT.AX,ALTITUDE MINERALS LTD,Materials,,2026-02-07T16:49:57Z,2026-02-08 00:49 AWST,Materials,15,Materials,15100000,EQUITY,ASXListedCompanies.csv
ATV,ATV.AX,ACTIVEPORT GROUP LTD,Software & Services,,2026-02-07T16:49:57Z,2026-02-08 00:49 AWST,Information Technology,45,Software & Services,45100000,EQUITY,ASXListedCompanies.csv
ATX,ATX.AX,AMPLIA THERAPEUTICS LIMITED,"Pharmaceuticals, Biotechnology & Life Sciences",,2026-02-07T16:49:57Z,2026-02-08 00:49 AWST,Health Care,35,"Pharmaceuticals, Biotechnology & Life Sciences",35200000,EQUITY,ASXListedCompanies.csv
AU1,AU1.AX,THE AGENCY GROUP AUSTRALIA LTD,Real Estate Management & Development,,2026-02-07T16:49:57Z,2026-02-08 00:49 AWST,Real Estate,60,Real Estate Management & Development,60200000,EQUITY,ASXListedCompanies.csv
AUA,AUA.AX,AUDEARA LIMITED,Consumer Durables & Apparel,,2026-02-07T16:49:57Z,2026-02-08 00:49 AWST,Consumer Discretionary,25,Consumer Durables & Apparel,25200000,EQUITY,ASXListedCompanies.csv
AUB,AUB.AX,AUB GROUP LIMITED,Insurance,,2026-02-07T16:49:57Z,2026-02-08 00:49 AWST,Financials,40,Insurance,40300000,EQUITY,ASXListedCompanies.csv
AUC,AUC.AX,AUSGOLD LIMITED,Materials,,2026-02-07T16:49:57Z,2026-02-08 00:49 AWST,Materials,15,Materials,15100000,EQUITY,ASXListedCompanies.csv
AUDS,AUDS.AX,Betashares Strong Australian Dollar Complex ETF,ETF/ETP,Spotlight ETP List,2026-02-07T16:49:57Z,2026-02-08 00:49 AWST,,,,,ETF_ETP,ASX Investment Products Monthly Report
AUE,AUE.AX,AURUM RESOURCES LIMITED,Materials,,2026-02-07T16:49:57Z,2026-02-08 00:49 AWST,Materials,15,Materials,15100000,EQUITY,ASXListedCompanies.csv
AUG,AUG.AX,AUGUSTUS MINERALS LIMITED,Materials,,2026-02-07T16:49:57Z,2026-02-08 00:49 AWST,Materials,15,Materials,15100000,EQUITY,ASXListedCompanies.csv
AUI,AUI.AX,AUSTRALIAN UNITED INVESTMENT COMPANY LIMITED,Not Applic,,2026-02-07T16:49:57Z,2026-02-08 00:49 AWST,Not Applicable,00,Not Applic,00000000,EQUITY,ASXListedCompanies.csv
AUK,AUK.AX,AUMAKE LIMITED.,Consumer Discretionary Distribution & Retail,,2026-02-07T16:49:57Z,2026-02-08 00:49 AWST,Consumer Discretionary,25,Consumer Discretionary Distribution & Retail,25500000,EQUITY,ASXListedCompanies.csv
AUMF,AUMF.AX,iShares Edge MSCI Australia Multifactor ETF,ETF/ETP,Spotlight ETP List,2026-02-07T16:49:57Z,2026-02-08 00:49 AWST,,,,,ETF_ETP,ASX Investment Products Monthly Report
AUQ,AUQ.AX,ALARA RESOURCES LIMITED,Materials,,2026-02-07T16:49:57Z,2026-02-08 00:49 AWST,Materials,15,Materials,15100000,EQUITY,ASXListedCompanies.csv
AUR,AUR.AX,AURIS MINERALS LIMITED,Materials,,2026-02-07T16:49:57Z,2026-02-08 00:49 AWST,Materials,15,Materials,15100000,EQUITY,ASXListedCompanies.csv
AUST,AUST.AX,Betashares Managed Risk Australian Shares Complex ETF,ETF/ETP,Spotlight ETP List,2026-02-07T16:49:57Z,2026-02-08 00:49 AWST,,,,,ETF_ETP,ASX Investment Products Monthly Report
AUV,AUV.AX,AURAVELLE METALS LIMITED,Materials,,2026-02-07T16:49:57Z,2026-02-08 00:49 AWST,Materials,15,Materials,15100000,EQUITY,ASXListedCompanies.csv
AUZ,AUZ.AX,AUSTRALIAN MINES LIMITED,Materials,,2026-02-07T16:49:57Z,2026-02-08 00:49 AWST,Materials,15,Materials,15100000,EQUITY,ASXListedCompanies.csv
AV1,AV1.AX,ADVERITAS LIMITED,Software & Services,,2026-02-07T16:49:57Z,2026-02-08 00:49 AWST,Information Technology,45,Software & Services,45100000,EQUITY,ASXListedCompanies.csv
AVA,AVA.AX,AVA RISK GROUP LIMITED,Technology Hardware & Equipment,,2026-02-07T16:49:57Z,2026-02-08 00:49 AWST,Information Technology,45,Technology Hardware & Equipment,45200000,EQUITY,ASXListedCompanies.csv
AVD,AVD.AX,AVADA GROUP LIMITED,Commercial & Professional Services,,2026-02-07T16:49:57Z,2026-02-08 00:49 AWST,Industrials,20,Commercial & Professional Services,20200000,EQUITY,ASXListedCompanies.csv
AVE,AVE.AX,AVECHO BIOTECHNOLOGY LIMITED,"Pharmaceuticals, Biotechnology & Life Sciences",,2026-02-07T16:49:57Z,2026-02-08 00:49 AWST,Health Care,35,"Pharmaceuticals, Biotechnology & Life Sciences",35200000,EQUITY,ASXListedCompanies.csv
AVG,AVG.AX,AUSTRALIAN VINTAGE LTD,"Food, Beverage & Tobacco",,2026-02-07T16:49:57Z,2026-02-08 00:49 AWST,Consumer Staples,30,"Food, Beverage & Tobacco",30200000,EQUITY,ASXListedCompanies.csv
AVH,AVH.AX,AVITA MEDICAL INC.,"Pharmaceuticals, Biotechnology & Life Sciences",,2026-02-07T16:49:57Z,2026-02-08 00:49 AWST,Health Care,35,"Pharmaceuticals, Biotechnology & Life Sciences",35200000,EQUITY,ASXListedCompanies.csv
AVL,AVL.AX,AUSTRALIAN VANADIUM LIMITED,Materials,,2026-02-07T16:49:57Z,2026-02-08 00:49 AWST,Materials,15,Materials,15100000,EQUITY,ASXListedCompanies.csv
AVM,AVM.AX,ADVANCE METALS LIMITED,Materials,,2026-02-07T16:49:57Z,2026-02-08 00:49 AWST,Materials,15,Materials,15100000,EQUITY,ASXListedCompanies.csv
AVR,AVR.AX,ANTERIS TECHNOLOGIES GLOBAL CORP.,Health Care Equipment & Services,,2026-02-07T16:49:57Z,2026-02-08 00:49 AWST,Health Care,35,Health Care Equipment & Services,35100000,EQUITY,ASXListedCompanies.csv
AVW,AVW.AX,AVIRA RESOURCES LTD,Materials,,2026-02-07T16:49:57Z,2026-02-08 00:49 AWST,Materials,15,Materials,15100000,EQUITY,ASXListedCompanies.csv
AW1,AW1.AX,AMERICAN WEST METALS LIMITED,Materials,,2026-02-07T16:49:57Z,2026-02-08 00:49 AWST,Materials,15,Materials,15100000,EQUITY,ASXListedCompanies.csv
AWJ,AWJ.AX,AURIC MINING LIMITED,Materials,,2026-02-07T16:49:57Z,2026-02-08 00:49 AWST,Materials,15,Materials,15100000,EQUITY,ASXListedCompanies.csv
AX1,AX1.AX,ACCENT GROUP LIMITED,Consumer Discretionary Distribution & Retail,,2026-02-07T16:49:57Z,2026-02-08 00:49 AWST,Consumer Discretionary,25,Consumer Discretionary Distribution & Retail,25500000,EQUITY,ASXListedCompanies.csv
AX8,AX8.AX,ACCELERATE RESOURCES LIMITED,Materials,,2026-02-07T16:49:57Z,2026-02-08 00:49 AWST,Materials,15,Materials,15100000,EQUITY,ASXListedCompanies.csv
AXE,AXE.AX,ARCHER MATERIALS LIMITED,Semiconductors & Semiconductor Equipment,,2026-02-07T16:49:57Z,2026-02-08 00:49 AWST,Information Technology,45,Semiconductors & Semiconductor Equipment,45300000,EQUITY,ASXListedCompanies.csv
AXI,AXI.AX,AXTEC LIMITED,Real Estate Management & Development,,2026-02-07T16:49:57Z,2026-02-08 00:49 AWST,Real Estate,60,Real Estate Management & Development,60200000,EQUITY,ASXListedCompanies.csv
AXL,AXL.AX,AXEL REE LIMITED,Materials,,2026-02-07T16:49:57Z,2026-02-08 00:49 AWST,Materials,15,Materials,15100000,EQUITY,ASXListedCompanies.csv
AXN,AXN.AX,ALLIANCE NICKEL LIMITED,Materials,,2026-02-07T16:49:57Z,2026-02-08 00:49 AWST,Materials,15,Materials,15100000,EQUITY,ASXListedCompanies.csv
AXP,AXP.AX,AXP ENERGY LIMITED,Energy,,2026-02-07T16:49:57Z,2026-02-08 00:49 AWST,Energy,10,Energy,10100000,EQUITY,ASXListedCompanies.csv
AXW01,AXW01.AX,Ausbil Australian Active Equity,ETF/ETP,Spotlight mFund List,2026-02-07T16:49:57Z,2026-02-08 00:49 AWST,,,,,ETF_ETP,ASX Investment Products Monthly Report
AXW02,AXW02.AX,Ausbil Australian Emerging Leaders Fund,ETF/ETP,Spotlight mFund List,2026-02-07T16:49:57Z,2026-02-08 00:49 AWST,,,,,ETF_ETP,ASX Investment Products Monthly Report
AXW04,AXW04.AX,Ausbil Australian Geared Equity,ETF/ETP,Spotlight mFund List,2026-02-07T16:49:57Z,2026-02-08 00:49 AWST,,,,,ETF_ETP,ASX Investment Products Monthly Report
AXW05,AXW05.AX,Ausbil 130/30 Focus Fund,ETF/ETP,Spotlight mFund List,2026-02-07T16:49:57Z,2026-02-08 00:49 AWST,,,,,ETF_ETP,ASX Investment Products Monthly Report
AXW07,AXW07.AX,Ausbil Australian Concentrated Equity Fund,ETF/ETP,Spotlight mFund List,2026-02-07T16:49:57Z,2026-02-08 00:49 AWST,,,,,ETF_ETP,ASX Investment Products Monthly Report
AXW08,AXW08.AX,Ausbil Active Sustainabel Equity Fund,ETF/ETP,Spotlight mFund List,2026-02-07T16:49:57Z,2026-02-08 00:49 AWST,,,,,ETF_ETP,ASX Investment Products Monthly Report
AXW10,AXW10.AX,Ausbil Global Resources Fund,ETF/ETP,Spotlight mFund List,2026-02-07T16:49:57Z,2026-02-08 00:49 AWST,,,,,ETF_ETP,ASX Investment Products Monthly Report
AXW12,AXW12.AX,Ausbil Global Essential Infrastructure Fund - Unhedged,ETF/ETP,Spotlight mFund List,2026-02-07T16:49:57Z,2026-02-08 00:49 AWST,,,,,ETF_ETP,ASX Investment Products Monthly Report
AXW13,AXW13.AX,Ausbil Australian SmallCap Fund,ETF/ETP,Spotlight mFund List,2026-02-07T16:49:57Z,2026-02-08 00:49 AWST,,,,,ETF_ETP,ASX Investment Products Monthly Report
AXW14,AXW14.AX,Ausbil Long Short Focus Fund,ETF/ETP,Spotlight mFund List,2026-02-07T16:49:57Z,2026-02-08 00:49 AWST,,,,,ETF_ETP,ASX Investment Products Monthly Report
AYA,AYA.AX,ARTRYA LIMITED,Health Care Equipment & Services,,2026-02-07T16:49:57Z,2026-02-08 00:49 AWST,Health Care,35,Health Care Equipment & Services,35100000,EQUITY,ASXListedCompanies.csv
AYLD,AYLD.AX,Global X S&P/ASX 200 Covered Call ETF,ETF/ETP,Spotlight ETP List,2026-02-07T16:49:57Z,2026-02-08 00:49 AWST,,,,,ETF_ETP,ASX Investment Products Monthly Report
AYM,AYM.AX,AUSTRALIA UNITED MINING LIMITED,Materials,,2026-02-07T16:49:57Z,2026-02-08 00:49 AWST,Materials,15,Materials,15100000,EQUITY,ASXListedCompanies.csv
AYT,AYT.AX,AUSTIN METALS LIMITED,Materials,,2026-02-07T16:49:57Z,2026-02-08 00:49 AWST,Materials,15,Materials,15100000,EQUITY,ASXListedCompanies.csv
AYU,AYU.AX,AUSTRALIAN UNITY LIMITED,Not Applic,,2026-02-07T16:49:57Z,2026-02-08 00:49 AWST,Not Applicable,00,Not Applic,00000000,EQUITY,ASXListedCompanies.csv
AZ9,AZ9.AX,ASIAN BATTERY METALS PLC,Materials,,2026-02-07T16:49:57Z,2026-02-08 00:49 AWST,Materials,15,Materials,15100000,EQUITY,ASXListedCompanies.csv
AZI,AZI.AX,ALTAMIN LIMITED,Materials,,2026-02-07T16:49:57Z,2026-02-08 00:49 AWST,Materials,15,Materials,15100000,EQUITY,ASXListedCompanies.csv
AZJ,AZJ.AX,AURIZON HOLDINGS LIMITED,Transportation,,2026-02-07T16:49:57Z,2026-02-08 00:49 AWST,Industrials,20,Transportation,20300000,EQUITY,ASXListedCompanies.csv
AZY,AZY.AX,ANTIPA MINERALS LIMITED,Materials,,2026-02-07T16:49:57Z,2026-02-08 00:49 AWST,Materials,15,Materials,15100000,EQUITY,ASXListedCompanies.csv
B01,B01.AX,BANCO SANTANDER S.A.,Not Applic,,2026-02-07T16:49:57Z,2026-02-08 00:49 AWST,Not Applicable,00,Not Applic,00000000,EQUITY,ASXListedCompanies.csv
B4P,B4P.AX,BEFOREPAY GROUP LIMITED,Financial Services,,2026-02-07T16:49:57Z,2026-02-08 00:49 AWST,Financials,40,Financial Services,40200000,EQUITY,ASXListedCompanies.csv
BA2,BA2.AX,SERIES 2019-1 REDS TRUST,Not Applic,,2026-02-07T16:49:57Z,2026-02-08 00:49 AWST,Not Applicable,00,Not Applic,00000000,EQUITY,ASXListedCompanies.csv
BAE01,BAE01.AX,Bennelong Australian Equities,ETF/ETP,Spotlight mFund List,2026-02-07T16:49:57Z,2026-02-08 00:49 AWST,,,,,ETF_ETP,ASX Investment Products Monthly Report
BAE02,BAE02.AX,Bennelong Concentrated Australian Equity,ETF/ETP,Spotlight mFund List,2026-02-07T16:49:57Z,2026-02-08 00:49 AWST,,,,,ETF_ETP,ASX Investment Products Monthly Report
BAE03,BAE03.AX,Bennelong ex-20 Australian Equities,ETF/ETP,Spotlight mFund List,2026-02-07T16:49:57Z,2026-02-08 00:49 AWST,,,,,ETF_ETP,ASX Investment Products Monthly Report
BAE04,BAE04.AX,Bennelong Twenty20 Australian Equities,ETF/ETP,Spotlight mFund List,2026-02-07T16:49:57Z,2026-02-08 00:49 AWST,,,,,ETF_ETP,ASX Investment Products Monthly Report
BAE05,BAE05.AX,Bennelong Emerging Companies Fund,ETF/ETP,Spotlight mFund List,2026-02-07T16:49:57Z,2026-02-08 00:49 AWST,,,,,ETF_ETP,ASX Investment Products Monthly Report
BAK,BAK.AX,BARKLY RARE EARTHS LIMITED,Class Pend,,2026-02-07T16:49:57Z,2026-02-08 00:49 AWST,Classification Pending,99,Class Pend,99999999,EQUITY,ASXListedCompanies.csv
BANK,BANK.AX,Global X Australian Bank Credit ETF,ETF/ETP,Spotlight ETP List,2026-02-07T16:49:57Z,2026-02-08 00:49 AWST,,,,,ETF_ETP,ASX Investment Products Monthly Report
BAOR,BAOR.AX,Aoris Int Fund (Class B) (Unhedged) Active ETF,ETF/ETP,Spotlight ETP List,2026-02-07T16:49:57Z,2026-02-08 00:49 AWST,,,,,ETF_ETP,ASX Investment Products Monthly Report
BAP,BAP.AX,BAPCOR LIMITED,Consumer Discretionary Distribution & Retail,,2026-02-07T16:49:57Z,2026-02-08 00:49 AWST,Consumer Discretionary,25,Consumer Discretionary Distribution & Retail,25500000,EQUITY,ASXListedCompanies.csv
BAS,BAS.AX,BASS OIL LIMITED,Energy,,2026-02-07T16:49:57Z,2026-02-08 00:49 AWST,Energy,10,Energy,10100000,EQUITY,ASXListedCompanies.csv
BB1,BB1.AX,BLINKLAB LIMITED,Health Care Equipment & Services,,2026-02-07T16:49:57Z,2026-02-08 00:49 AWST,Health Care,35,Health Care Equipment & Services,35100000,EQUITY,ASXListedCompanies.csv
BBAB,BBAB.AX,Betashares Geared Short Australian Government Bond Complex ETF,ETF/ETP,Spotlight ETP List,2026-02-07T16:49:57Z,2026-02-08 00:49 AWST,,,,,ETF_ETP,ASX Investment Products Monthly Report
BBC,BBC.AX,BNK BANKING CORPORATION LIMITED,Banks,,2026-02-07T16:49:57Z,2026-02-08 00:49 AWST,Financials,40,Banks,40100000,EQUITY,ASXListedCompanies.csv
BBFD,BBFD.AX,Betashares Geared Short US Treasury Bond Currency Hedged Complex ETF,ETF/ETP,Spotlight ETP List,2026-02-07T16:49:57Z,2026-02-08 00:49 AWST,,,,,ETF_ETP,ASX Investment Products Monthly Report
BBL,BBL.AX,BRISBANE BRONCOS LIMITED,Media & Entertainment,,2026-02-07T16:49:57Z,2026-02-08 00:49 AWST,Communication Services,50,Media & Entertainment,50200000,EQUITY,ASXListedCompanies.csv
BBN,BBN.AX,BABY BUNTING GROUP LIMITED,Consumer Discretionary Distribution & Retail,,2026-02-07T16:49:57Z,2026-02-08 00:49 AWST,Consumer Discretionary,25,Consumer Discretionary Distribution & Retail,25500000,EQUITY,ASXListedCompanies.csv
BBOZ,BBOZ.AX,Betashares Australian Equities Strong Bear Complex ETF,ETF/ETP,Spotlight ETP List,2026-02-07T16:49:57Z,2026-02-08 00:49 AWST,,,,,ETF_ETP,ASX Investment Products Monthly Report
BBT,BBT.AX,BETR ENTERTAINMENT LIMITED,Consumer Services,,2026-02-07T16:49:57Z,2026-02-08 00:49 AWST,Consumer Discretionary,25,Consumer Services,25300000,EQUITY,ASXListedCompanies.csv
BBUS,BBUS.AX,Betashares US Equities Strong Bear Currency Hedged Complex ETF,ETF/ETP,Spotlight ETP List,2026-02-07T16:49:57Z,2026-02-08 00:49 AWST,,,,,ETF_ETP,ASX Investment Products Monthly Report
BC8,BC8.AX,BLACK CAT SYNDICATE LIMITED,Materials,,2026-02-07T16:49:57Z,2026-02-08 00:49 AWST,Materials,15,Materials,15100000,EQUITY,ASXListedCompanies.csv
BCA,BCA.AX,BLACK CANYON LIMITED,Materials,,2026-02-07T16:49:57Z,2026-02-08 00:49 AWST,Materials,15,Materials,15100000,EQUITY,ASXListedCompanies.csv
BCB,BCB.AX,BOWEN COKING COAL LIMITED,Materials,,2026-02-07T16:49:57Z,2026-02-08 00:49 AWST,Materials,15,Materials,15100000,EQUITY,ASXListedCompanies.csv
BCC,BCC.AX,BEAM COMMUNICATIONS HOLDINGS LIMITED,Technology Hardware & Equipment,,2026-02-07T16:49:57Z,2026-02-08 00:49 AWST,Information Technology,45,Technology Hardware & Equipment,45200000,EQUITY,ASXListedCompanies.csv
BCI,BCI.AX,BCI MINERALS LIMITED,Materials,,2026-02-07T16:49:57Z,2026-02-08 00:49 AWST,Materials,15,Materials,15100000,EQUITY,ASXListedCompanies.csv
BCK,BCK.AX,BROCKMAN MINING LIMITED,Materials,,2026-02-07T16:49:57Z,2026-02-08 00:49 AWST,Materials,15,Materials,15100000,EQUITY,ASXListedCompanies.csv
BCM,BCM.AX,BRAZILIAN CRITICAL MINERALS LIMITED,Materials,,2026-02-07T16:49:57Z,2026-02-08 00:49 AWST,Materials,15,Materials,15100000,EQUITY,ASXListedCompanies.csv
BCN,BCN.AX,BEACON MINERALS LIMITED,Materials,,2026-02-07T16:49:57Z,2026-02-08 00:49 AWST,Materials,15,Materials,15100000,EQUITY,ASXListedCompanies.csv
BCOM,BCOM.AX,Global X Bloomberg Commodity Complex ETF,ETF/ETP,Spotlight ETP List,2026-02-07T16:49:57Z,2026-02-08 00:49 AWST,,,,,ETF_ETP,ASX Investment Products Monthly Report
BDM,BDM.AX,BURGUNDY DIAMOND MINES LIMITED,Materials,,2026-02-07T16:49:57Z,2026-02-08 00:49 AWST,Materials,15,Materials,15100000,EQUITY,ASXListedCompanies.csv
BDX,BDX.AX,BCAL DIAGNOSTICS LIMITED,"Pharmaceuticals, Biotechnology & Life Sciences",,2026-02-07T16:49:57Z,2026-02-08 00:49 AWST,Health Care,35,"Pharmaceuticals, Biotechnology & Life Sciences",35200000,EQUITY,ASXListedCompanies.csv
BEAR,BEAR.AX,BetaShares Australian Equities BEAR Complex ETF,ETF/ETP,Spotlight ETP List,2026-02-07T16:49:57Z,2026-02-08 00:49 AWST,,,,,ETF_ETP,ASX Investment Products Monthly Report
BEL,BEL.AX,BENTLEY CAPITAL LIMITED,Not Applic,,2026-02-07T16:49:57Z,2026-02-08 00:49 AWST,Not Applicable,00,Not Applic,00000000,EQUITY,ASXListedCompanies.csv
BEMG,BEMG.AX,Betashares MSCI Emerging Markets Complex ETF,ETF/ETP,Spotlight ETP List,2026-02-07T16:49:57Z,2026-02-08 00:49 AWST,,,,,ETF_ETP,ASX Investment Products Monthly Report
BEN,BEN.AX,BENDIGO AND ADELAIDE BANK LIMITED,Banks,,2026-02-07T16:49:57Z,2026-02-08 00:49 AWST,Financials,40,Banks,40100000,EQUITY,ASXListedCompanies.csv
BEO,BEO.AX,BEONIC LTD,Software & Services,,2026-02-07T16:49:57Z,2026-02-08 00:49 AWST,Information Technology,45,Software & Services,45100000,EQUITY,ASXListedCompanies.csv
BEST,BEST.AX,ETFS US Quality ETF,ETF/ETP,Spotlight ETP List,2026-02-07T16:49:57Z,2026-02-08 00:49 AWST,,,,,ETF_ETP,ASX Investment Products Monthly Report
BET,BET.AX,BETMAKERS TECHNOLOGY GROUP LTD,Consumer Services,,2026-02-07T16:49:57Z,2026-02-08 00:49 AWST,Consumer Discretionary,25,Consumer Services,25300000,EQUITY,ASXListedCompanies.csv
BEZ,BEZ.AX,BESRA GOLD INC.,Materials,,2026-02-07T16:49:57Z,2026-02-08 00:49 AWST,Materials,15,Materials,15100000,EQUITY,ASXListedCompanies.csv
BFG,BFG.AX,BELL FINANCIAL GROUP LIMITED,Financial Services,,2026-02-07T16:49:57Z,2026-02-08 00:49 AWST,Financials,40,Financial Services,40200000,EQUITY,ASXListedCompanies.csv
BFL,BFL.AX,BSP FINANCIAL GROUP LIMITED,Banks,,2026-02-07T16:49:57Z,2026-02-08 00:49 AWST,Financials,40,Banks,40100000,EQUITY,ASXListedCompanies.csv
BGA,BGA.AX,BEGA CHEESE LIMITED,"Food, Beverage & Tobacco",,2026-02-07T16:49:57Z,2026-02-08 00:49 AWST,Consumer Staples,30,"Food, Beverage & Tobacco",30200000,EQUITY,ASXListedCompanies.csv
BGBL,BGBL.AX,Betashares Global Shares ETF,ETF/ETP,Spotlight ETP List,2026-02-07T16:49:57Z,2026-02-08 00:49 AWST,,,,,ETF_ETP,ASX Investment Products Monthly Report
BGD,BGD.AX,BARTON GOLD HOLDINGS LIMITED,Materials,,2026-02-07T16:49:57Z,2026-02-08 00:49 AWST,Materials,15,Materials,15100000,EQUITY,ASXListedCompanies.csv
BGE,BGE.AX,BRIDGE SAAS LIMITED,Software & Services,,2026-02-07T16:49:57Z,2026-02-08 00:49 AWST,Information Technology,45,Software & Services,45100000,EQUITY,ASXListedCompanies.csv
BGL,BGL.AX,BELLEVUE GOLD LIMITED,Materials,,2026-02-07T16:49:57Z,2026-02-08 00:49 AWST,Materials,15,Materials,15100000,EQUITY,ASXListedCompanies.csv
BGP,BGP.AX,BRISCOE GROUP AUSTRALASIA LIMITED,Consumer Discretionary Distribution & Retail,,2026-02-07T16:49:57Z,2026-02-08 00:49 AWST,Consumer Discretionary,25,Consumer Discretionary Distribution & Retail,25500000,EQUITY,ASXListedCompanies.csv
BGT,BGT.AX,BIO-GENE TECHNOLOGY LTD,Materials,,2026-02-07T16:49:57Z,2026-02-08 00:49 AWST,Materials,15,Materials,15100000,EQUITY,ASXListedCompanies.csv
BHD,BHD.AX,BENJAMIN HORNIGOLD LIMITED,Not Applic,,2026-02-07T16:49:57Z,2026-02-08 00:49 AWST,Not Applicable,00,Not Applic,00000000,EQUITY,ASXListedCompanies.csv
BHL,BHL.AX,BLACK HORSE MINING LIMITED,Materials,,2026-02-07T16:49:57Z,2026-02-08 00:49 AWST,Materials,15,Materials,15100000,EQUITY,ASXListedCompanies.csv
BHM,BHM.AX,BROKEN HILL MINES LIMITED,Materials,,2026-02-07T16:49:57Z,2026-02-08 00:49 AWST,Materials,15,Materials,15100000,EQUITY,ASXListedCompanies.csv
BHP,BHP.AX,BHP GROUP LIMITED,Materials,,2026-02-07T16:49:57Z,2026-02-08 00:49 AWST,Materials,15,Materials,15100000,EQUITY,ASXListedCompanies.csv
BHYB,BHYB.AX,Betashares Australian Major Bank Hybrids Index ETF,ETF/ETP,Spotlight ETP List,2026-02-07T16:49:57Z,2026-02-08 00:49 AWST,,,,,ETF_ETP,ASX Investment Products Monthly Report
BILL,BILL.AX,iShares Core Cash ETF,ETF/ETP,Spotlight ETP List,2026-02-07T16:49:57Z,2026-02-08 00:49 AWST,,,,,ETF_ETP,ASX Investment Products Monthly Report
BIM,BIM.AX,BINDI METALS LIMITED,Materials,,2026-02-07T16:49:57Z,2026-02-08 00:49 AWST,Materials,15,Materials,15100000,EQUITY,ASXListedCompanies.csv
BIO,BIO.AX,BIOME AUSTRALIA LIMITED,Household & Personal Products,,2026-02-07T16:49:57Z,2026-02-08 00:49 AWST,Consumer Staples,30,Household & Personal Products,30300000,EQUITY,ASXListedCompanies.csv
BIS,BIS.AX,BISALLOY STEEL GROUP LIMITED,Materials,,2026-02-07T16:49:57Z,2026-02-08 00:49 AWST,Materials,15,Materials,15100000,EQUITY,ASXListedCompanies.csv
BIT,BIT.AX,BIOTRON LIMITED,"Pharmaceuticals, Biotechnology & Life Sciences",,2026-02-07T16:49:57Z,2026-02-08 00:49 AWST,Health Care,35,"Pharmaceuticals, Biotechnology & Life Sciences",35200000,EQUITY,ASXListedCompanies.csv
BKB,BKB.AX,BLACK BEAR MINERALS LIMITED,Materials,,2026-02-07T16:49:57Z,2026-02-08 00:49 AWST,Materials,15,Materials,15100000,EQUITY,ASXListedCompanies.csv
BKI,BKI.AX,BKI INVESTMENT COMPANY LIMITED,Not Applic,,2026-02-07T16:49:57Z,2026-02-08 00:49 AWST,Not Applicable,00,Not Applic,00000000,EQUITY,ASXListedCompanies.csv
BKT,BKT.AX,BLACK ROCK MINING LIMITED,Materials,,2026-02-07T16:49:57Z,2026-02-08 00:49 AWST,Materials,15,Materials,15100000,EQUITY,ASXListedCompanies.csv
BKY,BKY.AX,BERKELEY ENERGIA LIMITED,Energy,,2026-02-07T16:49:57Z,2026-02-08 00:49 AWST,Energy,10,Energy,10100000,EQUITY,ASXListedCompanies.csv
BLG,BLG.AX,BLUGLASS LIMITED,Semiconductors & Semiconductor Equipment,,2026-02-07T16:49:57Z,2026-02-08 00:49 AWST,Information Technology,45,Semiconductors & Semiconductor Equipment,45300000,EQUITY,ASXListedCompanies.csv
BLL01,BLL01.AX,Bell Global Equities Fund,ETF/ETP,Spotlight mFund List,2026-02-07T16:49:57Z,2026-02-08 00:49 AWST,,,,,ETF_ETP,ASX Investment Products Monthly Report
BLM01,BLM01.AX,Bell Global Emerging Companies Fund,ETF/ETP,Spotlight mFund List,2026-02-07T16:49:57Z,2026-02-08 00:49 AWST,,,,,ETF_ETP,ASX Investment Products Monthly Report
BLU,BLU.AX,BLUE ENERGY LIMITED.,Energy,,2026-02-07T16:49:57Z,2026-02-08 00:49 AWST,Energy,10,Energy,10100000,EQUITY,ASXListedCompanies.csv
BLX,BLX.AX,BEACON LIGHTING GROUP LIMITED,Consumer Discretionary Distribution & Retail,,2026-02-07T16:49:57Z,2026-02-08 00:49 AWST,Consumer Discretionary,25,Consumer Discretionary Distribution & Retail,25500000,EQUITY,ASXListedCompanies.csv
BLZ,BLZ.AX,BLAZE MINERALS LIMITED,Energy,,2026-02-07T16:49:57Z,2026-02-08 00:49 AWST,Energy,10,Energy,10100000,EQUITY,ASXListedCompanies.csv
BM1,BM1.AX,BALLARD MINING LIMITED,Materials,,2026-02-07T16:49:57Z,2026-02-08 00:49 AWST,Materials,15,Materials,15100000,EQUITY,ASXListedCompanies.csv
BM8,BM8.AX,BATTERY AGE MINERALS LTD,Materials,,2026-02-07T16:49:57Z,2026-02-08 00:49 AWST,Materials,15,Materials,15100000,EQUITY,ASXListedCompanies.csv
BMC,BMC.AX,BMC MINERALS LTD.,Materials,,2026-02-07T16:49:57Z,2026-02-08 00:49 AWST,Materials,15,Materials,15100000,EQUITY,ASXListedCompanies.csv
BMG,BMG.AX,BMG RESOURCES LIMITED,Materials,,2026-02-07T16:49:57Z,2026-02-08 00:49 AWST,Materials,15,Materials,15100000,EQUITY,ASXListedCompanies.csv
BMH,BMH.AX,BAUMART HOLDINGS LIMITED,Capital Goods,,2026-02-07T16:49:57Z,2026-02-08 00:49 AWST,Industrials,20,Capital Goods,20100000,EQUITY,ASXListedCompanies.csv
BML,BML.AX,BOAB METALS LIMITED,Materials,,2026-02-07T16:49:57Z,2026-02-08 00:49 AWST,Materials,15,Materials,15100000,EQUITY,ASXListedCompanies.csv
BMM,BMM.AX,BAYAN MINING AND MINERALS LIMITED,Materials,,2026-02-07T16:49:57Z,2026-02-08 00:49 AWST,Materials,15,Materials,15100000,EQUITY,ASXListedCompanies.csv
BMN,BMN.AX,BANNERMAN ENERGY LTD,Energy,,2026-02-07T16:49:57Z,2026-02-08 00:49 AWST,Energy,10,Energy,10100000,EQUITY,ASXListedCompanies.csv
BMR,BMR.AX,BALLYMORE RESOURCES LIMITED,Materials,,2026-02-07T16:49:57Z,2026-02-08 00:49 AWST,Materials,15,Materials,15100000,EQUITY,ASXListedCompanies.csv
BMT,BMT.AX,BEAMTREE HOLDINGS LIMITED,Health Care Equipment & Services,,2026-02-07T16:49:57Z,2026-02-08 00:49 AWST,Health Care,35,Health Care Equipment & Services,35100000,EQUITY,ASXListedCompanies.csv
BNDS,BNDS.AX,BetaShares Western Asset Aus Bond Active ETF,ETF/ETP,Spotlight ETP List,2026-02-07T16:49:57Z,2026-02-08 00:49 AWST,,,,,ETF_ETP,ASX Investment Products Monthly Report
BNKS,BNKS.AX,Betashares Global Banks ETF - Currency Hedged,ETF/ETP,Spotlight ETP List,2026-02-07T16:49:57Z,2026-02-08 00:49 AWST,,,,,ETF_ETP,ASX Investment Products Monthly Report
BNL,BNL.AX,BLUE STAR HELIUM LIMITED,Energy,,2026-02-07T16:49:57Z,2026-02-08 00:49 AWST,Energy,10,Energy,10100000,EQUITY,ASXListedCompanies.csv
BNR,BNR.AX,BULLETIN RESOURCES LIMITED,Materials,,2026-02-07T16:49:57Z,2026-02-08 00:49 AWST,Materials,15,Materials,15100000,EQUITY,ASXListedCompanies.csv
BNZ,BNZ.AX,BENZ MINING CORP.,Materials,,2026-02-07T16:49:57Z,2026-02-08 00:49 AWST,Materials,15,Materials,15100000,EQUITY,ASXListedCompanies.csv
BOA,BOA.AX,BOA RESOURCES LTD,Materials,,2026-02-07T16:49:57Z,2026-02-08 00:49 AWST,Materials,15,Materials,15100000,EQUITY,ASXListedCompanies.csv
BOC,BOC.AX,BOUGAINVILLE COPPER LIMITED,Materials,,2026-02-07T16:49:57Z,2026-02-08 00:49 AWST,Materials,15,Materials,15100000,EQUITY,ASXListedCompanies.csv
BOE,BOE.AX,BOSS ENERGY LTD,Energy,,2026-02-07T16:49:57Z,2026-02-08 00:49 AWST,Energy,10,Energy,10100000,EQUITY,ASXListedCompanies.csv
BOL,BOL.AX,BOOM LOGISTICS LIMITED,Capital Goods,,2026-02-07T16:49:57Z,2026-02-08 00:49 AWST,Industrials,20,Capital Goods,20100000,EQUITY,ASXListedCompanies.csv
BOND,BOND.AX,SPDR S&P/ASX Australian Bond ETF,ETF/ETP,Spotlight ETP List,2026-02-07T16:49:57Z,2026-02-08 00:49 AWST,,,,,ETF_ETP,ASX Investment Products Monthly Report
BOQ,BOQ.AX,BANK OF QUEENSLAND LIMITED.,Banks,,2026-02-07T16:49:57Z,2026-02-08 00:49 AWST,Financials,40,Banks,40100000,EQUITY,ASXListedCompanies.csv
BOT,BOT.AX,BOTANIX PHARMACEUTICALS LTD,"Pharmaceuticals, Biotechnology & Life Sciences",,2026-02-07T16:49:57Z,2026-02-08 00:49 AWST,Health Care,35,"Pharmaceuticals, Biotechnology & Life Sciences",35200000,EQUITY,ASXListedCompanies.csv
BP1,BP1.AX,BP CAPITAL MARKETS P.L.C.,Not Applic,,2026-02-07T16:49:57Z,2026-02-08 00:49 AWST,Not Applicable,00,Not Applic,00000000,EQUITY,ASXListedCompanies.csv
BP8,BP8.AX,BPH GLOBAL LTD,"Pharmaceuticals, Biotechnology & Life Sciences",,2026-02-07T16:49:57Z,2026-02-08 00:49 AWST,Health Care,35,"Pharmaceuticals, Biotechnology & Life Sciences",35200000,EQUITY,ASXListedCompanies.csv
BPG,BPG.AX,BLACK PEARL GROUP LIMITED,Software & Services,,2026-02-07T16:49:57Z,2026-02-08 00:49 AWST,Information Technology,45,Software & Services,45100000,EQUITY,ASXListedCompanies.csv
BPH,BPH.AX,BPH ENERGY LTD,Financial Services,,2026-02-07T16:49:57Z,2026-02-08 00:49 AWST,Financials,40,Financial Services,40200000,EQUITY,ASXListedCompanies.csv
BPM,BPM.AX,BPM MINERALS LIMITED,Materials,,2026-02-07T16:49:57Z,2026-02-08 00:49 AWST,Materials,15,Materials,15100000,EQUITY,ASXListedCompanies.csv
BPP,BPP.AX,BABYLON PUMP & POWER LIMITED,Capital Goods,,2026-02-07T16:49:57Z,2026-02-08 00:49 AWST,Industrials,20,Capital Goods,20100000,EQUITY,ASXListedCompanies.csv
BPT,BPT.AX,BEACH ENERGY LIMITED,Energy,,2026-02-07T16:49:57Z,2026-02-08 00:49 AWST,Energy,10,Energy,10100000,EQUITY,ASXListedCompanies.csv
BRE,BRE.AX,BRAZILIAN RARE EARTHS LIMITED,Materials,,2026-02-07T16:49:57Z,2026-02-08 00:49 AWST,Materials,15,Materials,15100000,EQUITY,ASXListedCompanies.csv
BRG,BRG.AX,BREVILLE GROUP LIMITED,Consumer Durables & Apparel,,2026-02-07T16:49:57Z,2026-02-08 00:49 AWST,Consumer Discretionary,25,Consumer Durables & Apparel,25200000,EQUITY,ASXListedCompanies.csv
BRI,BRI.AX,BIG RIVER INDUSTRIES LIMITED,Materials,,2026-02-07T16:49:57Z,2026-02-08 00:49 AWST,Materials,15,Materials,15100000,EQUITY,ASXListedCompanies.csv
BRK,BRK.AX,BROOKSIDE ENERGY LIMITED,Energy,,2026-02-07T16:49:57Z,2026-02-08 00:49 AWST,Energy,10,Energy,10100000,EQUITY,ASXListedCompanies.csv
BRL,BRL.AX,BATHURST RESOURCES LIMITED.,Materials,,2026-02-07T16:49:57Z,2026-02-08 00:49 AWST,Materials,15,Materials,15100000,EQUITY,ASXListedCompanies.csv
BRN,BRN.AX,BRAINCHIP HOLDINGS LTD,Software & Services,,2026-02-07T16:49:57Z,2026-02-08 00:49 AWST,Information Technology,45,Software & Services,45100000,EQUITY,ASXListedCompanies.csv
BRU,BRU.AX,BURU ENERGY LIMITED,Energy,,2026-02-07T16:49:57Z,2026-02-08 00:49 AWST,Energy,10,Energy,10100000,EQUITY,ASXListedCompanies.csv
BRX,BRX.AX,BELARAROX LIMITED,Materials,,2026-02-07T16:49:57Z,2026-02-08 00:49 AWST,Materials,15,Materials,15100000,EQUITY,ASXListedCompanies.csv
BRY,BRY.AX,BARYS RESOURCES LIMITED,Materials,,2026-02-07T16:49:57Z,2026-02-08 00:49 AWST,Materials,15,Materials,15100000,EQUITY,ASXListedCompanies.csv
BS1,BS1.AX,BLUESTONE PRIME 2024-1 TRUST,Not Applic,,2026-02-07T16:49:57Z,2026-02-08 00:49 AWST,Not Applicable,00,Not Applic,00000000,EQUITY,ASXListedCompanies.csv
BSA,BSA.AX,BSA LIMITED,Commercial & Professional Services,,2026-02-07T16:49:57Z,2026-02-08 00:49 AWST,Industrials,20,Commercial & Professional Services,20200000,EQUITY,ASXListedCompanies.csv
BSL,BSL.AX,BLUESCOPE STEEL LIMITED,Materials,,2026-02-07T16:49:57Z,2026-02-08 00:49 AWST,Materials,15,Materials,15100000,EQUITY,ASXListedCompanies.csv
BSN,BSN.AX,BASIN ENERGY LIMITED,Energy,,2026-02-07T16:49:57Z,2026-02-08 00:49 AWST,Energy,10,Energy,10100000,EQUITY,ASXListedCompanies.csv
BSUB,BSUB.AX,Australian Major Bank Subordinated Debt ETF,ETF/ETP,Spotlight ETP List,2026-02-07T16:49:57Z,2026-02-08 00:49 AWST,,,,,ETF_ETP,ASX Investment Products Monthly Report
BSX,BSX.AX,BLACKSTONE MINERALS LIMITED,Materials,,2026-02-07T16:49:57Z,2026-02-08 00:49 AWST,Materials,15,Materials,15100000,EQUITY,ASXListedCompanies.csv
BTC,BTC.AX,BTC HEALTH LTD,Not Applic,,2026-02-07T16:49:57Z,2026-02-08 00:49 AWST,Not Applicable,00,Not Applic,00000000,EQUITY,ASXListedCompanies.csv
BTE,BTE.AX,BOTALA ENERGY LTD,Energy,,2026-02-07T16:49:57Z,2026-02-08 00:49 AWST,Energy,10,Energy,10100000,EQUITY,ASXListedCompanies.csv
BTI,BTI.AX,BAILADOR TECHNOLOGY INVESTMENTS LIMITED,Financial Services,,2026-02-07T16:49:57Z,2026-02-08 00:49 AWST,Financials,40,Financial Services,40200000,EQUITY,ASXListedCompanies.csv
BTL,BTL.AX,BEETALOO ENERGY AUSTRALIA LIMITED,Energy,,2026-02-07T16:49:57Z,2026-02-08 00:49 AWST,Energy,10,Energy,10100000,EQUITY,ASXListedCompanies.csv
BTM,BTM.AX,BREAKTHROUGH MINERALS LIMITED,Energy,,2026-02-07T16:49:57Z,2026-02-08 00:49 AWST,Energy,10,Energy,10100000,EQUITY,ASXListedCompanies.csv
BTN,BTN.AX,BUTN LIMITED,Financial Services,,2026-02-07T16:49:57Z,2026-02-08 00:49 AWST,Financials,40,Financial Services,40200000,EQUITY,ASXListedCompanies.csv
BTR,BTR.AX,BRIGHTSTAR RESOURCES LIMITED,Materials,,2026-02-07T16:49:57Z,2026-02-08 00:49 AWST,Materials,15,Materials,15100000,EQUITY,ASXListedCompanies.csv
BTXX,BTXX.AX,DigitalX Bitcoin ETF,ETF/ETP,Spotlight ETP List,2026-02-07T16:49:57Z,2026-02-08 00:49 AWST,,,,,ETF_ETP,ASX Investment Products Monthly Report
BUB,BUB.AX,BUBS AUSTRALIA LIMITED,"Food, Beverage & Tobacco",,2026-02-07T16:49:57Z,2026-02-08 00:49 AWST,Consumer Staples,30,"Food, Beverage & Tobacco",30200000,EQUITY,ASXListedCompanies.csv
BUGG,BUGG.AX,Global X Cybersecurity ETF,ETF/ETP,Spotlight ETP List,2026-02-07T16:49:57Z,2026-02-08 00:49 AWST,,,,,ETF_ETP,ASX Investment Products Monthly Report
BUR,BUR.AX,BURLEY MINERALS LTD,Materials,,2026-02-07T16:49:57Z,2026-02-08 00:49 AWST,Materials,15,Materials,15100000,EQUITY,ASXListedCompanies.csv
BUS,BUS.AX,BUBALUS RESOURCES LIMITED,Materials,,2026-02-07T16:49:57Z,2026-02-08 00:49 AWST,Materials,15,Materials,15100000,EQUITY,ASXListedCompanies.csv
BUX,BUX.AX,BUXTON RESOURCES LIMITED,Materials,,2026-02-07T16:49:57Z,2026-02-08 00:49 AWST,Materials,15,Materials,15100000,EQUITY,ASXListedCompanies.csv
BUY,BUY.AX,BOUNTY OIL & GAS NL,Energy,,2026-02-07T16:49:57Z,2026-02-08 00:49 AWST,Energy,10,Energy,10100000,EQUITY,ASXListedCompanies.csv
BVR,BVR.AX,BELLAVISTA RESOURCES LTD,Materials,,2026-02-07T16:49:57Z,2026-02-08 00:49 AWST,Materials,15,Materials,15100000,EQUITY,ASXListedCompanies.csv
BVS,BVS.AX,BRAVURA SOLUTIONS LIMITED.,Software & Services,,2026-02-07T16:49:57Z,2026-02-08 00:49 AWST,Information Technology,45,Software & Services,45100000,EQUITY,ASXListedCompanies.csv
BW6,BW6.AX,BLACKWATTLE SERIES RMBS TRUST NO.6,Not Applic,,2026-02-07T16:49:57Z,2026-02-08 00:49 AWST,Not Applicable,00,Not Applic,00000000,EQUITY,ASXListedCompanies.csv
BWF,BWF.AX,BLACKWALL LIMITED,Financial Services,,2026-02-07T16:49:57Z,2026-02-08 00:49 AWST,Financials,40,Financial Services,40200000,EQUITY,ASXListedCompanies.csv
BWN,BWN.AX,BHAGWAN MARINE LIMITED,Transportation,,2026-02-07T16:49:57Z,2026-02-08 00:49 AWST,Industrials,20,Transportation,20300000,EQUITY,ASXListedCompanies.csv
BWP,BWP.AX,BWP GROUP,Equity Real Estate Investment Trusts (REITs),,2026-02-07T16:49:57Z,2026-02-08 00:49 AWST,Real Estate,60,Equity Real Estate Investment Trusts (REITs),60100000,EQUITY,ASXListedCompanies.csv
BXB,BXB.AX,BRAMBLES LIMITED,Commercial & Professional Services,,2026-02-07T16:49:57Z,2026-02-08 00:49 AWST,Industrials,20,Commercial & Professional Services,20200000,EQUITY,ASXListedCompanies.csv
BXN,BXN.AX,BIOXYNE LIMITED,Household & Personal Products,,2026-02-07T16:49:57Z,2026-02-08 00:49 AWST,Consumer Staples,30,Household & Personal Products,30300000,EQUITY,ASXListedCompanies.csv
C1X,C1X.AX,COSMOS EXPLORATION LIMITED,Materials,,2026-02-07T16:49:57Z,2026-02-08 00:49 AWST,Materials,15,Materials,15100000,EQUITY,ASXListedCompanies.csv
C29,C29.AX,C29 METALS LIMITED,Materials,,2026-02-07T16:49:57Z,2026-02-08 00:49 AWST,Materials,15,Materials,15100000,EQUITY,ASXListedCompanies.csv
C79,C79.AX,CHRYSOS CORPORATION LIMITED,Commercial & Professional Services,,2026-02-07T16:49:57Z,2026-02-08 00:49 AWST,Industrials,20,Commercial & Professional Services,20200000,EQUITY,ASXListedCompanies.csv
C7A,C7A.AX,CLARA RESOURCES AUSTRALIA LTD,Materials,,2026-02-07T16:49:57Z,2026-02-08 00:49 AWST,Materials,15,Materials,15100000,EQUITY,ASXListedCompanies.csv
CAA,CAA.AX,CAPRAL LIMITED,Materials,,2026-02-07T16:49:57Z,2026-02-08 00:49 AWST,Materials,15,Materials,15100000,EQUITY,ASXListedCompanies.csv
CAE,CAE.AX,CANNINDAH RESOURCES LIMITED,Materials,,2026-02-07T16:49:57Z,2026-02-08 00:49 AWST,Materials,15,Materials,15100000,EQUITY,ASXListedCompanies.csv
CAF,CAF.AX,CENTREPOINT ALLIANCE LIMITED,Financial Services,,2026-02-07T16:49:57Z,2026-02-08 00:49 AWST,Financials,40,Financial Services,40200000,EQUITY,ASXListedCompanies.csv
CAM,CAM.AX,CLIME CAPITAL LIMITED,Not Applic,,2026-02-07T16:49:57Z,2026-02-08 00:49 AWST,Not Applicable,00,Not Applic,00000000,EQUITY,ASXListedCompanies.csv
CAN,CAN.AX,CANN GROUP LIMITED,"Pharmaceuticals, Biotechnology & Life Sciences",,2026-02-07T16:49:57Z,2026-02-08 00:49 AWST,Health Care,35,"Pharmaceuticals, Biotechnology & Life Sciences",35200000,EQUITY,ASXListedCompanies.csv
CAQ,CAQ.AX,CAQ HOLDINGS LIMITED,Real Estate Management & Development,,2026-02-07T16:49:57Z,2026-02-08 00:49 AWST,Real Estate,60,Real Estate Management & Development,60200000,EQUITY,ASXListedCompanies.csv
CAR,CAR.AX,CAR GROUP LIMITED,Media & Entertainment,,2026-02-07T16:49:57Z,2026-02-08 00:49 AWST,Communication Services,50,Media & Entertainment,50200000,EQUITY,ASXListedCompanies.csv
CASH,CASH.AX,ASX investment product,ETF/ETP,Spotlight ETP List,2026-02-07T16:49:57Z,2026-02-08 00:49 AWST,,,,,ETF_ETP,ASX Investment Products Monthly Report
CAT,CAT.AX,CATAPULT SPORTS LTD,Software & Services,,2026-02-07T16:49:57Z,2026-02-08 00:49 AWST,Information Technology,45,Software & Services,45100000,EQUITY,ASXListedCompanies.csv
CAV,CAV.AX,CARNAVALE RESOURCES LIMITED,Materials,,2026-02-07T16:49:57Z,2026-02-08 00:49 AWST,Materials,15,Materials,15100000,EQUITY,ASXListedCompanies.csv
CAY,CAY.AX,CANYON RESOURCES LIMITED,Materials,,2026-02-07T16:49:57Z,2026-02-08 00:49 AWST,Materials,15,Materials,15100000,EQUITY,ASXListedCompanies.csv
CAZ,CAZ.AX,CAZALY RESOURCES LIMITED,Materials,,2026-02-07T16:49:57Z,2026-02-08 00:49 AWST,Materials,15,Materials,15100000,EQUITY,ASXListedCompanies.csv
CBA,CBA.AX,COMMONWEALTH BANK OF AUSTRALIA.,Banks,,2026-02-07T16:49:57Z,2026-02-08 00:49 AWST,Financials,40,Banks,40100000,EQUITY,ASXListedCompanies.csv
CBE,CBE.AX,COBRE LIMITED,Materials,,2026-02-07T16:49:57Z,2026-02-08 00:49 AWST,Materials,15,Materials,15100000,EQUITY,ASXListedCompanies.csv
CBL,CBL.AX,CONTROL BIONICS LIMITED,Health Care Equipment & Services,,2026-02-07T16:49:57Z,2026-02-08 00:49 AWST,Health Care,35,Health Care Equipment & Services,35100000,EQUITY,ASXListedCompanies.csv
CBO,CBO.AX,COBRAM ESTATE OLIVES LIMITED,"Food, Beverage & Tobacco",,2026-02-07T16:49:57Z,2026-02-08 00:49 AWST,Consumer Staples,30,"Food, Beverage & Tobacco",30200000,EQUITY,ASXListedCompanies.csv
CBY,CBY.AX,CANTERBURY RESOURCES LIMITED,Materials,,2026-02-07T16:49:57Z,2026-02-08 00:49 AWST,Materials,15,Materials,15100000,EQUITY,ASXListedCompanies.csv
CC5,CC5.AX,CLEVER CULTURE SYSTEMS LIMITED,Health Care Equipment & Services,,2026-02-07T16:49:57Z,2026-02-08 00:49 AWST,Health Care,35,Health Care Equipment & Services,35100000,EQUITY,ASXListedCompanies.csv
CC9,CC9.AX,CHARIOT RESOURCES LTD,Materials,,2026-02-07T16:49:57Z,2026-02-08 00:49 AWST,Materials,15,Materials,15100000,EQUITY,ASXListedCompanies.csv
CCA,CCA.AX,CHANGE FINANCIAL LIMITED,Financial Services,,2026-02-07T16:49:57Z,2026-02-08 00:49 AWST,Financials,40,Financial Services,40200000,EQUITY,ASXListedCompanies.csv
CCE,CCE.AX,CARNEGIE CLEAN ENERGY LIMITED,Utilities,,2026-02-07T16:49:57Z,2026-02-08 00:49 AWST,Utilities,55,Utilities,55100000,EQUITY,ASXListedCompanies.csv
CCG,CCG.AX,COMMS GROUP LTD,Telecommunication Services,,2026-02-07T16:49:57Z,2026-02-08 00:49 AWST,Communication Services,50,Telecommunication Services,50100000,EQUITY,ASXListedCompanies.csv
CCL,CCL.AX,CUSCAL LIMITED,Financial Services,,2026-02-07T16:49:57Z,2026-02-08 00:49 AWST,Financials,40,Financial Services,40200000,EQUITY,ASXListedCompanies.csv
CCM,CCM.AX,CADOUX LIMITED,Materials,,2026-02-07T16:49:57Z,2026-02-08 00:49 AWST,Materials,15,Materials,15100000,EQUITY,ASXListedCompanies.csv
CCO,CCO.AX,THE CALMER CO INTERNATIONAL LIMITED,Household & Personal Products,,2026-02-07T16:49:57Z,2026-02-08 00:49 AWST,Consumer Staples,30,Household & Personal Products,30300000,EQUITY,ASXListedCompanies.csv
CCP,CCP.AX,CREDIT CORP GROUP LIMITED,Financial Services,,2026-02-07T16:49:57Z,2026-02-08 00:49 AWST,Financials,40,Financial Services,40200000,EQUITY,ASXListedCompanies.csv
CCR,CCR.AX,CREDIT CLEAR LIMITED,Software & Services,,2026-02-07T16:49:57Z,2026-02-08 00:49 AWST,Information Technology,45,Software & Services,45100000,EQUITY,ASXListedCompanies.csv
CCV,CCV.AX,CASH CONVERTERS INTERNATIONAL,Financial Services,,2026-02-07T16:49:57Z,2026-02-08 00:49 AWST,Financials,40,Financial Services,40200000,EQUITY,ASXListedCompanies.csv
CCX,CCX.AX,CITY CHIC COLLECTIVE LIMITED,Consumer Discretionary Distribution & Retail,,2026-02-07T16:49:57Z,2026-02-08 00:49 AWST,Consumer Discretionary,25,Consumer Discretionary Distribution & Retail,25500000,EQUITY,ASXListedCompanies.csv
CD1,CD1.AX,CD PRIVATE EQUITY FUND I,Not Applic,,2026-02-07T16:49:57Z,2026-02-08 00:49 AWST,Not Applicable,00,Not Applic,00000000,EQUITY,ASXListedCompanies.csv
CD2,CD2.AX,CD PRIVATE EQUITY FUND II,Not Applic,,2026-02-07T16:49:57Z,2026-02-08 00:49 AWST,Not Applicable,00,Not Applic,00000000,EQUITY,ASXListedCompanies.csv
CD3,CD3.AX,CD PRIVATE EQUITY FUND III,Not Applic,,2026-02-07T16:49:57Z,2026-02-08 00:49 AWST,Not Applicable,00,Not Applic,00000000,EQUITY,ASXListedCompanies.csv
CDA,CDA.AX,CODAN LIMITED,Technology Hardware & Equipment,,2026-02-07T16:49:57Z,2026-02-08 00:49 AWST,Information Technology,45,Technology Hardware & Equipment,45200000,EQUITY,ASXListedCompanies.csv
CDE,CDE.AX,CODEIFAI LIMITED,Commercial & Professional Services,,2026-02-07T16:49:57Z,2026-02-08 00:49 AWST,Industrials,20,Commercial & Professional Services,20200000,EQUITY,ASXListedCompanies.csv
CDM,CDM.AX,CADENCE CAPITAL LIMITED,Not Applic,,2026-02-07T16:49:57Z,2026-02-08 00:49 AWST,Not Applicable,00,Not Applic,00000000,EQUITY,ASXListedCompanies.csv
CDO,CDO.AX,CADENCE OPPORTUNITIES FUND LIMITED.,Not Applic,,2026-02-07T16:49:57Z,2026-02-08 00:49 AWST,Not Applicable,00,Not Applic,00000000,EQUITY,ASXListedCompanies.csv
CDP,CDP.AX,CARINDALE PROPERTY TRUST,Equity Real Estate Investment Trusts (REITs),,2026-02-07T16:49:57Z,2026-02-08 00:49 AWST,Real Estate,60,Equity Real Estate Investment Trusts (REITs),60100000,EQUITY,ASXListedCompanies.csv
CDR,CDR.AX,CODRUS MINERALS LIMITED,Materials,,2026-02-07T16:49:57Z,2026-02-08 00:49 AWST,Materials,15,Materials,15100000,EQUITY,ASXListedCompanies.csv
CDT,CDT.AX,CASTLE MINERALS LIMITED,Materials,,2026-02-07T16:49:57Z,2026-02-08 00:49 AWST,Materials,15,Materials,15100000,EQUITY,ASXListedCompanies.csv
CEH,CEH.AX,COAST ENTERTAINMENT HOLDINGS LIMITED,Consumer Services,,2026-02-07T16:49:57Z,2026-02-08 00:49 AWST,Consumer Discretionary,25,Consumer Services,25300000,EQUITY,ASXListedCompanies.csv
CEL,CEL.AX,CHALLENGER GOLD LIMITED,Materials,,2026-02-07T16:49:57Z,2026-02-08 00:49 AWST,Materials,15,Materials,15100000,EQUITY,ASXListedCompanies.csv
CEN,CEN.AX,CONTACT ENERGY LIMITED,Utilities,,2026-02-07T16:49:57Z,2026-02-08 00:49 AWST,Utilities,55,Utilities,55100000,EQUITY,ASXListedCompanies.csv
CETF,CETF.AX,VanEck FTSE China A50 ETF,ETF/ETP,Spotlight ETP List,2026-02-07T16:49:57Z,2026-02-08 00:49 AWST,,,,,ETF_ETP,ASX Investment Products Monthly Report
CF1,CF1.AX,COMPLII FINTECH SOLUTIONS LTD,Software & Services,,2026-02-07T16:49:57Z,2026-02-08 00:49 AWST,Information Technology,45,Software & Services,45100000,EQUITY,ASXListedCompanies.csv
CFLO,CFLO.AX,Betashares Global Cash Flow Kings ETF,ETF/ETP,Spotlight ETP List,2026-02-07T16:49:57Z,2026-02-08 00:49 AWST,,,,,ETF_ETP,ASX Investment Products Monthly Report
CG1,CG1.AX,CARBONXT GROUP LIMITED,Materials,,2026-02-07T16:49:57Z,2026-02-08 00:49 AWST,Materials,15,Materials,15100000,EQUITY,ASXListedCompanies.csv
CGF,CGF.AX,CHALLENGER LIMITED,Financial Services,,2026-02-07T16:49:57Z,2026-02-08 00:49 AWST,Financials,40,Financial Services,40200000,EQUITY,ASXListedCompanies.csv
CGHE,CGHE.AX,Claremont Global Fund (Hedged) Active ETF,ETF/ETP,Spotlight ETP List,2026-02-07T16:49:57Z,2026-02-08 00:49 AWST,,,,,ETF_ETP,ASX Investment Products Monthly Report
CGO,CGO.AX,CPT GLOBAL LIMITED,Software & Services,,2026-02-07T16:49:57Z,2026-02-08 00:49 AWST,Information Technology,45,Software & Services,45100000,EQUITY,ASXListedCompanies.csv
CGR,CGR.AX,CGN RESOURCES LIMITED,Materials,,2026-02-07T16:49:57Z,2026-02-08 00:49 AWST,Materials,15,Materials,15100000,EQUITY,ASXListedCompanies.csv
CGS,CGS.AX,COGSTATE LTD,Health Care Equipment & Services,,2026-02-07T16:49:57Z,2026-02-08 00:49 AWST,Health Care,35,Health Care Equipment & Services,35100000,EQUITY,ASXListedCompanies.csv
CGUN,CGUN.AX,Claremont Global Fund Active ETF,ETF/ETP,Spotlight ETP List,2026-02-07T16:49:57Z,2026-02-08 00:49 AWST,,,,,ETF_ETP,ASX Investment Products Monthly Report
CHC,CHC.AX,CHARTER HALL GROUP,Equity Real Estate Investment Trusts (REITs),,2026-02-07T16:49:57Z,2026-02-08 00:49 AWST,Real Estate,60,Equity Real Estate Investment Trusts (REITs),60100000,EQUITY,ASXListedCompanies.csv
CHI,CHI.AX,CHANNEL INFRASTRUCTURE NZ LIMITED,Energy,,2026-02-07T16:49:57Z,2026-02-08 00:49 AWST,Energy,10,Energy,10100000,EQUITY,ASXListedCompanies.csv
CHL,CHL.AX,CAMPLIFY HOLDINGS LIMITED,Transportation,,2026-02-07T16:49:57Z,2026-02-08 00:49 AWST,Industrials,20,Transportation,20300000,EQUITY,ASXListedCompanies.csv
CHM,CHM.AX,CHIMERIC THERAPEUTICS LIMITED,"Pharmaceuticals, Biotechnology & Life Sciences",,2026-02-07T16:49:57Z,2026-02-08 00:49 AWST,Health Care,35,"Pharmaceuticals, Biotechnology & Life Sciences",35200000,EQUITY,ASXListedCompanies.csv
CHN,CHN.AX,CHALICE MINING LIMITED,Materials,,2026-02-07T16:49:57Z,2026-02-08 00:49 AWST,Materials,15,Materials,15100000,EQUITY,ASXListedCompanies.csv
CHR,CHR.AX,CHARGER METALS NL,Materials,,2026-02-07T16:49:57Z,2026-02-08 00:49 AWST,Materials,15,Materials,15100000,EQUITY,ASXListedCompanies.csv
CHW,CHW.AX,CHILWA MINERALS LTD,Materials,,2026-02-07T16:49:57Z,2026-02-08 00:49 AWST,Materials,15,Materials,15100000,EQUITY,ASXListedCompanies.csv
CI1,CI1.AX,CREDIT INTELLIGENCE LTD,Commercial & Professional Services,,2026-02-07T16:49:57Z,2026-02-08 00:49 AWST,Industrials,20,Commercial & Professional Services,20200000,EQUITY,ASXListedCompanies.csv
CIA,CIA.AX,CHAMPION IRON LIMITED,Materials,,2026-02-07T16:49:57Z,2026-02-08 00:49 AWST,Materials,15,Materials,15100000,EQUITY,ASXListedCompanies.csv
CIIH,CIIH.AX,CB Global Infrastructure Income (Hedged) Active ETF,ETF/ETP,Spotlight ETP List,2026-02-07T16:49:57Z,2026-02-08 00:49 AWST,,,,,ETF_ETP,ASX Investment Products Monthly Report
CIM,CIM.AX,CHALLENGER IM CAPITAL LIMITED,Not Applic,,2026-02-07T16:49:57Z,2026-02-08 00:49 AWST,Not Applicable,00,Not Applic,00000000,EQUITY,ASXListedCompanies.csv
CIN,CIN.AX,CARLTON INVESTMENTS LIMITED,Not Applic,,2026-02-07T16:49:57Z,2026-02-08 00:49 AWST,Not Applicable,00,Not Applic,00000000,EQUITY,ASXListedCompanies.csv
CIP,CIP.AX,CENTURIA INDUSTRIAL REIT,Equity Real Estate Investment Trusts (REITs),,2026-02-07T16:49:57Z,2026-02-08 00:49 AWST,Real Estate,60,Equity Real Estate Investment Trusts (REITs),60100000,EQUITY,ASXListedCompanies.csv
CIVH,CIVH.AX,CB GLBL Infrastructure Value (Hedged) Active ETF,ETF/ETP,Spotlight ETP List,2026-02-07T16:49:57Z,2026-02-08 00:49 AWST,,,,,ETF_ETP,ASX Investment Products Monthly Report
CIW,CIW.AX,CLIME INVESTMENT MANAGEMENT LTD,Financial Services,,2026-02-07T16:49:57Z,2026-02-08 00:49 AWST,Financials,40,Financial Services,40200000,EQUITY,ASXListedCompanies.csv
CKA,CKA.AX,COKAL LIMITED,Materials,,2026-02-07T16:49:57Z,2026-02-08 00:49 AWST,Materials,15,Materials,15100000,EQUITY,ASXListedCompanies.csv
CKF,CKF.AX,COLLINS FOODS LIMITED,Consumer Services,,2026-02-07T16:49:57Z,2026-02-08 00:49 AWST,Consumer Discretionary,25,Consumer Services,25300000,EQUITY,ASXListedCompanies.csv
CL8,CL8.AX,CL8 HOLDINGS LIMITED,Transportation,,2026-02-07T16:49:57Z,2026-02-08 00:49 AWST,Industrials,20,Transportation,20300000,EQUITY,ASXListedCompanies.csv
CLA,CLA.AX,CELSIUS RESOURCES LIMITED.,Materials,,2026-02-07T16:49:57Z,2026-02-08 00:49 AWST,Materials,15,Materials,15100000,EQUITY,ASXListedCompanies.csv
CLDD,CLDD.AX,Betashares Cloud Computing ETF,ETF/ETP,Spotlight ETP List,2026-02-07T16:49:57Z,2026-02-08 00:49 AWST,,,,,ETF_ETP,ASX Investment Products Monthly Report
CLG,CLG.AX,CLOSE THE LOOP LTD.,Commercial & Professional Services,,2026-02-07T16:49:57Z,2026-02-08 00:49 AWST,Industrials,20,Commercial & Professional Services,20200000,EQUITY,ASXListedCompanies.csv
CLNE,CLNE.AX,VanEck Global Clean Energy ETF,ETF/ETP,Spotlight ETP List,2026-02-07T16:49:57Z,2026-02-08 00:49 AWST,,,,,ETF_ETP,ASX Investment Products Monthly Report
CLU,CLU.AX,CLUEY LTD,Consumer Services,,2026-02-07T16:49:57Z,2026-02-08 00:49 AWST,Consumer Discretionary,25,Consumer Services,25300000,EQUITY,ASXListedCompanies.csv
CLV,CLV.AX,CLOVER CORPORATION LIMITED,Materials,,2026-02-07T16:49:57Z,2026-02-08 00:49 AWST,Materials,15,Materials,15100000,EQUITY,ASXListedCompanies.csv
CLW,CLW.AX,CHARTER HALL LONG WALE REIT,Equity Real Estate Investment Trusts (REITs),,2026-02-07T16:49:57Z,2026-02-08 00:49 AWST,Real Estate,60,Equity Real Estate Investment Trusts (REITs),60100000,EQUITY,ASXListedCompanies.csv
CLX,CLX.AX,CTI LOGISTICS LIMITED,Transportation,,2026-02-07T16:49:57Z,2026-02-08 00:49 AWST,Industrials,20,Transportation,20300000,EQUITY,ASXListedCompanies.csv
CLZ,CLZ.AX,CLASSIC MINERALS LTD,Materials,,2026-02-07T16:49:57Z,2026-02-08 00:49 AWST,Materials,15,Materials,15100000,EQUITY,ASXListedCompanies.csv
CMA,CMA.AX,CARMA LIMITED,Consumer Discretionary Distribution & Retail,,2026-02-07T16:49:57Z,2026-02-08 00:49 AWST,Consumer Discretionary,25,Consumer Discretionary Distribution & Retail,25500000,EQUITY,ASXListedCompanies.csv
CMB,CMB.AX,CAMBIUM BIO LIMITED,"Pharmaceuticals, Biotechnology & Life Sciences",,2026-02-07T16:49:57Z,2026-02-08 00:49 AWST,Health Care,35,"Pharmaceuticals, Biotechnology & Life Sciences",35200000,EQUITY,ASXListedCompanies.csv
CMD,CMD.AX,CASSIUS MINING LIMITED,Materials,,2026-02-07T16:49:57Z,2026-02-08 00:49 AWST,Materials,15,Materials,15100000,EQUITY,ASXListedCompanies.csv
CMG,CMG.AX,CRITICAL MINERALS GROUP LIMITED,Materials,,2026-02-07T16:49:57Z,2026-02-08 00:49 AWST,Materials,15,Materials,15100000,EQUITY,ASXListedCompanies.csv
CML,CML.AX,CONNECTED MINERALS LIMITED,Technology Hardware & Equipment,,2026-02-07T16:49:57Z,2026-02-08 00:49 AWST,Information Technology,45,Technology Hardware & Equipment,45200000,EQUITY,ASXListedCompanies.csv
CMM,CMM.AX,CAPRICORN METALS LTD,Materials,,2026-02-07T16:49:57Z,2026-02-08 00:49 AWST,Materials,15,Materials,15100000,EQUITY,ASXListedCompanies.csv
CMO,CMO.AX,COSMO METALS LIMITED,Materials,,2026-02-07T16:49:57Z,2026-02-08 00:49 AWST,Materials,15,Materials,15100000,EQUITY,ASXListedCompanies.csv
CMP,CMP.AX,COMPUMEDICS LIMITED,Health Care Equipment & Services,,2026-02-07T16:49:57Z,2026-02-08 00:49 AWST,Health Care,35,Health Care Equipment & Services,35100000,EQUITY,ASXListedCompanies.csv
CMW,CMW.AX,CROMWELL PROPERTY GROUP,Equity Real Estate Investment Trusts (REITs),,2026-02-07T16:49:57Z,2026-02-08 00:49 AWST,Real Estate,60,Equity Real Estate Investment Trusts (REITs),60100000,EQUITY,ASXListedCompanies.csv
CMX,CMX.AX,CHEMX MATERIALS LIMITED,Materials,,2026-02-07T16:49:57Z,2026-02-08 00:49 AWST,Materials,15,Materials,15100000,EQUITY,ASXListedCompanies.csv
CNB,CNB.AX,CARNABY RESOURCES LIMITED,Materials,,2026-02-07T16:49:57Z,2026-02-08 00:49 AWST,Materials,15,Materials,15100000,EQUITY,ASXListedCompanies.csv
CND,CND.AX,CONDOR ENERGY LIMITED,Energy,,2026-02-07T16:49:57Z,2026-02-08 00:49 AWST,Energy,10,Energy,10100000,EQUITY,ASXListedCompanies.csv
CNEW,CNEW.AX,VanEck China New Economy ETF,ETF/ETP,Spotlight ETP List,2026-02-07T16:49:57Z,2026-02-08 00:49 AWST,,,,,ETF_ETP,ASX Investment Products Monthly Report
CNI,CNI.AX,CENTURIA CAPITAL GROUP,Equity Real Estate Investment Trusts (REITs),,2026-02-07T16:49:57Z,2026-02-08 00:49 AWST,Real Estate,60,Equity Real Estate Investment Trusts (REITs),60100000,EQUITY,ASXListedCompanies.csv
CNJ,CNJ.AX,CONICO LTD,Materials,,2026-02-07T16:49:57Z,2026-02-08 00:49 AWST,Materials,15,Materials,15100000,EQUITY,ASXListedCompanies.csv
CNQ,CNQ.AX,CLEAN TEQ WATER LIMITED,Commercial & Professional Services,,2026-02-07T16:49:57Z,2026-02-08 00:49 AWST,Industrials,20,Commercial & Professional Services,20200000,EQUITY,ASXListedCompanies.csv
CNU,CNU.AX,CHORUS LIMITED,Telecommunication Services,,2026-02-07T16:49:57Z,2026-02-08 00:49 AWST,Communication Services,50,Telecommunication Services,50100000,EQUITY,ASXListedCompanies.csv
COB,COB.AX,COBALT BLUE HOLDINGS LIMITED,Materials,,2026-02-07T16:49:57Z,2026-02-08 00:49 AWST,Materials,15,Materials,15100000,EQUITY,ASXListedCompanies.csv
COD,COD.AX,CODA MINERALS LTD,Materials,,2026-02-07T16:49:57Z,2026-02-08 00:49 AWST,Materials,15,Materials,15100000,EQUITY,ASXListedCompanies.csv
COF,COF.AX,CENTURIA OFFICE REIT,Equity Real Estate Investment Trusts (REITs),,2026-02-07T16:49:57Z,2026-02-08 00:49 AWST,Real Estate,60,Equity Real Estate Investment Trusts (REITs),60100000,EQUITY,ASXListedCompanies.csv
COG,COG.AX,COG FINANCIAL SERVICES LIMITED,Financial Services,,2026-02-07T16:49:57Z,2026-02-08 00:49 AWST,Financials,40,Financial Services,40200000,EQUITY,ASXListedCompanies.csv
COH,COH.AX,COCHLEAR LIMITED,Health Care Equipment & Services,,2026-02-07T16:49:57Z,2026-02-08 00:49 AWST,Health Care,35,Health Care Equipment & Services,35100000,EQUITY,ASXListedCompanies.csv
COI,COI.AX,COMET RIDGE LIMITED,Energy,,2026-02-07T16:49:57Z,2026-02-08 00:49 AWST,Energy,10,Energy,10100000,EQUITY,ASXListedCompanies.csv
COL,COL.AX,COLES GROUP LIMITED.,Consumer Staples Distribution & Retail,,2026-02-07T16:49:57Z,2026-02-08 00:49 AWST,Consumer Staples,30,Consumer Staples Distribution & Retail,30100000,EQUITY,ASXListedCompanies.csv
CORE,CORE.AX,Schroder Global Core Fund – Active ETF,ETF/ETP,Spotlight ETP List,2026-02-07T16:49:57Z,2026-02-08 00:49 AWST,,,,,ETF_ETP,ASX Investment Products Monthly Report
COS,COS.AX,COSOL LIMITED,Software & Services,,2026-02-07T16:49:57Z,2026-02-08 00:49 AWST,Information Technology,45,Software & Services,45100000,EQUITY,ASXListedCompanies.csv
COV,COV.AX,CLEO DIAGNOSTICS LTD,"Pharmaceuticals, Biotechnology & Life Sciences",,2026-02-07T16:49:57Z,2026-02-08 00:49 AWST,Health Care,35,"Pharmaceuticals, Biotechnology & Life Sciences",35200000,EQUITY,ASXListedCompanies.csv
COY,COY.AX,COPPERMOLY LIMITED,Materials,,2026-02-07T16:49:57Z,2026-02-08 00:49 AWST,Materials,15,Materials,15100000,EQUITY,ASXListedCompanies.csv
CP8,CP8.AX,CANADIAN PHOSPHATE LIMITED,Materials,,2026-02-07T16:49:57Z,2026-02-08 00:49 AWST,Materials,15,Materials,15100000,EQUITY,ASXListedCompanies.csv
CPL,CPL.AX,CSL FINANCE PLC,Not Applic,,2026-02-07T16:49:57Z,2026-02-08 00:49 AWST,Not Applicable,00,Not Applic,00000000,EQUITY,ASXListedCompanies.csv
CPM,CPM.AX,COOPER METALS LIMITED,Materials,,2026-02-07T16:49:57Z,2026-02-08 00:49 AWST,Materials,15,Materials,15100000,EQUITY,ASXListedCompanies.csv
CPN,CPN.AX,CASPIN RESOURCES LIMITED,Materials,,2026-02-07T16:49:57Z,2026-02-08 00:49 AWST,Materials,15,Materials,15100000,EQUITY,ASXListedCompanies.csv
CPO,CPO.AX,CULPEO MINERALS LIMITED,Materials,,2026-02-07T16:49:57Z,2026-02-08 00:49 AWST,Materials,15,Materials,15100000,EQUITY,ASXListedCompanies.csv
CPU,CPU.AX,COMPUTERSHARE LIMITED.,Commercial & Professional Services,,2026-02-07T16:49:57Z,2026-02-08 00:49 AWST,Industrials,20,Commercial & Professional Services,20200000,EQUITY,ASXListedCompanies.csv
CPV,CPV.AX,CLEARVUE TECHNOLOGIES LIMITED,Capital Goods,,2026-02-07T16:49:57Z,2026-02-08 00:49 AWST,Industrials,20,Capital Goods,20100000,EQUITY,ASXListedCompanies.csv
CQE,CQE.AX,CHARTER HALL SOCIAL INFRASTRUCTURE REIT,Equity Real Estate Investment Trusts (REITs),,2026-02-07T16:49:57Z,2026-02-08 00:49 AWST,Real Estate,60,Equity Real Estate Investment Trusts (REITs),60100000,EQUITY,ASXListedCompanies.csv
CQR,CQR.AX,CHARTER HALL RETAIL REIT,Equity Real Estate Investment Trusts (REITs),,2026-02-07T16:49:57Z,2026-02-08 00:49 AWST,Real Estate,60,Equity Real Estate Investment Trusts (REITs),60100000,EQUITY,ASXListedCompanies.csv
CQT,CQT.AX,CONNEQT HEALTH LIMITED,Health Care Equipment & Services,,2026-02-07T16:49:57Z,2026-02-08 00:49 AWST,Health Care,35,Health Care Equipment & Services,35100000,EQUITY,ASXListedCompanies.csv
CR1,CR1.AX,CONSTELLATION RESOURCES LIMITED,Materials,,2026-02-07T16:49:57Z,2026-02-08 00:49 AWST,Materials,15,Materials,15100000,EQUITY,ASXListedCompanies.csv
CR3,CR3.AX,CORE ENERGY MINERALS LTD,Materials,,2026-02-07T16:49:57Z,2026-02-08 00:49 AWST,Materials,15,Materials,15100000,EQUITY,ASXListedCompanies.csv
CR9,CR9.AX,CORELLA RESOURCES LTD,Materials,,2026-02-07T16:49:57Z,2026-02-08 00:49 AWST,Materials,15,Materials,15100000,EQUITY,ASXListedCompanies.csv
CRB,CRB.AX,CARBINE RESOURCES LIMITED,Materials,,2026-02-07T16:49:57Z,2026-02-08 00:49 AWST,Materials,15,Materials,15100000,EQUITY,ASXListedCompanies.csv
CRD,CRD.AX,CONRAD ASIA ENERGY LTD.,Energy,,2026-02-07T16:49:57Z,2026-02-08 00:49 AWST,Energy,10,Energy,10100000,EQUITY,ASXListedCompanies.csv
CRED,CRED.AX,Betashares Australian Investment Grade Bond ETF,ETF/ETP,Spotlight ETP List,2026-02-07T16:49:57Z,2026-02-08 00:49 AWST,,,,,ETF_ETP,ASX Investment Products Monthly Report
CRI,CRI.AX,CRITICA LIMITED,Materials,,2026-02-07T16:49:57Z,2026-02-08 00:49 AWST,Materials,15,Materials,15100000,EQUITY,ASXListedCompanies.csv
CRN,CRN.AX,CORONADO GLOBAL RESOURCES INC.,Materials,,2026-02-07T16:49:57Z,2026-02-08 00:49 AWST,Materials,15,Materials,15100000,EQUITY,ASXListedCompanies.csv
CRR,CRR.AX,CRITICAL RESOURCES LIMITED,Materials,,2026-02-07T16:49:57Z,2026-02-08 00:49 AWST,Materials,15,Materials,15100000,EQUITY,ASXListedCompanies.csv
CRS,CRS.AX,CAPRICE RESOURCES LTD,Materials,,2026-02-07T16:49:57Z,2026-02-08 00:49 AWST,Materials,15,Materials,15100000,EQUITY,ASXListedCompanies.csv
CRYP,CRYP.AX,Betashares Crypto Innovators ETF,ETF/ETP,Spotlight ETP List,2026-02-07T16:49:57Z,2026-02-08 00:49 AWST,,,,,ETF_ETP,ASX Investment Products Monthly Report
CSC,CSC.AX,CAPSTONE COPPER CORP.,Materials,,2026-02-07T16:49:57Z,2026-02-08 00:49 AWST,Materials,15,Materials,15100000,EQUITY,ASXListedCompanies.csv
CSL,CSL.AX,CSL LIMITED,"Pharmaceuticals, Biotechnology & Life Sciences",,2026-02-07T16:49:57Z,2026-02-08 00:49 AWST,Health Care,35,"Pharmaceuticals, Biotechnology & Life Sciences",35200000,EQUITY,ASXListedCompanies.csv
CST,CST.AX,CASTILE RESOURCES LTD,Materials,,2026-02-07T16:49:57Z,2026-02-08 00:49 AWST,Materials,15,Materials,15100000,EQUITY,ASXListedCompanies.csv
CSX,CSX.AX,CLEANSPACE HOLDINGS LIMITED,Health Care Equipment & Services,,2026-02-07T16:49:57Z,2026-02-08 00:49 AWST,Health Care,35,Health Care Equipment & Services,35100000,EQUITY,ASXListedCompanies.csv
CT1,CT1.AX,CONSTELLATION TECHNOLOGIES LIMITED,Technology Hardware & Equipment,,2026-02-07T16:49:57Z,2026-02-08 00:49 AWST,Information Technology,45,Technology Hardware & Equipment,45200000,EQUITY,ASXListedCompanies.csv
CTD,CTD.AX,CORPORATE TRAVEL MANAGEMENT LIMITED,Consumer Services,,2026-02-07T16:49:57Z,2026-02-08 00:49 AWST,Consumer Discretionary,25,Consumer Services,25300000,EQUITY,ASXListedCompanies.csv
CTE,CTE.AX,CRYOSITE LIMITED,"Pharmaceuticals, Biotechnology & Life Sciences",,2026-02-07T16:49:57Z,2026-02-08 00:49 AWST,Health Care,35,"Pharmaceuticals, Biotechnology & Life Sciences",35200000,EQUITY,ASXListedCompanies.csv
CTM,CTM.AX,CENTAURUS METALS LIMITED,Materials,,2026-02-07T16:49:57Z,2026-02-08 00:49 AWST,Materials,15,Materials,15100000,EQUITY,ASXListedCompanies.csv
CTN,CTN.AX,CATALINA RESOURCES LTD,Materials,,2026-02-07T16:49:57Z,2026-02-08 00:49 AWST,Materials,15,Materials,15100000,EQUITY,ASXListedCompanies.csv
CTO,CTO.AX,CITIGOLD CORPORATION LIMITED,Materials,,2026-02-07T16:49:57Z,2026-02-08 00:49 AWST,Materials,15,Materials,15100000,EQUITY,ASXListedCompanies.csv
CTP,CTP.AX,CENTRAL PETROLEUM LIMITED,Energy,,2026-02-07T16:49:57Z,2026-02-08 00:49 AWST,Energy,10,Energy,10100000,EQUITY,ASXListedCompanies.csv
CTQ,CTQ.AX,CARETEQ LIMITED,Health Care Equipment & Services,,2026-02-07T16:49:57Z,2026-02-08 00:49 AWST,Health Care,35,Health Care Equipment & Services,35100000,EQUITY,ASXListedCompanies.csv
CTT,CTT.AX,CETTIRE LIMITED,Consumer Discretionary Distribution & Retail,,2026-02-07T16:49:57Z,2026-02-08 00:49 AWST,Consumer Discretionary,25,Consumer Discretionary Distribution & Retail,25500000,EQUITY,ASXListedCompanies.csv
CU6,CU6.AX,CLARITY PHARMACEUTICALS LTD,"Pharmaceuticals, Biotechnology & Life Sciences",,2026-02-07T16:49:57Z,2026-02-08 00:49 AWST,Health Care,35,"Pharmaceuticals, Biotechnology & Life Sciences",35200000,EQUITY,ASXListedCompanies.csv
CUE,CUE.AX,CUE ENERGY RESOURCES LIMITED,Energy,,2026-02-07T16:49:57Z,2026-02-08 00:49 AWST,Energy,10,Energy,10100000,EQUITY,ASXListedCompanies.csv
CUF,CUF.AX,CUFE LTD,Materials,,2026-02-07T16:49:57Z,2026-02-08 00:49 AWST,Materials,15,Materials,15100000,EQUITY,ASXListedCompanies.csv
CUIV,CUIV.AX,CB GLBL Infrastructure Value Active ETF,ETF/ETP,Spotlight ETP List,2026-02-07T16:49:57Z,2026-02-08 00:49 AWST,,,,,ETF_ETP,ASX Investment Products Monthly Report
CUL,CUL.AX,CULLEN RESOURCES LIMITED,Materials,,2026-02-07T16:49:57Z,2026-02-08 00:49 AWST,Materials,15,Materials,15100000,EQUITY,ASXListedCompanies.csv
CUP,CUP.AX,COUNT LIMITED,Commercial & Professional Services,,2026-02-07T16:49:57Z,2026-02-08 00:49 AWST,Industrials,20,Commercial & Professional Services,20200000,EQUITY,ASXListedCompanies.csv
CURE,CURE.AX,Global X S&P Biotech ETF,ETF/ETP,Spotlight ETP List,2026-02-07T16:49:57Z,2026-02-08 00:49 AWST,,,,,ETF_ETP,ASX Investment Products Monthly Report
CUV,CUV.AX,CLINUVEL PHARMACEUTICALS LIMITED,"Pharmaceuticals, Biotechnology & Life Sciences",,2026-02-07T16:49:57Z,2026-02-08 00:49 AWST,Health Care,35,"Pharmaceuticals, Biotechnology & Life Sciences",35200000,EQUITY,ASXListedCompanies.csv
CVB,CVB.AX,CURVEBEAM AI LIMITED,Health Care Equipment & Services,,2026-02-07T16:49:57Z,2026-02-08 00:49 AWST,Health Care,35,Health Care Equipment & Services,35100000,EQUITY,ASXListedCompanies.csv
CVC,CVC.AX,CVC LIMITED,Financial Services,,2026-02-07T16:49:57Z,2026-02-08 00:49 AWST,Financials,40,Financial Services,40200000,EQUITY,ASXListedCompanies.csv
CVL,CVL.AX,CIVMEC LIMITED,Capital Goods,,2026-02-07T16:49:57Z,2026-02-08 00:49 AWST,Industrials,20,Capital Goods,20100000,EQUITY,ASXListedCompanies.csv
CVN,CVN.AX,CARNARVON ENERGY LIMITED,Energy,,2026-02-07T16:49:57Z,2026-02-08 00:49 AWST,Energy,10,Energy,10100000,EQUITY,ASXListedCompanies.csv
CVR,CVR.AX,CAVALIER RESOURCES LIMITED,Materials,,2026-02-07T16:49:57Z,2026-02-08 00:49 AWST,Materials,15,Materials,15100000,EQUITY,ASXListedCompanies.csv
CVV,CVV.AX,CARAVEL MINERALS LIMITED,Materials,,2026-02-07T16:49:57Z,2026-02-08 00:49 AWST,Materials,15,Materials,15100000,EQUITY,ASXListedCompanies.csv
CVW,CVW.AX,CLEARVIEW WEALTH LIMITED,Insurance,,2026-02-07T16:49:57Z,2026-02-08 00:49 AWST,Financials,40,Insurance,40300000,EQUITY,ASXListedCompanies.csv
CWP,CWP.AX,CEDAR WOODS PROPERTIES LIMITED,Real Estate Management & Development,,2026-02-07T16:49:57Z,2026-02-08 00:49 AWST,Real Estate,60,Real Estate Management & Development,60200000,EQUITY,ASXListedCompanies.csv
CWY,CWY.AX,CLEANAWAY WASTE MANAGEMENT LIMITED,Commercial & Professional Services,,2026-02-07T16:49:57Z,2026-02-08 00:49 AWST,Industrials,20,Commercial & Professional Services,20200000,EQUITY,ASXListedCompanies.csv
CXL,CXL.AX,CALIX LIMITED,Materials,,2026-02-07T16:49:57Z,2026-02-08 00:49 AWST,Materials,15,Materials,15100000,EQUITY,ASXListedCompanies.csv
CXO,CXO.AX,CORE LITHIUM LTD,Materials,,2026-02-07T16:49:57Z,2026-02-08 00:49 AWST,Materials,15,Materials,15100000,EQUITY,ASXListedCompanies.csv
CXU,CXU.AX,CAULDRON ENERGY LIMITED,Energy,,2026-02-07T16:49:57Z,2026-02-08 00:49 AWST,Energy,10,Energy,10100000,EQUITY,ASXListedCompanies.csv
CXZ,CXZ.AX,CONNEXION MOBILITY LTD,Software & Services,,2026-02-07T16:49:57Z,2026-02-08 00:49 AWST,Information Technology,45,Software & Services,45100000,EQUITY,ASXListedCompanies.csv
CY5,CY5.AX,CYGNUS METALS LIMITED,Materials,,2026-02-07T16:49:57Z,2026-02-08 00:49 AWST,Materials,15,Materials,15100000,EQUITY,ASXListedCompanies.csv
CYB,CYB.AX,AUCYBER LIMITED,Software & Services,,2026-02-07T16:49:57Z,2026-02-08 00:49 AWST,Information Technology,45,Software & Services,45100000,EQUITY,ASXListedCompanies.csv
CYC,CYC.AX,CYCLOPHARM LIMITED,Health Care Equipment & Services,,2026-02-07T16:49:57Z,2026-02-08 00:49 AWST,Health Care,35,Health Care Equipment & Services,35100000,EQUITY,ASXListedCompanies.csv
CYG,CYG.AX,COVENTRY GROUP LIMITED,Capital Goods,,2026-02-07T16:49:57Z,2026-02-08 00:49 AWST,Industrials,20,Capital Goods,20100000,EQUITY,ASXListedCompanies.csv
CYL,CYL.AX,CATALYST METALS LIMITED,Materials,,2026-02-07T16:49:57Z,2026-02-08 00:49 AWST,Materials,15,Materials,15100000,EQUITY,ASXListedCompanies.csv
CYM,CYM.AX,CYPRIUM METALS LIMITED,Materials,,2026-02-07T16:49:57Z,2026-02-08 00:49 AWST,Materials,15,Materials,15100000,EQUITY,ASXListedCompanies.csv
CYP,CYP.AX,CYNATA THERAPEUTICS LIMITED,"Pharmaceuticals, Biotechnology & Life Sciences",,2026-02-07T16:49:57Z,2026-02-08 00:49 AWST,Health Care,35,"Pharmaceuticals, Biotechnology & Life Sciences",35200000,EQUITY,ASXListedCompanies.csv
CYQ,CYQ.AX,CYCLIQ GROUP LTD,Consumer Durables & Apparel,,2026-02-07T16:49:57Z,2026-02-08 00:49 AWST,Consumer Discretionary,25,Consumer Durables & Apparel,25200000,EQUITY,ASXListedCompanies.csv
CZN,CZN.AX,CORAZON MINING LIMITED,Materials,,2026-02-07T16:49:57Z,2026-02-08 00:49 AWST,Materials,15,Materials,15100000,EQUITY,ASXListedCompanies.csv
CZR,CZR.AX,CZR RESOURCES LTD,Materials,,2026-02-07T16:49:57Z,2026-02-08 00:49 AWST,Materials,15,Materials,15100000,EQUITY,ASXListedCompanies.csv
D10,D10.AX,DRIVER AUSTRALIA TEN TRUST,Not Applic,,2026-02-07T16:49:57Z,2026-02-08 00:49 AWST,Not Applicable,00,Not Applic,00000000,EQUITY,ASXListedCompanies.csv
D3E,D3E.AX,D3 ENERGY LIMITED,Energy,,2026-02-07T16:49:57Z,2026-02-08 00:49 AWST,Energy,10,Energy,10100000,EQUITY,ASXListedCompanies.csv
DA8,DA8.AX,DRIVER AUSTRALIA EIGHT TRUST,Not Applic,,2026-02-07T16:49:57Z,2026-02-08 00:49 AWST,Not Applicable,00,Not Applic,00000000,EQUITY,ASXListedCompanies.csv
DA9,DA9.AX,DRIVER AUSTRALIA NINE TRUST,Not Applic,,2026-02-07T16:49:57Z,2026-02-08 00:49 AWST,Not Applicable,00,Not Applic,00000000,EQUITY,ASXListedCompanies.csv
DACE,DACE.AX,Dimensional Australian Core Equity Trust – Active ETF,ETF/ETP,Spotlight ETP List,2026-02-07T16:49:57Z,2026-02-08 00:49 AWST,,,,,ETF_ETP,ASX Investment Products Monthly Report
DAF,DAF.AX,DISCOVERY ALASKA LIMITED,Materials,,2026-02-07T16:49:57Z,2026-02-08 00:49 AWST,Materials,15,Materials,15100000,EQUITY,ASXListedCompanies.csv
DAI,DAI.AX,DECIDR AI INDUSTRIES LTD,"Food, Beverage & Tobacco",,2026-02-07T16:49:57Z,2026-02-08 00:49 AWST,Consumer Staples,30,"Food, Beverage & Tobacco",30200000,EQUITY,ASXListedCompanies.csv
DAL,DAL.AX,DALAROO METALS LTD,Materials,,2026-02-07T16:49:57Z,2026-02-08 00:49 AWST,Materials,15,Materials,15100000,EQUITY,ASXListedCompanies.csv
DAM,DAM.AX,DRIVER AUSTRALIA MASTER TRUST,Not Applic,,2026-02-07T16:49:57Z,2026-02-08 00:49 AWST,Not Applicable,00,Not Applic,00000000,EQUITY,ASXListedCompanies.csv
DAOR,DAOR.AX,Aoris Int Fund (Class D) (Hedged) Active ETF,ETF/ETP,Spotlight ETP List,2026-02-07T16:49:57Z,2026-02-08 00:49 AWST,,,,,ETF_ETP,ASX Investment Products Monthly Report
DAT,DAT.AX,DRIVER AUSTRALIA SEVEN TRUST,Not Applic,,2026-02-07T16:49:57Z,2026-02-08 00:49 AWST,Not Applicable,00,Not Applic,00000000,EQUITY,ASXListedCompanies.csv
DAVA,DAVA.AX,Dimensional Australian Value Trust - Active ETF,ETF/ETP,Spotlight ETP List,2026-02-07T16:49:57Z,2026-02-08 00:49 AWST,,,,,ETF_ETP,ASX Investment Products Monthly Report
DBBF,DBBF.AX,Betashares Ethical Diversified Balanced ETF,ETF/ETP,Spotlight ETP List,2026-02-07T16:49:57Z,2026-02-08 00:49 AWST,,,,,ETF_ETP,ASX Investment Products Monthly Report
DBF,DBF.AX,DUXTON FARMS LTD,"Food, Beverage & Tobacco",,2026-02-07T16:49:57Z,2026-02-08 00:49 AWST,Consumer Staples,30,"Food, Beverage & Tobacco",30200000,EQUITY,ASXListedCompanies.csv
DBI,DBI.AX,DALRYMPLE BAY INFRASTRUCTURE LIMITED,Transportation,,2026-02-07T16:49:57Z,2026-02-08 00:49 AWST,Industrials,20,Transportation,20300000,EQUITY,ASXListedCompanies.csv
DBO,DBO.AX,DIABLO RESOURCES LIMITED,Materials,,2026-02-07T16:49:57Z,2026-02-08 00:49 AWST,Materials,15,Materials,15100000,EQUITY,ASXListedCompanies.csv
DCC,DCC.AX,DIGITALX LIMITED,Software & Services,,2026-02-07T16:49:57Z,2026-02-08 00:49 AWST,Information Technology,45,Software & Services,45100000,EQUITY,ASXListedCompanies.csv
DCOR,DCOR.AX,Daintree Core Income Active ETF,ETF/ETP,Spotlight ETP List,2026-02-07T16:49:57Z,2026-02-08 00:49 AWST,,,,,ETF_ETP,ASX Investment Products Monthly Report
DDR,DDR.AX,DICKER DATA LIMITED,Technology Hardware & Equipment,,2026-02-07T16:49:57Z,2026-02-08 00:49 AWST,Information Technology,45,Technology Hardware & Equipment,45200000,EQUITY,ASXListedCompanies.csv
DDT,DDT.AX,DATADOT TECHNOLOGY LIMITED,Automobiles & Components,,2026-02-07T16:49:57Z,2026-02-08 00:49 AWST,Consumer Discretionary,25,Automobiles & Components,25100000,EQUITY,ASXListedCompanies.csv
DEL,DEL.AX,DELOREAN CORPORATION LIMITED,Utilities,,2026-02-07T16:49:57Z,2026-02-08 00:49 AWST,Utilities,55,Utilities,55100000,EQUITY,ASXListedCompanies.csv
DEM,DEM.AX,DE.MEM LIMITED,Utilities,,2026-02-07T16:49:57Z,2026-02-08 00:49 AWST,Utilities,55,Utilities,55100000,EQUITY,ASXListedCompanies.csv
DES,DES.AX,DESOTO RESOURCES LIMITED,Materials,,2026-02-07T16:49:57Z,2026-02-08 00:49 AWST,Materials,15,Materials,15100000,EQUITY,ASXListedCompanies.csv
DEV,DEV.AX,DEVEX RESOURCES LIMITED,Energy,,2026-02-07T16:49:57Z,2026-02-08 00:49 AWST,Energy,10,Energy,10100000,EQUITY,ASXListedCompanies.csv
DFGH,DFGH.AX,Dimensional Global Core Equity Trust (AUD Hedged Class) – Active ETF,ETF/ETP,Spotlight ETP List,2026-02-07T16:49:57Z,2026-02-08 00:49 AWST,,,,,ETF_ETP,ASX Investment Products Monthly Report
DFND,DFND.AX,VanEck Global Defence ETF,ETF/ETP,Spotlight ETP List,2026-02-07T16:49:57Z,2026-02-08 00:49 AWST,,,,,ETF_ETP,ASX Investment Products Monthly Report
DGCE,DGCE.AX,Dimensional Global Core Equity Trust (Unhedged Class) – Active ETF,ETF/ETP,Spotlight ETP List,2026-02-07T16:49:57Z,2026-02-08 00:49 AWST,,,,,ETF_ETP,ASX Investment Products Monthly Report
DGGF,DGGF.AX,Betashares Ethical Diversified Growth ETF,ETF/ETP,Spotlight ETP List,2026-02-07T16:49:57Z,2026-02-08 00:49 AWST,,,,,ETF_ETP,ASX Investment Products Monthly Report
DGH,DGH.AX,DESANE GROUP HOLDINGS LIMITED,Real Estate Management & Development,,2026-02-07T16:49:57Z,2026-02-08 00:49 AWST,Real Estate,60,Real Estate Management & Development,60200000,EQUITY,ASXListedCompanies.csv
DGL,DGL.AX,DGL GROUP LIMITED,Materials,,2026-02-07T16:49:57Z,2026-02-08 00:49 AWST,Materials,15,Materials,15100000,EQUITY,ASXListedCompanies.csv
DGR,DGR.AX,DGR GLOBAL LIMITED,Materials,,2026-02-07T16:49:57Z,2026-02-08 00:49 AWST,Materials,15,Materials,15100000,EQUITY,ASXListedCompanies.csv
DGSM,DGSM.AX,Dimensional Global Small Company - Active ETF,ETF/ETP,Spotlight ETP List,2026-02-07T16:49:57Z,2026-02-08 00:49 AWST,,,,,ETF_ETP,ASX Investment Products Monthly Report
DGT,DGT.AX,DIGICO INFRASTRUCTURE REIT,Class Pend,,2026-02-07T16:49:57Z,2026-02-08 00:49 AWST,Classification Pending,99,Class Pend,99999999,EQUITY,ASXListedCompanies.csv
DGVA,DGVA.AX,Dimensional Global Value Trust - Active ETF,ETF/ETP,Spotlight ETP List,2026-02-07T16:49:57Z,2026-02-08 00:49 AWST,,,,,ETF_ETP,ASX Investment Products Monthly Report
DHHF,DHHF.AX,Betashares Diversified All Growth ETF,ETF/ETP,Spotlight ETP List,2026-02-07T16:49:57Z,2026-02-08 00:49 AWST,,,,,ETF_ETP,ASX Investment Products Monthly Report
DHOF,DHOF.AX,Daintree Hybrid Opportunities Active ETF,ETF/ETP,Spotlight ETP List,2026-02-07T16:49:57Z,2026-02-08 00:49 AWST,,,,,ETF_ETP,ASX Investment Products Monthly Report
DIFF,DIFF.AX,Perpetual Diversified Income Active ETF,ETF/ETP,Spotlight ETP List,2026-02-07T16:49:57Z,2026-02-08 00:49 AWST,,,,,ETF_ETP,ASX Investment Products Monthly Report
DIVI,DIVI.AX,Ausbil Active Dividend Income Fund - Active ETF,ETF/ETP,Spotlight ETP List,2026-02-07T16:49:57Z,2026-02-08 00:49 AWST,,,,,ETF_ETP,ASX Investment Products Monthly Report
DJRE,DJRE.AX,SPDR Dow Jones Global Real Estate ESG Tilted ETF,ETF/ETP,Spotlight ETP List,2026-02-07T16:49:57Z,2026-02-08 00:49 AWST,,,,,ETF_ETP,ASX Investment Products Monthly Report
DJW,DJW.AX,DJERRIWARRH INVESTMENTS LIMITED,Not Applic,,2026-02-07T16:49:57Z,2026-02-08 00:49 AWST,Not Applicable,00,Not Applic,00000000,EQUITY,ASXListedCompanies.csv
DKM,DKM.AX,DUKETON MINING LIMITED,Materials,,2026-02-07T16:49:57Z,2026-02-08 00:49 AWST,Materials,15,Materials,15100000,EQUITY,ASXListedCompanies.csv
DLI,DLI.AX,DELTA LITHIUM LIMITED,Materials,,2026-02-07T16:49:57Z,2026-02-08 00:49 AWST,Materials,15,Materials,15100000,EQUITY,ASXListedCompanies.csv
DM1,DM1.AX,DESERT METALS LIMITED,Materials,,2026-02-07T16:49:57Z,2026-02-08 00:49 AWST,Materials,15,Materials,15100000,EQUITY,ASXListedCompanies.csv
DME,DME.AX,DOME GOLD MINES LIMITED,Materials,,2026-02-07T16:49:57Z,2026-02-08 00:49 AWST,Materials,15,Materials,15100000,EQUITY,ASXListedCompanies.csv
DMG,DMG.AX,DRAGON MOUNTAIN GOLD LIMITED,Materials,,2026-02-07T16:49:57Z,2026-02-08 00:49 AWST,Materials,15,Materials,15100000,EQUITY,ASXListedCompanies.csv
DMN,DMN.AX,DOMINION INVESTMENT GROUP LIMITED,Not Applic,,2026-02-07T16:49:57Z,2026-02-08 00:49 AWST,Not Applicable,00,Not Applic,00000000,EQUITY,ASXListedCompanies.csv
DMP,DMP.AX,DOMINO'S PIZZA ENTERPRISES LIMITED,Consumer Services,,2026-02-07T16:49:57Z,2026-02-08 00:49 AWST,Consumer Discretionary,25,Consumer Services,25300000,EQUITY,ASXListedCompanies.csv
DN1,DN1.AX,DOMINION INCOME TRUST 1,Not Applic,,2026-02-07T16:49:57Z,2026-02-08 00:49 AWST,Not Applicable,00,Not Applic,00000000,EQUITY,ASXListedCompanies.csv
DNL,DNL.AX,DYNO NOBEL LIMITED.,Materials,,2026-02-07T16:49:57Z,2026-02-08 00:49 AWST,Materials,15,Materials,15100000,EQUITY,ASXListedCompanies.csv
DOC,DOC.AX,DOCTOR CARE ANYWHERE GROUP PLC,Health Care Equipment & Services,,2026-02-07T16:49:57Z,2026-02-08 00:49 AWST,Health Care,35,Health Care Equipment & Services,35100000,EQUITY,ASXListedCompanies.csv
DOW,DOW.AX,DOWNER EDI LIMITED,Commercial & Professional Services,,2026-02-07T16:49:57Z,2026-02-08 00:49 AWST,Industrials,20,Commercial & Professional Services,20200000,EQUITY,ASXListedCompanies.csv
DPM,DPM.AX,DPM METALS INC.,Materials,,2026-02-07T16:49:57Z,2026-02-08 00:49 AWST,Materials,15,Materials,15100000,EQUITY,ASXListedCompanies.csv
DRE,DRE.AX,DREADNOUGHT RESOURCES LTD,Materials,,2026-02-07T16:49:57Z,2026-02-08 00:49 AWST,Materials,15,Materials,15100000,EQUITY,ASXListedCompanies.csv
DRGN,DRGN.AX,Global X China Tech ETF,ETF/ETP,Spotlight ETP List,2026-02-07T16:49:57Z,2026-02-08 00:49 AWST,,,,,ETF_ETP,ASX Investment Products Monthly Report
DRIV,DRIV.AX,Betashares Electric Vehicles and Future Mobility ETF,ETF/ETP,Spotlight ETP List,2026-02-07T16:49:57Z,2026-02-08 00:49 AWST,,,,,ETF_ETP,ASX Investment Products Monthly Report
DRO,DRO.AX,DRONESHIELD LIMITED,Capital Goods,,2026-02-07T16:49:57Z,2026-02-08 00:49 AWST,Industrials,20,Capital Goods,20100000,EQUITY,ASXListedCompanies.csv
DRR,DRR.AX,DETERRA ROYALTIES LIMITED,Materials,,2026-02-07T16:49:57Z,2026-02-08 00:49 AWST,Materials,15,Materials,15100000,EQUITY,ASXListedCompanies.csv
DRUG,DRUG.AX,Betashares Global Healthcare ETF - Currency Hedged,ETF/ETP,Spotlight ETP List,2026-02-07T16:49:57Z,2026-02-08 00:49 AWST,,,,,ETF_ETP,ASX Investment Products Monthly Report
DRX,DRX.AX,DIATREME RESOURCES LIMITED,Materials,,2026-02-07T16:49:57Z,2026-02-08 00:49 AWST,Materials,15,Materials,15100000,EQUITY,ASXListedCompanies.csv
DSK,DSK.AX,DUSK GROUP LIMITED,Consumer Discretionary Distribution & Retail,,2026-02-07T16:49:57Z,2026-02-08 00:49 AWST,Consumer Discretionary,25,Consumer Discretionary Distribution & Retail,25500000,EQUITY,ASXListedCompanies.csv
DSM,DSM.AX,DESERT MINERALS LTD,Materials,,2026-02-07T16:49:57Z,2026-02-08 00:49 AWST,Materials,15,Materials,15100000,EQUITY,ASXListedCompanies.csv
DTEC,DTEC.AX,Global X Defence Tech ETF,ETF/ETP,Spotlight ETP List,2026-02-07T16:49:57Z,2026-02-08 00:49 AWST,,,,,ETF_ETP,ASX Investment Products Monthly Report
DTI,DTI.AX,DTI GROUP LTD,Technology Hardware & Equipment,,2026-02-07T16:49:57Z,2026-02-08 00:49 AWST,Information Technology,45,Technology Hardware & Equipment,45200000,EQUITY,ASXListedCompanies.csv
DTL,DTL.AX,DATA#3 LIMITED,Software & Services,,2026-02-07T16:49:57Z,2026-02-08 00:49 AWST,Information Technology,45,Software & Services,45100000,EQUITY,ASXListedCompanies.csv
DTM,DTM.AX,DART MINING NL,Materials,,2026-02-07T16:49:57Z,2026-02-08 00:49 AWST,Materials,15,Materials,15100000,EQUITY,ASXListedCompanies.csv
DTR,DTR.AX,DATELINE RESOURCES LIMITED,Materials,,2026-02-07T16:49:57Z,2026-02-08 00:49 AWST,Materials,15,Materials,15100000,EQUITY,ASXListedCompanies.csv
DTZ,DTZ.AX,DOTZ NANO LIMITED,Technology Hardware & Equipment,,2026-02-07T16:49:57Z,2026-02-08 00:49 AWST,Information Technology,45,Technology Hardware & Equipment,45200000,EQUITY,ASXListedCompanies.csv
DUB,DUB.AX,DUBBER CORPORATION LIMITED,Software & Services,,2026-02-07T16:49:57Z,2026-02-08 00:49 AWST,Information Technology,45,Software & Services,45100000,EQUITY,ASXListedCompanies.csv
DUG,DUG.AX,DUG TECHNOLOGY LTD,Software & Services,,2026-02-07T16:49:57Z,2026-02-08 00:49 AWST,Information Technology,45,Software & Services,45100000,EQUITY,ASXListedCompanies.csv
DUI,DUI.AX,DIVERSIFIED UNITED INVESTMENT LIMITED,Not Applic,,2026-02-07T16:49:57Z,2026-02-08 00:49 AWST,Not Applicable,00,Not Applic,00000000,EQUITY,ASXListedCompanies.csv
DUN,DUN.AX,DUNDAS MINERALS LIMITED,Materials,,2026-02-07T16:49:57Z,2026-02-08 00:49 AWST,Materials,15,Materials,15100000,EQUITY,ASXListedCompanies.csv
DUR,DUR.AX,DURATEC LIMITED,Capital Goods,,2026-02-07T16:49:57Z,2026-02-08 00:49 AWST,Industrials,20,Capital Goods,20100000,EQUITY,ASXListedCompanies.csv
DVDY,DVDY.AX,VanEck Morningstar Australian Moat Income ETF,ETF/ETP,Spotlight ETP List,2026-02-07T16:49:57Z,2026-02-08 00:49 AWST,,,,,ETF_ETP,ASX Investment Products Monthly Report
DVL,DVL.AX,DORSAVI LTD,"Pharmaceuticals, Biotechnology & Life Sciences",,2026-02-07T16:49:57Z,2026-02-08 00:49 AWST,Health Care,35,"Pharmaceuticals, Biotechnology & Life Sciences",35200000,EQUITY,ASXListedCompanies.csv
DVP,DVP.AX,DEVELOP GLOBAL LIMITED,Materials,,2026-02-07T16:49:57Z,2026-02-08 00:49 AWST,Materials,15,Materials,15100000,EQUITY,ASXListedCompanies.csv
DWG,DWG.AX,DATAWORKS GROUP LIMITED,Software & Services,,2026-02-07T16:49:57Z,2026-02-08 00:49 AWST,Information Technology,45,Software & Services,45100000,EQUITY,ASXListedCompanies.csv
DXA,DXA.AX,CAISSE FRANCAISE DE FINANCEMENT LOCAL,Not Applic,,2026-02-07T16:49:57Z,2026-02-08 00:49 AWST,Not Applicable,00,Not Applic,00000000,EQUITY,ASXListedCompanies.csv
DXB,DXB.AX,DIMERIX LIMITED,"Pharmaceuticals, Biotechnology & Life Sciences",,2026-02-07T16:49:57Z,2026-02-08 00:49 AWST,Health Care,35,"Pharmaceuticals, Biotechnology & Life Sciences",35200000,EQUITY,ASXListedCompanies.csv
DXC,DXC.AX,DEXUS CONVENIENCE RETAIL REIT,Equity Real Estate Investment Trusts (REITs),,2026-02-07T16:49:57Z,2026-02-08 00:49 AWST,Real Estate,60,Equity Real Estate Investment Trusts (REITs),60100000,EQUITY,ASXListedCompanies.csv
DXI,DXI.AX,DEXUS INDUSTRIA REIT.,Equity Real Estate Investment Trusts (REITs),,2026-02-07T16:49:57Z,2026-02-08 00:49 AWST,Real Estate,60,Equity Real Estate Investment Trusts (REITs),60100000,EQUITY,ASXListedCompanies.csv
DXN,DXN.AX,DXN LIMITED,Software & Services,,2026-02-07T16:49:57Z,2026-02-08 00:49 AWST,Information Technology,45,Software & Services,45100000,EQUITY,ASXListedCompanies.csv
DXS,DXS.AX,DEXUS,Equity Real Estate Investment Trusts (REITs),,2026-02-07T16:49:57Z,2026-02-08 00:49 AWST,Real Estate,60,Equity Real Estate Investment Trusts (REITs),60100000,EQUITY,ASXListedCompanies.csv
DYL,DYL.AX,DEEP YELLOW LIMITED,Energy,,2026-02-07T16:49:57Z,2026-02-08 00:49 AWST,Energy,10,Energy,10100000,EQUITY,ASXListedCompanies.csv
DYM,DYM.AX,DYNAMIC METALS LIMITED,Materials,,2026-02-07T16:49:57Z,2026-02-08 00:49 AWST,Materials,15,Materials,15100000,EQUITY,ASXListedCompanies.csv
DZZF,DZZF.AX,Betashares Ethical High Growth ETF,ETF/ETP,Spotlight ETP List,2026-02-07T16:49:57Z,2026-02-08 00:49 AWST,,,,,ETF_ETP,ASX Investment Products Monthly Report
E200,E200.AX,SPDR S&P/ASX 200 ESG ETF,ETF/ETP,Spotlight ETP List,2026-02-07T16:49:57Z,2026-02-08 00:49 AWST,,,,,ETF_ETP,ASX Investment Products Monthly Report
E25,E25.AX,ELEMENT 25 LIMITED,Materials,,2026-02-07T16:49:57Z,2026-02-08 00:49 AWST,Materials,15,Materials,15100000,EQUITY,ASXListedCompanies.csv
E79,E79.AX,E79 GOLD MINES LIMITED,Materials,,2026-02-07T16:49:57Z,2026-02-08 00:49 AWST,Materials,15,Materials,15100000,EQUITY,ASXListedCompanies.csv
EAFZ,EAFZ.AX,Ellerston Asia Growth Fund Complex ETF,ETF/ETP,Spotlight ETP List,2026-02-07T16:49:57Z,2026-02-08 00:49 AWST,,,,,ETF_ETP,ASX Investment Products Monthly Report
EARN,EARN.AX,PIMCO Short Term Active Yield Active ETF,ETF/ETP,Spotlight ETP List,2026-02-07T16:49:57Z,2026-02-08 00:49 AWST,,,,,ETF_ETP,ASX Investment Products Monthly Report
EAX,EAX.AX,ENERGY ACTION LIMITED,Commercial & Professional Services,,2026-02-07T16:49:57Z,2026-02-08 00:49 AWST,Industrials,20,Commercial & Professional Services,20200000,EQUITY,ASXListedCompanies.csv
EBND,EBND.AX,VanEck Vectors Emerging Income Opportunities Active ETF,ETF/ETP,Spotlight ETP List,2026-02-07T16:49:57Z,2026-02-08 00:49 AWST,,,,,ETF_ETP,ASX Investment Products Monthly Report
EBO,EBO.AX,EBOS GROUP LIMITED,Health Care Equipment & Services,,2026-02-07T16:49:57Z,2026-02-08 00:49 AWST,Health Care,35,Health Care Equipment & Services,35100000,EQUITY,ASXListedCompanies.csv
EBR,EBR.AX,EBR SYSTEMS INC.,Health Care Equipment & Services,,2026-02-07T16:49:57Z,2026-02-08 00:49 AWST,Health Care,35,Health Care Equipment & Services,35100000,EQUITY,ASXListedCompanies.csv
ECF,ECF.AX,Elanor Commercial Property Fund,ETF/ETP,Spotlight A-REITS  List,2026-02-07T16:49:57Z,2026-02-08 00:49 AWST,,,,,ETF_ETP,ASX Investment Products Monthly Report
ECH,ECH.AX,ECHELON RESOURCES LIMITED,Energy,,2026-02-07T16:49:57Z,2026-02-08 00:49 AWST,Energy,10,Energy,10100000,EQUITY,ASXListedCompanies.csv
ECL,ECL.AX,EXCELSIOR CAPITAL LTD,Capital Goods,,2026-02-07T16:49:57Z,2026-02-08 00:49 AWST,Industrials,20,Capital Goods,20100000,EQUITY,ASXListedCompanies.csv
ECP,ECP.AX,ECP EMERGING GROWTH LIMITED,Not Applic,,2026-02-07T16:49:57Z,2026-02-08 00:49 AWST,Not Applicable,00,Not Applic,00000000,EQUITY,ASXListedCompanies.csv
ECRD,ECRD.AX,Betashares Enhanced Credit (Geared) Complex ETF,ETF/ETP,Spotlight ETP List,2026-02-07T16:49:57Z,2026-02-08 00:49 AWST,,,,,ETF_ETP,ASX Investment Products Monthly Report
ECS,ECS.AX,ECS BOTANICS HOLDINGS LTD,"Pharmaceuticals, Biotechnology & Life Sciences",,2026-02-07T16:49:57Z,2026-02-08 00:49 AWST,Health Care,35,"Pharmaceuticals, Biotechnology & Life Sciences",35200000,EQUITY,ASXListedCompanies.csv
ECT,ECT.AX,ENVIRONMENTAL CLEAN TECHNOLOGIES LIMITED.,Commercial & Professional Services,,2026-02-07T16:49:57Z,2026-02-08 00:49 AWST,Industrials,20,Commercial & Professional Services,20200000,EQUITY,ASXListedCompanies.csv
EDE,EDE.AX,EDEN INNOVATIONS LTD,Energy,,2026-02-07T16:49:57Z,2026-02-08 00:49 AWST,Energy,10,Energy,10100000,EQUITY,ASXListedCompanies.csv
EDU,EDU.AX,EDU HOLDINGS LIMITED,Consumer Services,,2026-02-07T16:49:57Z,2026-02-08 00:49 AWST,Consumer Discretionary,25,Consumer Services,25300000,EQUITY,ASXListedCompanies.csv
EDV,EDV.AX,ENDEAVOUR GROUP LIMITED,Consumer Staples Distribution & Retail,,2026-02-07T16:49:57Z,2026-02-08 00:49 AWST,Consumer Staples,30,Consumer Staples Distribution & Retail,30100000,EQUITY,ASXListedCompanies.csv
EE1,EE1.AX,EARTHS ENERGY LIMITED,Materials,,2026-02-07T16:49:57Z,2026-02-08 00:49 AWST,Materials,15,Materials,15100000,EQUITY,ASXListedCompanies.csv
EFE,EFE.AX,EASTERN RESOURCES LIMITED,Materials,,2026-02-07T16:49:57Z,2026-02-08 00:49 AWST,Materials,15,Materials,15100000,EQUITY,ASXListedCompanies.csv
EG1,EG1.AX,EVERGOLD MINERALS LIMITED,Materials,,2026-02-07T16:49:57Z,2026-02-08 00:49 AWST,Materials,15,Materials,15100000,EQUITY,ASXListedCompanies.csv
EGA,EGA.AX,EASTERN GAS CORPORATION LIMITED,Energy,,2026-02-07T16:49:57Z,2026-02-08 00:49 AWST,Energy,10,Energy,10100000,EQUITY,ASXListedCompanies.csv
EGG,EGG.AX,ENERO GROUP LIMITED,Media & Entertainment,,2026-02-07T16:49:57Z,2026-02-08 00:49 AWST,Communication Services,50,Media & Entertainment,50200000,EQUITY,ASXListedCompanies.csv
EGH,EGH.AX,EUREKA GROUP HOLDINGS LIMITED,Real Estate Management & Development,,2026-02-07T16:49:57Z,2026-02-08 00:49 AWST,Real Estate,60,Real Estate Management & Development,60200000,EQUITY,ASXListedCompanies.csv
EGL,EGL.AX,ENVIRONMENTAL GROUP LIMITED (THE),Capital Goods,,2026-02-07T16:49:57Z,2026-02-08 00:49 AWST,Industrials,20,Capital Goods,20100000,EQUITY,ASXListedCompanies.csv
EGR,EGR.AX,ECOGRAF LIMITED,Materials,,2026-02-07T16:49:57Z,2026-02-08 00:49 AWST,Materials,15,Materials,15100000,EQUITY,ASXListedCompanies.csv
EGY,EGY.AX,ENERGY TECHNOLOGIES LIMITED,Capital Goods,,2026-02-07T16:49:57Z,2026-02-08 00:49 AWST,Industrials,20,Capital Goods,20100000,EQUITY,ASXListedCompanies.csv
EHL,EHL.AX,EMECO HOLDINGS LIMITED,Capital Goods,,2026-02-07T16:49:57Z,2026-02-08 00:49 AWST,Industrials,20,Capital Goods,20100000,EQUITY,ASXListedCompanies.csv
EIGA,EIGA.AX,Perennial Income Generator Active ETF,ETF/ETP,Spotlight ETP List,2026-02-07T16:49:57Z,2026-02-08 00:49 AWST,,,,,ETF_ETP,ASX Investment Products Monthly Report
EIQ,EIQ.AX,ECHOIQ LIMITED,Software & Services,,2026-02-07T16:49:57Z,2026-02-08 00:49 AWST,Information Technology,45,Software & Services,45100000,EQUITY,ASXListedCompanies.csv
EL8,EL8.AX,ELEVATE URANIUM LTD,Energy,,2026-02-07T16:49:57Z,2026-02-08 00:49 AWST,Energy,10,Energy,10100000,EQUITY,ASXListedCompanies.csv
ELD,ELD.AX,ELDERS LIMITED,"Food, Beverage & Tobacco",,2026-02-07T16:49:57Z,2026-02-08 00:49 AWST,Consumer Staples,30,"Food, Beverage & Tobacco",30200000,EQUITY,ASXListedCompanies.csv
ELS,ELS.AX,ELSIGHT LIMITED,Technology Hardware & Equipment,,2026-02-07T16:49:57Z,2026-02-08 00:49 AWST,Information Technology,45,Technology Hardware & Equipment,45200000,EQUITY,ASXListedCompanies.csv
ELT,ELT.AX,ELEMENTOS LIMITED,Materials,,2026-02-07T16:49:57Z,2026-02-08 00:49 AWST,Materials,15,Materials,15100000,EQUITY,ASXListedCompanies.csv
ELV,ELV.AX,ELEVRA LITHIUM LIMITED,Materials,,2026-02-07T16:49:57Z,2026-02-08 00:49 AWST,Materials,15,Materials,15100000,EQUITY,ASXListedCompanies.csv
EM2,EM2.AX,EAGLE MOUNTAIN MINING LIMITED,Materials,,2026-02-07T16:49:57Z,2026-02-08 00:49 AWST,Materials,15,Materials,15100000,EQUITY,ASXListedCompanies.csv
EM3,EM3.AX,EMC GOLD CORPORATION,Materials,,2026-02-07T16:49:57Z,2026-02-08 00:49 AWST,Materials,15,Materials,15100000,EQUITY,ASXListedCompanies.csv
EMA,EMA.AX,EMINENCE MINERALS LIMITED,Materials,,2026-02-07T16:49:57Z,2026-02-08 00:49 AWST,Materials,15,Materials,15100000,EQUITY,ASXListedCompanies.csv
EMB,EMB.AX,EMBELTON LIMITED,Capital Goods,,2026-02-07T16:49:57Z,2026-02-08 00:49 AWST,Industrials,20,Capital Goods,20100000,EQUITY,ASXListedCompanies.csv
EMC,EMC.AX,EVEREST METALS CORPORATION LTD,Materials,,2026-02-07T16:49:57Z,2026-02-08 00:49 AWST,Materials,15,Materials,15100000,EQUITY,ASXListedCompanies.csv
EMD,EMD.AX,EMYRIA LIMITED,Health Care Equipment & Services,,2026-02-07T16:49:57Z,2026-02-08 00:49 AWST,Health Care,35,Health Care Equipment & Services,35100000,EQUITY,ASXListedCompanies.csv
EME,EME.AX,ENERGY METALS LTD,Energy,,2026-02-07T16:49:57Z,2026-02-08 00:49 AWST,Energy,10,Energy,10100000,EQUITY,ASXListedCompanies.csv
EMH,EMH.AX,EUROPEAN METALS HOLDINGS LIMITED,Materials,,2026-02-07T16:49:57Z,2026-02-08 00:49 AWST,Materials,15,Materials,15100000,EQUITY,ASXListedCompanies.csv
EMI,EMI.AX,EMIRATES NBD PJSC,Not Applic,,2026-02-07T16:49:57Z,2026-02-08 00:49 AWST,Not Applicable,00,Not Applic,00000000,EQUITY,ASXListedCompanies.csv
EMKT,EMKT.AX,Vaneck MSCI Multifactor Emerging Markets Equity ETF,ETF/ETP,Spotlight ETP List,2026-02-07T16:49:57Z,2026-02-08 00:49 AWST,,,,,ETF_ETP,ASX Investment Products Monthly Report
EML,EML.AX,EML PAYMENTS LIMITED,Financial Services,,2026-02-07T16:49:57Z,2026-02-08 00:49 AWST,Financials,40,Financial Services,40200000,EQUITY,ASXListedCompanies.csv
EMN,EMN.AX,EURO MANGANESE INC,Materials,,2026-02-07T16:49:57Z,2026-02-08 00:49 AWST,Materials,15,Materials,15100000,EQUITY,ASXListedCompanies.csv
EMP,EMP.AX,EMPEROR ENERGY LIMITED,Energy,,2026-02-07T16:49:57Z,2026-02-08 00:49 AWST,Energy,10,Energy,10100000,EQUITY,ASXListedCompanies.csv
EMR,EMR.AX,EMERALD RESOURCES NL,Materials,,2026-02-07T16:49:57Z,2026-02-08 00:49 AWST,Materials,15,Materials,15100000,EQUITY,ASXListedCompanies.csv
EMT,EMT.AX,EMETALS LIMITED,Not Applic,,2026-02-07T16:49:57Z,2026-02-08 00:49 AWST,Not Applicable,00,Not Applic,00000000,EQUITY,ASXListedCompanies.csv
EMU,EMU.AX,EMU NL,Materials,,2026-02-07T16:49:57Z,2026-02-08 00:49 AWST,Materials,15,Materials,15100000,EQUITY,ASXListedCompanies.csv
EMV,EMV.AX,EMVISION MEDICAL DEVICES LTD,Health Care Equipment & Services,,2026-02-07T16:49:57Z,2026-02-08 00:49 AWST,Health Care,35,Health Care Equipment & Services,35100000,EQUITY,ASXListedCompanies.csv
EMXC,EMXC.AX,iShares MSCI Emerging Markets ex China ETF,ETF/ETP,Spotlight ETP List,2026-02-07T16:49:57Z,2026-02-08 00:49 AWST,,,,,ETF_ETP,ASX Investment Products Monthly Report
ENL,ENL.AX,ENLITIC INC.,Health Care Equipment & Services,,2026-02-07T16:49:57Z,2026-02-08 00:49 AWST,Health Care,35,Health Care Equipment & Services,35100000,EQUITY,ASXListedCompanies.csv
ENN,ENN.AX,ELANOR INVESTORS GROUP,Consumer Services,,2026-02-07T16:49:57Z,2026-02-08 00:49 AWST,Consumer Discretionary,25,Consumer Services,25300000,EQUITY,ASXListedCompanies.csv
ENP,ENP.AX,ENTROPY NEURODYNAMICS LIMITED,"Pharmaceuticals, Biotechnology & Life Sciences",,2026-02-07T16:49:57Z,2026-02-08 00:49 AWST,Health Care,35,"Pharmaceuticals, Biotechnology & Life Sciences",35200000,EQUITY,ASXListedCompanies.csv
ENR,ENR.AX,ENCOUNTER RESOURCES LIMITED,Materials,,2026-02-07T16:49:57Z,2026-02-08 00:49 AWST,Materials,15,Materials,15100000,EQUITY,ASXListedCompanies.csv
ENT,ENT.AX,ENTERPRISE METALS LIMITED,Materials,,2026-02-07T16:49:57Z,2026-02-08 00:49 AWST,Materials,15,Materials,15100000,EQUITY,ASXListedCompanies.csv
ENV,ENV.AX,ENOVA MINING LIMITED,Materials,,2026-02-07T16:49:57Z,2026-02-08 00:49 AWST,Materials,15,Materials,15100000,EQUITY,ASXListedCompanies.csv
ENX,ENX.AX,ENEGEX LIMITED,Materials,,2026-02-07T16:49:57Z,2026-02-08 00:49 AWST,Materials,15,Materials,15100000,EQUITY,ASXListedCompanies.csv
EOL,EOL.AX,ENERGY ONE LIMITED,Software & Services,,2026-02-07T16:49:57Z,2026-02-08 00:49 AWST,Information Technology,45,Software & Services,45100000,EQUITY,ASXListedCompanies.csv
EOS,EOS.AX,ELECTRO OPTIC SYSTEMS HOLDINGS LIMITED,Capital Goods,,2026-02-07T16:49:57Z,2026-02-08 00:49 AWST,Industrials,20,Capital Goods,20100000,EQUITY,ASXListedCompanies.csv
EPI,EPI.AX,EPIMINDER LIMITED,Health Care Equipment & Services,,2026-02-07T16:49:57Z,2026-02-08 00:49 AWST,Health Care,35,Health Care Equipment & Services,35100000,EQUITY,ASXListedCompanies.csv
EPM,EPM.AX,ECLIPSE METALS LIMITED.,Energy,,2026-02-07T16:49:57Z,2026-02-08 00:49 AWST,Energy,10,Energy,10100000,EQUITY,ASXListedCompanies.csv
EPN,EPN.AX,EPSILON HEALTHCARE LIMITED,"Pharmaceuticals, Biotechnology & Life Sciences",,2026-02-07T16:49:57Z,2026-02-08 00:49 AWST,Health Care,35,"Pharmaceuticals, Biotechnology & Life Sciences",35200000,EQUITY,ASXListedCompanies.csv
EPX,EPX.AX,EPX LIMITED,Software & Services,,2026-02-07T16:49:57Z,2026-02-08 00:49 AWST,Information Technology,45,Software & Services,45100000,EQUITY,ASXListedCompanies.csv
EPY,EPY.AX,EARLYPAY LTD,Financial Services,,2026-02-07T16:49:57Z,2026-02-08 00:49 AWST,Financials,40,Financial Services,40200000,EQUITY,ASXListedCompanies.csv
EQIN,EQIN.AX,Investors Mutual Equity Income Fund - Complex ETF,ETF/ETP,Spotlight ETP List,2026-02-07T16:49:57Z,2026-02-08 00:49 AWST,,,,,ETF_ETP,ASX Investment Products Monthly Report
EQR,EQR.AX,EQ RESOURCES LIMITED,Materials,,2026-02-07T16:49:57Z,2026-02-08 00:49 AWST,Materials,15,Materials,15100000,EQUITY,ASXListedCompanies.csv
EQT,EQT.AX,EQT HOLDINGS LIMITED,Financial Services,,2026-02-07T16:49:57Z,2026-02-08 00:49 AWST,Financials,40,Financial Services,40200000,EQUITY,ASXListedCompanies.csv
EQU,EQU.AX,EQUUS ENERGY LIMITED,Energy,,2026-02-07T16:49:57Z,2026-02-08 00:49 AWST,Energy,10,Energy,10100000,EQUITY,ASXListedCompanies.csv
EQX,EQX.AX,EQUATORIAL RESOURCES LIMITED,Materials,,2026-02-07T16:49:57Z,2026-02-08 00:49 AWST,Materials,15,Materials,15100000,EQUITY,ASXListedCompanies.csv
ERA,ERA.AX,ENERGY RESOURCES OF AUSTRALIA LIMITED,Energy,,2026-02-07T16:49:57Z,2026-02-08 00:49 AWST,Energy,10,Energy,10100000,EQUITY,ASXListedCompanies.csv
ERD,ERD.AX,EROAD LIMITED,Technology Hardware & Equipment,,2026-02-07T16:49:57Z,2026-02-08 00:49 AWST,Information Technology,45,Technology Hardware & Equipment,45200000,EQUITY,ASXListedCompanies.csv
ERE,ERE.AX,EUROPEAN RESOURCES LIMITED,Materials,,2026-02-07T16:49:57Z,2026-02-08 00:49 AWST,Materials,15,Materials,15100000,EQUITY,ASXListedCompanies.csv
ERG,ERG.AX,ENECO REFRESH LTD,"Food, Beverage & Tobacco",,2026-02-07T16:49:57Z,2026-02-08 00:49 AWST,Consumer Staples,30,"Food, Beverage & Tobacco",30200000,EQUITY,ASXListedCompanies.csv
ERL,ERL.AX,EMPIRE RESOURCES LIMITED,Materials,,2026-02-07T16:49:57Z,2026-02-08 00:49 AWST,Materials,15,Materials,15100000,EQUITY,ASXListedCompanies.csv
ERM,ERM.AX,EMMERSON RESOURCES LIMITED,Materials,,2026-02-07T16:49:57Z,2026-02-08 00:49 AWST,Materials,15,Materials,15100000,EQUITY,ASXListedCompanies.csv
ERTH,ERTH.AX,Betashares Climate Change Innovation ETF,ETF/ETP,Spotlight ETP List,2026-02-07T16:49:57Z,2026-02-08 00:49 AWST,,,,,ETF_ETP,ASX Investment Products Monthly Report
ESGI,ESGI.AX,Vaneck MSCI International Sustainable Equity ETF,ETF/ETP,Spotlight ETP List,2026-02-07T16:49:57Z,2026-02-08 00:49 AWST,,,,,ETF_ETP,ASX Investment Products Monthly Report
ESK,ESK.AX,ETHERSTACK PLC,Software & Services,,2026-02-07T16:49:57Z,2026-02-08 00:49 AWST,Information Technology,45,Software & Services,45100000,EQUITY,ASXListedCompanies.csv
ESPO,ESPO.AX,VanEck Video Gaming and Esports ETF,ETF/ETP,Spotlight ETP List,2026-02-07T16:49:57Z,2026-02-08 00:49 AWST,,,,,ETF_ETP,ASX Investment Products Monthly Report
ESR,ESR.AX,ESTRELLA RESOURCES LIMITED,Materials,,2026-02-07T16:49:57Z,2026-02-08 00:49 AWST,Materials,15,Materials,15100000,EQUITY,ASXListedCompanies.csv
ESTX,ESTX.AX,Global X EURO STOXX 50 ETF,ETF/ETP,Spotlight ETP List,2026-02-07T16:49:57Z,2026-02-08 00:49 AWST,,,,,ETF_ETP,ASX Investment Products Monthly Report
ETHI,ETHI.AX,Betashares Global Sustainability Leaders ETF,ETF/ETP,Spotlight ETP List,2026-02-07T16:49:57Z,2026-02-08 00:49 AWST,,,,,ETF_ETP,ASX Investment Products Monthly Report
ETM,ETM.AX,ENERGY TRANSITION MINERALS LTD,Materials,,2026-02-07T16:49:57Z,2026-02-08 00:49 AWST,Materials,15,Materials,15100000,EQUITY,ASXListedCompanies.csv
ETPMAG,ETPMAG.AX,Global X Physical Silver,ETF/ETP,Spotlight ETP List,2026-02-07T16:49:57Z,2026-02-08 00:49 AWST,,,,,ETF_ETP,ASX Investment Products Monthly Report
ETPMPD,ETPMPD.AX,Global X Physical Palladium,ETF/ETP,Spotlight ETP List,2026-02-07T16:49:57Z,2026-02-08 00:49 AWST,,,,,ETF_ETP,ASX Investment Products Monthly Report
ETPMPM,ETPMPM.AX,Global X Physical Precious Metals Basket,ETF/ETP,Spotlight ETP List,2026-02-07T16:49:57Z,2026-02-08 00:49 AWST,,,,,ETF_ETP,ASX Investment Products Monthly Report
ETPMPT,ETPMPT.AX,Global X Physical Platinum,ETF/ETP,Spotlight ETP List,2026-02-07T16:49:57Z,2026-02-08 00:49 AWST,,,,,ETF_ETP,ASX Investment Products Monthly Report
EUR,EUR.AX,EUROPEAN LITHIUM LIMITED,Materials,,2026-02-07T16:49:57Z,2026-02-08 00:49 AWST,Materials,15,Materials,15100000,EQUITY,ASXListedCompanies.csv
EV1,EV1.AX,EVOLUTION ENERGY MINERALS LIMITED,Materials,,2026-02-07T16:49:57Z,2026-02-08 00:49 AWST,Materials,15,Materials,15100000,EQUITY,ASXListedCompanies.csv
EV8,EV8.AX,EVERLAST MINERALS LTD.,Materials,,2026-02-07T16:49:57Z,2026-02-08 00:49 AWST,Materials,15,Materials,15100000,EQUITY,ASXListedCompanies.csv
EVE,EVE.AX,EVE HEALTH GROUP LIMITED.,Financial Services,,2026-02-07T16:49:57Z,2026-02-08 00:49 AWST,Financials,40,Financial Services,40200000,EQUITY,ASXListedCompanies.csv
EVG,EVG.AX,EVION GROUP NL,Materials,,2026-02-07T16:49:57Z,2026-02-08 00:49 AWST,Materials,15,Materials,15100000,EQUITY,ASXListedCompanies.csv
EVN,EVN.AX,EVOLUTION MINING LIMITED,Materials,,2026-02-07T16:49:57Z,2026-02-08 00:49 AWST,Materials,15,Materials,15100000,EQUITY,ASXListedCompanies.csv
EVO,EVO.AX,EMBARK EARLY EDUCATION LIMITED,Consumer Services,,2026-02-07T16:49:57Z,2026-02-08 00:49 AWST,Consumer Discretionary,25,Consumer Services,25300000,EQUITY,ASXListedCompanies.csv
EVR,EVR.AX,EV RESOURCES LTD,Materials,,2026-02-07T16:49:57Z,2026-02-08 00:49 AWST,Materials,15,Materials,15100000,EQUITY,ASXListedCompanies.csv
EVT,EVT.AX,EVT LIMITED,Media & Entertainment,,2026-02-07T16:49:57Z,2026-02-08 00:49 AWST,Communication Services,50,Media & Entertainment,50200000,EQUITY,ASXListedCompanies.csv
EVZ,EVZ.AX,EVZ LIMITED,Capital Goods,,2026-02-07T16:49:57Z,2026-02-08 00:49 AWST,Industrials,20,Capital Goods,20100000,EQUITY,ASXListedCompanies.csv
EWC,EWC.AX,ENERGY WORLD CORPORATION LTD,Utilities,,2026-02-07T16:49:57Z,2026-02-08 00:49 AWST,Utilities,55,Utilities,55100000,EQUITY,ASXListedCompanies.csv
EX20,EX20.AX,Betashares Australian Ex-20 Portfolio Diversifier ETF,ETF/ETP,Spotlight ETP List,2026-02-07T16:49:57Z,2026-02-08 00:49 AWST,,,,,ETF_ETP,ASX Investment Products Monthly Report
EXL,EXL.AX,ELIXINOL WELLNESS LIMITED,Household & Personal Products,,2026-02-07T16:49:57Z,2026-02-08 00:49 AWST,Consumer Staples,30,Household & Personal Products,30300000,EQUITY,ASXListedCompanies.csv
EXP,EXP.AX,EXPERIENCE CO LIMITED,Consumer Services,,2026-02-07T16:49:57Z,2026-02-08 00:49 AWST,Consumer Discretionary,25,Consumer Services,25300000,EQUITY,ASXListedCompanies.csv
EXR,EXR.AX,ELIXIR ENERGY LIMITED,Energy,,2026-02-07T16:49:57Z,2026-02-08 00:49 AWST,Energy,10,Energy,10100000,EQUITY,ASXListedCompanies.csv
EXT,EXT.AX,EXCITE TECHNOLOGY SERVICES LTD,Software & Services,,2026-02-07T16:49:57Z,2026-02-08 00:49 AWST,Information Technology,45,Software & Services,45100000,EQUITY,ASXListedCompanies.csv
EXUS,EXUS.AX,Betashares Global Shares EX US ETF,ETF/ETP,Spotlight ETP List,2026-02-07T16:49:57Z,2026-02-08 00:49 AWST,,,,,ETF_ETP,ASX Investment Products Monthly Report
EYE,EYE.AX,NOVA EYE MEDICAL LIMITED,Health Care Equipment & Services,,2026-02-07T16:49:57Z,2026-02-08 00:49 AWST,Health Care,35,Health Care Equipment & Services,35100000,EQUITY,ASXListedCompanies.csv
EZL,EZL.AX,EUROZ HARTLEYS GROUP LIMITED,Financial Services,,2026-02-07T16:49:57Z,2026-02-08 00:49 AWST,Financials,40,Financial Services,40200000,EQUITY,ASXListedCompanies.csv
EZZ,EZZ.AX,EZZ LIFE SCIENCE HOLDINGS LIMITED,Consumer Discretionary Distribution & Retail,,2026-02-07T16:49:57Z,2026-02-08 00:49 AWST,Consumer Discretionary,25,Consumer Discretionary Distribution & Retail,25500000,EQUITY,ASXListedCompanies.csv
F100,F100.AX,Betashares FTSE 100 ETF,ETF/ETP,Spotlight ETP List,2026-02-07T16:49:57Z,2026-02-08 00:49 AWST,,,,,ETF_ETP,ASX Investment Products Monthly Report
FAIR,FAIR.AX,Betashares Australian Sustainability Leaders ETF,ETF/ETP,Spotlight ETP List,2026-02-07T16:49:57Z,2026-02-08 00:49 AWST,,,,,ETF_ETP,ASX Investment Products Monthly Report
FAL,FAL.AX,FALCON METALS LTD,Materials,,2026-02-07T16:49:57Z,2026-02-08 00:49 AWST,Materials,15,Materials,15100000,EQUITY,ASXListedCompanies.csv
FANG,FANG.AX,Global X FANG+ ETF,ETF/ETP,Spotlight ETP List,2026-02-07T16:49:57Z,2026-02-08 00:49 AWST,,,,,ETF_ETP,ASX Investment Products Monthly Report
FAR,FAR.AX,FAR LIMITED,Energy,,2026-02-07T16:49:57Z,2026-02-08 00:49 AWST,Energy,10,Energy,10100000,EQUITY,ASXListedCompanies.csv
FASI,FASI.AX,Fidelity Asia Active ETF,ETF/ETP,Spotlight ETP List,2026-02-07T16:49:57Z,2026-02-08 00:49 AWST,,,,,ETF_ETP,ASX Investment Products Monthly Report
FAU,FAU.AX,FIRST AU LIMITED,Materials,,2026-02-07T16:49:57Z,2026-02-08 00:49 AWST,Materials,15,Materials,15100000,EQUITY,ASXListedCompanies.csv
FBR,FBR.AX,FBR LTD,Capital Goods,,2026-02-07T16:49:57Z,2026-02-08 00:49 AWST,Industrials,20,Capital Goods,20100000,EQUITY,ASXListedCompanies.csv
FBU,FBU.AX,FLETCHER BUILDING LIMITED,Capital Goods,,2026-02-07T16:49:57Z,2026-02-08 00:49 AWST,Industrials,20,Capital Goods,20100000,EQUITY,ASXListedCompanies.csv
FCAP,FCAP.AX,Fidelity Global Leaders Active ETF,ETF/ETP,Spotlight ETP List,2026-02-07T16:49:57Z,2026-02-08 00:49 AWST,,,,,ETF_ETP,ASX Investment Products Monthly Report
FCG,FCG.AX,FREEDOM CARE GROUP HOLDINGS LIMITED,Health Care Equipment & Services,,2026-02-07T16:49:57Z,2026-02-08 00:49 AWST,Health Care,35,Health Care Equipment & Services,35100000,EQUITY,ASXListedCompanies.csv
FCL,FCL.AX,FINEOS CORPORATION HOLDINGS PLC,Software & Services,,2026-02-07T16:49:57Z,2026-02-08 00:49 AWST,Information Technology,45,Software & Services,45100000,EQUITY,ASXListedCompanies.csv
FCT,FCT.AX,FIRSTWAVE CLOUD TECHNOLOGY LIMITED,Software & Services,,2026-02-07T16:49:57Z,2026-02-08 00:49 AWST,Information Technology,45,Software & Services,45100000,EQUITY,ASXListedCompanies.csv
FDR,FDR.AX,FINDER ENERGY HOLDINGS LIMITED,Energy,,2026-02-07T16:49:57Z,2026-02-08 00:49 AWST,Energy,10,Energy,10100000,EQUITY,ASXListedCompanies.csv
FDV,FDV.AX,FRONTIER DIGITAL VENTURES LIMITED,Media & Entertainment,,2026-02-07T16:49:57Z,2026-02-08 00:49 AWST,Communication Services,50,Media & Entertainment,50200000,EQUITY,ASXListedCompanies.csv
FEG,FEG.AX,FAR EAST GOLD LTD,Materials,,2026-02-07T16:49:57Z,2026-02-08 00:49 AWST,Materials,15,Materials,15100000,EQUITY,ASXListedCompanies.csv
FEMX,FEMX.AX,Fidelity Global Emerging Markets Active ETF,ETF/ETP,Spotlight ETP List,2026-02-07T16:49:57Z,2026-02-08 00:49 AWST,,,,,ETF_ETP,ASX Investment Products Monthly Report
FEX,FEX.AX,FENIX RESOURCES LTD,Materials,,2026-02-07T16:49:57Z,2026-02-08 00:49 AWST,Materials,15,Materials,15100000,EQUITY,ASXListedCompanies.csv
FFG,FFG.AX,FATFISH GROUP LIMITED,Financial Services,,2026-02-07T16:49:57Z,2026-02-08 00:49 AWST,Financials,40,Financial Services,40200000,EQUITY,ASXListedCompanies.csv
FFI,FFI.AX,FFI HOLDINGS LIMITED,"Food, Beverage & Tobacco",,2026-02-07T16:49:57Z,2026-02-08 00:49 AWST,Consumer Staples,30,"Food, Beverage & Tobacco",30200000,EQUITY,ASXListedCompanies.csv
FFM,FFM.AX,FIREFLY METALS LTD,Materials,,2026-02-07T16:49:57Z,2026-02-08 00:49 AWST,Materials,15,Materials,15100000,EQUITY,ASXListedCompanies.csv
FG1,FG1.AX,FLYNN GOLD LIMITED,Materials,,2026-02-07T16:49:57Z,2026-02-08 00:49 AWST,Materials,15,Materials,15100000,EQUITY,ASXListedCompanies.csv
FGG,FGG.AX,FUTURE GENERATION GLOBAL LIMITED,Not Applic,,2026-02-07T16:49:57Z,2026-02-08 00:49 AWST,Not Applicable,00,Not Applic,00000000,EQUITY,ASXListedCompanies.csv
FGH,FGH.AX,FORESTA GROUP HOLDINGS LIMITED,Materials,,2026-02-07T16:49:57Z,2026-02-08 00:49 AWST,Materials,15,Materials,15100000,EQUITY,ASXListedCompanies.csv
FGR,FGR.AX,FIRST GRAPHENE LIMITED,Materials,,2026-02-07T16:49:57Z,2026-02-08 00:49 AWST,Materials,15,Materials,15100000,EQUITY,ASXListedCompanies.csv
FGX,FGX.AX,FUTURE GENERATION AUSTRALIA LIMITED,Not Applic,,2026-02-07T16:49:57Z,2026-02-08 00:49 AWST,Not Applicable,00,Not Applic,00000000,EQUITY,ASXListedCompanies.csv
FHCO,FHCO.AX,Fidelity Australian High Conviction Active ETF,ETF/ETP,Spotlight ETP List,2026-02-07T16:49:57Z,2026-02-08 00:49 AWST,,,,,ETF_ETP,ASX Investment Products Monthly Report
FHE,FHE.AX,FRONTIER ENERGY LIMITED,Materials,,2026-02-07T16:49:57Z,2026-02-08 00:49 AWST,Materials,15,Materials,15100000,EQUITY,ASXListedCompanies.csv
FHNG,FHNG.AX,FANG+ (Currency Hedged) ETF,ETF/ETP,Spotlight ETP List,2026-02-07T16:49:57Z,2026-02-08 00:49 AWST,,,,,ETF_ETP,ASX Investment Products Monthly Report
FHS,FHS.AX,FREEHILL MINING LIMITED.,Materials,,2026-02-07T16:49:57Z,2026-02-08 00:49 AWST,Materials,15,Materials,15100000,EQUITY,ASXListedCompanies.csv
FID,FID.AX,FIDUCIAN GROUP LIMITED,Financial Services,,2026-02-07T16:49:57Z,2026-02-08 00:49 AWST,Financials,40,Financial Services,40200000,EQUITY,ASXListedCompanies.csv
FIIN,FIIN.AX,Fidelity India Active ETF,ETF/ETP,Spotlight ETP List,2026-02-07T16:49:57Z,2026-02-08 00:49 AWST,,,,,ETF_ETP,ASX Investment Products Monthly Report
FIN,FIN.AX,FIN RESOURCES LIMITED,Materials,,2026-02-07T16:49:57Z,2026-02-08 00:49 AWST,Materials,15,Materials,15100000,EQUITY,ASXListedCompanies.csv
FL1,FL1.AX,FIRST LITHIUM LIMITED,Materials,,2026-02-07T16:49:57Z,2026-02-08 00:49 AWST,Materials,15,Materials,15100000,EQUITY,ASXListedCompanies.csv
FLC,FLC.AX,FLUENCE CORPORATION LIMITED,Utilities,,2026-02-07T16:49:57Z,2026-02-08 00:49 AWST,Utilities,55,Utilities,55100000,EQUITY,ASXListedCompanies.csv
FLG,FLG.AX,FLAGSHIP MINERALS LIMITED,Materials,,2026-02-07T16:49:57Z,2026-02-08 00:49 AWST,Materials,15,Materials,15100000,EQUITY,ASXListedCompanies.csv
FLN,FLN.AX,FREELANCER LIMITED,Commercial & Professional Services,,2026-02-07T16:49:57Z,2026-02-08 00:49 AWST,Industrials,20,Commercial & Professional Services,20200000,EQUITY,ASXListedCompanies.csv
FLOT,FLOT.AX,VanEck Australian Floating Rate ETF,ETF/ETP,Spotlight ETP List,2026-02-07T16:49:57Z,2026-02-08 00:49 AWST,,,,,ETF_ETP,ASX Investment Products Monthly Report
FLT,FLT.AX,FLIGHT CENTRE TRAVEL GROUP LIMITED,Consumer Services,,2026-02-07T16:49:57Z,2026-02-08 00:49 AWST,Consumer Discretionary,25,Consumer Services,25300000,EQUITY,ASXListedCompanies.csv
FLX,FLX.AX,FELIX GROUP HOLDINGS LTD,Software & Services,,2026-02-07T16:49:57Z,2026-02-08 00:49 AWST,Information Technology,45,Software & Services,45100000,EQUITY,ASXListedCompanies.csv
FM1,FM1.AX,FIRSTMAC MORTGAGE FUNDING TRUST NO.4 SERIES 4-2019,Not Applic,,2026-02-07T16:49:57Z,2026-02-08 00:49 AWST,Not Applicable,00,Not Applic,00000000,EQUITY,ASXListedCompanies.csv
FM2,FM2.AX,FIRSTMAC MORTGAGE FUNDING TRUST NO.4 SERIES 2-2019,Not Applic,,2026-02-07T16:49:57Z,2026-02-08 00:49 AWST,Not Applicable,00,Not Applic,00000000,EQUITY,ASXListedCompanies.csv
FM3,FM3.AX,FIRSTMAC MORTGAGE FUNDING TRUST NO. 4 SERIES 1-2020,Not Applic,,2026-02-07T16:49:57Z,2026-02-08 00:49 AWST,Not Applicable,00,Not Applic,00000000,EQUITY,ASXListedCompanies.csv
FM5,FM5.AX,FIRSTMAC MORTGAGE FUNDING TRUST NO.4 SERIES 2-2020,Not Applic,,2026-02-07T16:49:57Z,2026-02-08 00:49 AWST,Not Applicable,00,Not Applic,00000000,EQUITY,ASXListedCompanies.csv
FME,FME.AX,FUTURE METALS NL,Energy,,2026-02-07T16:49:57Z,2026-02-08 00:49 AWST,Energy,10,Energy,10100000,EQUITY,ASXListedCompanies.csv
FMG,FMG.AX,FORTESCUE LTD,Materials,,2026-02-07T16:49:57Z,2026-02-08 00:49 AWST,Materials,15,Materials,15100000,EQUITY,ASXListedCompanies.csv
FML,FML.AX,FOCUS MINERALS LTD,Materials,,2026-02-07T16:49:57Z,2026-02-08 00:49 AWST,Materials,15,Materials,15100000,EQUITY,ASXListedCompanies.csv
FMR,FMR.AX,FMR RESOURCES LIMITED,Media & Entertainment,,2026-02-07T16:49:57Z,2026-02-08 00:49 AWST,Communication Services,50,Media & Entertainment,50200000,EQUITY,ASXListedCompanies.csv
FND,FND.AX,FINDI LIMITED,Software & Services,,2026-02-07T16:49:57Z,2026-02-08 00:49 AWST,Information Technology,45,Software & Services,45100000,EQUITY,ASXListedCompanies.csv
FNR,FNR.AX,FAR NORTHERN RESOURCES LIMITED,Materials,,2026-02-07T16:49:57Z,2026-02-08 00:49 AWST,Materials,15,Materials,15100000,EQUITY,ASXListedCompanies.csv
FNX,FNX.AX,FINEXIA FINANCIAL GROUP LIMITED,Financial Services,,2026-02-07T16:49:57Z,2026-02-08 00:49 AWST,Financials,40,Financial Services,40200000,EQUITY,ASXListedCompanies.csv
FOOD,FOOD.AX,Betashares Global Agriculture Companies ETF,ETF/ETP,Spotlight ETP List,2026-02-07T16:49:57Z,2026-02-08 00:49 AWST,,,,,ETF_ETP,ASX Investment Products Monthly Report
FOS,FOS.AX,FOS CAPITAL LTD,Capital Goods,,2026-02-07T16:49:57Z,2026-02-08 00:49 AWST,Industrials,20,Capital Goods,20100000,EQUITY,ASXListedCompanies.csv
FPC,FPC.AX,FAT PROPHETS GLOBAL CONTRARIAN FUND LTD,Not Applic,,2026-02-07T16:49:57Z,2026-02-08 00:49 AWST,Not Applicable,00,Not Applic,00000000,EQUITY,ASXListedCompanies.csv
FPH,FPH.AX,FISHER & PAYKEL HEALTHCARE CORPORATION LIMITED,Health Care Equipment & Services,,2026-02-07T16:49:57Z,2026-02-08 00:49 AWST,Health Care,35,Health Care Equipment & Services,35100000,EQUITY,ASXListedCompanies.csv
FPR,FPR.AX,FLEETPARTNERS GROUP LIMITED,Financial Services,,2026-02-07T16:49:57Z,2026-02-08 00:49 AWST,Financials,40,Financial Services,40200000,EQUITY,ASXListedCompanies.csv
FRAR,FRAR.AX,Franklin Australian Absolute Return Bond Fund – Active ETF,ETF/ETP,Spotlight ETP List,2026-02-07T16:49:57Z,2026-02-08 00:49 AWST,,,,,ETF_ETP,ASX Investment Products Monthly Report
FRB,FRB.AX,FIREBIRD METALS LIMITED,Materials,,2026-02-07T16:49:57Z,2026-02-08 00:49 AWST,Materials,15,Materials,15100000,EQUITY,ASXListedCompanies.csv
FRE,FRE.AX,FIREBRICK PHARMA LIMITED,"Pharmaceuticals, Biotechnology & Life Sciences",,2026-02-07T16:49:57Z,2026-02-08 00:49 AWST,Health Care,35,"Pharmaceuticals, Biotechnology & Life Sciences",35200000,EQUITY,ASXListedCompanies.csv
FRGG,FRGG.AX,Franklin Global Growth Fund – Active ETF,ETF/ETP,Spotlight ETP List,2026-02-07T16:49:57Z,2026-02-08 00:49 AWST,,,,,ETF_ETP,ASX Investment Products Monthly Report
FRI,FRI.AX,FINBAR GROUP LIMITED,Real Estate Management & Development,,2026-02-07T16:49:57Z,2026-02-08 00:49 AWST,Real Estate,60,Real Estate Management & Development,60200000,EQUITY,ASXListedCompanies.csv
FRM,FRM.AX,FARM PRIDE FOODS LIMITED,"Food, Beverage & Tobacco",,2026-02-07T16:49:57Z,2026-02-08 00:49 AWST,Consumer Staples,30,"Food, Beverage & Tobacco",30200000,EQUITY,ASXListedCompanies.csv
FRS,FRS.AX,FORRESTANIA RESOURCES LIMITED,Materials,,2026-02-07T16:49:57Z,2026-02-08 00:49 AWST,Materials,15,Materials,15100000,EQUITY,ASXListedCompanies.csv
FRW,FRW.AX,FREIGHTWAYS GROUP LIMITED,Transportation,,2026-02-07T16:49:57Z,2026-02-08 00:49 AWST,Industrials,20,Transportation,20300000,EQUITY,ASXListedCompanies.csv
FRX,FRX.AX,FLEXIROAM LIMITED,Telecommunication Services,,2026-02-07T16:49:57Z,2026-02-08 00:49 AWST,Communication Services,50,Telecommunication Services,50100000,EQUITY,ASXListedCompanies.csv
FSA,FSA.AX,FSA GROUP LIMITED,Financial Services,,2026-02-07T16:49:57Z,2026-02-08 00:49 AWST,Financials,40,Financial Services,40200000,EQUITY,ASXListedCompanies.csv
FSI,FSI.AX,FLAGSHIP INVESTMENTS LIMITED,Not Applic,,2026-02-07T16:49:57Z,2026-02-08 00:49 AWST,Not Applicable,00,Not Applic,00000000,EQUITY,ASXListedCompanies.csv
FSML,FSML.AX,Firetrail Australian Small Companies Fund – Active ETF,ETF/ETP,Spotlight ETP List,2026-02-07T16:49:57Z,2026-02-08 00:49 AWST,,,,,ETF_ETP,ASX Investment Products Monthly Report
FSUB,FSUB.AX,Vaneck Australian Fixed Rate Subordinated Debt ETF,ETF/ETP,Spotlight ETP List,2026-02-07T16:49:57Z,2026-02-08 00:49 AWST,,,,,ETF_ETP,ASX Investment Products Monthly Report
FTI,FTI.AX,FORTIFAI LTD,Media & Entertainment,,2026-02-07T16:49:57Z,2026-02-08 00:49 AWST,Communication Services,50,Media & Entertainment,50200000,EQUITY,ASXListedCompanies.csv
FUEL,FUEL.AX,Betashares Global Energy Companies Currency Hedged ETF,ETF/ETP,Spotlight ETP List,2026-02-07T16:49:57Z,2026-02-08 00:49 AWST,,,,,ETF_ETP,ASX Investment Products Monthly Report
FUL,FUL.AX,FULCRUM LITHIUM LTD,Materials,,2026-02-07T16:49:57Z,2026-02-08 00:49 AWST,Materials,15,Materials,15100000,EQUITY,ASXListedCompanies.csv
FUN,FUN.AX,FORTUNA METALS LTD,Materials,,2026-02-07T16:49:57Z,2026-02-08 00:49 AWST,Materials,15,Materials,15100000,EQUITY,ASXListedCompanies.csv
FUTR,FUTR.AX,Janus Henderson Global Sustainable Active ETF,ETF/ETP,Spotlight ETP List,2026-02-07T16:49:57Z,2026-02-08 00:49 AWST,,,,,ETF_ETP,ASX Investment Products Monthly Report
FWD,FWD.AX,FLEETWOOD LIMITED,Consumer Durables & Apparel,,2026-02-07T16:49:57Z,2026-02-08 00:49 AWST,Consumer Discretionary,25,Consumer Durables & Apparel,25200000,EQUITY,ASXListedCompanies.csv
FXG,FXG.AX,FELIX GOLD LIMITED,Materials,,2026-02-07T16:49:57Z,2026-02-08 00:49 AWST,Materials,15,Materials,15100000,EQUITY,ASXListedCompanies.csv
FZR,FZR.AX,FITZROY RIVER CORPORATION LTD,Energy,,2026-02-07T16:49:57Z,2026-02-08 00:49 AWST,Energy,10,Energy,10100000,EQUITY,ASXListedCompanies.csv
G11,G11.AX,G11 RESOURCES LIMITED,Materials,,2026-02-07T16:49:57Z,2026-02-08 00:49 AWST,Materials,15,Materials,15100000,EQUITY,ASXListedCompanies.csv
G1C,G1C.AX,GROUP ONE CAPITAL LIMITED,Real Estate Management & Development,,2026-02-07T16:49:57Z,2026-02-08 00:49 AWST,Real Estate,60,Real Estate Management & Development,60200000,EQUITY,ASXListedCompanies.csv
G200,G200.AX,Betashares Wealthbuilder Aus200 Geared Complex ETF,ETF/ETP,Spotlight ETP List,2026-02-07T16:49:57Z,2026-02-08 00:49 AWST,,,,,ETF_ETP,ASX Investment Products Monthly Report
G50,G50.AX,G50 CORP LIMITED,Materials,,2026-02-07T16:49:57Z,2026-02-08 00:49 AWST,Materials,15,Materials,15100000,EQUITY,ASXListedCompanies.csv
G6M,G6M.AX,GROUP 6 METALS LIMITED,Materials,,2026-02-07T16:49:57Z,2026-02-08 00:49 AWST,Materials,15,Materials,15100000,EQUITY,ASXListedCompanies.csv
G88,G88.AX,GOLDEN MILE RESOURCES LTD,Materials,,2026-02-07T16:49:57Z,2026-02-08 00:49 AWST,Materials,15,Materials,15100000,EQUITY,ASXListedCompanies.csv
GA8,GA8.AX,GOLDARC RESOURCES LIMITED,Materials,,2026-02-07T16:49:57Z,2026-02-08 00:49 AWST,Materials,15,Materials,15100000,EQUITY,ASXListedCompanies.csv
GAL,GAL.AX,GALILEO MINING LTD,Materials,,2026-02-07T16:49:57Z,2026-02-08 00:49 AWST,Materials,15,Materials,15100000,EQUITY,ASXListedCompanies.csv
GAME,GAME.AX,Betashares Video Games and Esports ETF,ETF/ETP,Spotlight ETP List,2026-02-07T16:49:57Z,2026-02-08 00:49 AWST,,,,,ETF_ETP,ASX Investment Products Monthly Report
GAP,GAP.AX,GALE PACIFIC LIMITED,Consumer Durables & Apparel,,2026-02-07T16:49:57Z,2026-02-08 00:49 AWST,Consumer Discretionary,25,Consumer Durables & Apparel,25200000,EQUITY,ASXListedCompanies.csv
GARP,GARP.AX,Global X S&P World ex Australia GARP ETF,ETF/ETP,Spotlight ETP List,2026-02-07T16:49:57Z,2026-02-08 00:49 AWST,,,,,ETF_ETP,ASX Investment Products Monthly Report
GAS,GAS.AX,STATE GAS LIMITED,Energy,,2026-02-07T16:49:57Z,2026-02-08 00:49 AWST,Energy,10,Energy,10100000,EQUITY,ASXListedCompanies.csv
GBE,GBE.AX,GLOBE METALS & MINING LIMITED,Materials,,2026-02-07T16:49:57Z,2026-02-08 00:49 AWST,Materials,15,Materials,15100000,EQUITY,ASXListedCompanies.csv
GBM,GBM.AX,GBM RESOURCES LIMITED.,Materials,,2026-02-07T16:49:57Z,2026-02-08 00:49 AWST,Materials,15,Materials,15100000,EQUITY,ASXListedCompanies.csv
GBND,GBND.AX,Betashares Sustainability leaders Diversified Bond ETF - Currency Hedged,ETF/ETP,Spotlight ETP List,2026-02-07T16:49:57Z,2026-02-08 00:49 AWST,,,,,ETF_ETP,ASX Investment Products Monthly Report
GBR,GBR.AX,GREAT BOULDER RESOURCES LIMITED,Materials,,2026-02-07T16:49:57Z,2026-02-08 00:49 AWST,Materials,15,Materials,15100000,EQUITY,ASXListedCompanies.csv
GC1,GC1.AX,GLENNON SMALL COMPANIES LIMITED,Not Applic,,2026-02-07T16:49:57Z,2026-02-08 00:49 AWST,Not Applicable,00,Not Applic,00000000,EQUITY,ASXListedCompanies.csv
GCAP,GCAP.AX,VanEck Bentham Global Capital Securities Active ETF,ETF/ETP,Spotlight ETP List,2026-02-07T16:49:57Z,2026-02-08 00:49 AWST,,,,,ETF_ETP,ASX Investment Products Monthly Report
GCI,GCI.AX,GRYPHON CAPITAL INCOME TRUST,Not Applic,,2026-02-07T16:49:57Z,2026-02-08 00:49 AWST,Not Applicable,00,Not Applic,00000000,EQUITY,ASXListedCompanies.csv
GCM,GCM.AX,GCM CORPORATION LIMITED,Materials,,2026-02-07T16:49:57Z,2026-02-08 00:49 AWST,Materials,15,Materials,15100000,EQUITY,ASXListedCompanies.csv
GCQF,GCQF.AX,GCQ Global Equities Complex ETF,ETF/ETP,Spotlight ETP List,2026-02-07T16:49:57Z,2026-02-08 00:49 AWST,,,,,ETF_ETP,ASX Investment Products Monthly Report
GCR,GCR.AX,GOLDEN CROSS RESOURCES LTD,Materials,,2026-02-07T16:49:57Z,2026-02-08 00:49 AWST,Materials,15,Materials,15100000,EQUITY,ASXListedCompanies.csv
GDF,GDF.AX,GARDA PROPERTY GROUP,Equity Real Estate Investment Trusts (REITs),,2026-02-07T16:49:57Z,2026-02-08 00:49 AWST,Real Estate,60,Equity Real Estate Investment Trusts (REITs),60100000,EQUITY,ASXListedCompanies.csv
GDG,GDG.AX,GENERATION DEVELOPMENT GROUP LIMITED,Insurance,,2026-02-07T16:49:57Z,2026-02-08 00:49 AWST,Financials,40,Insurance,40300000,EQUITY,ASXListedCompanies.csv
GDI,GDI.AX,GDI PROPERTY GROUP,Equity Real Estate Investment Trusts (REITs),,2026-02-07T16:49:57Z,2026-02-08 00:49 AWST,Real Estate,60,Equity Real Estate Investment Trusts (REITs),60100000,EQUITY,ASXListedCompanies.csv
GDM,GDM.AX,GREAT DIVIDE MINING LTD,Materials,,2026-02-07T16:49:57Z,2026-02-08 00:49 AWST,Materials,15,Materials,15100000,EQUITY,ASXListedCompanies.csv
GDR,GDR.AX,GOLDEN DRAGON MINING LTD,Materials,,2026-02-07T16:49:57Z,2026-02-08 00:49 AWST,Materials,15,Materials,15100000,EQUITY,ASXListedCompanies.csv
GDX,GDX.AX,VanEck Gold Miners ETF,ETF/ETP,Spotlight ETP List,2026-02-07T16:49:57Z,2026-02-08 00:49 AWST,,,,,ETF_ETP,ASX Investment Products Monthly Report
GEAR,GEAR.AX,Betashares Geared Australian Equities Complex ETF,ETF/ETP,Spotlight ETP List,2026-02-07T16:49:57Z,2026-02-08 00:49 AWST,,,,,ETF_ETP,ASX Investment Products Monthly Report
GED,GED.AX,GOLDEN DEEPS LIMITED.,Materials,,2026-02-07T16:49:57Z,2026-02-08 00:49 AWST,Materials,15,Materials,15100000,EQUITY,ASXListedCompanies.csv
GEM,GEM.AX,G8 EDUCATION LIMITED,Consumer Services,,2026-02-07T16:49:57Z,2026-02-08 00:49 AWST,Consumer Discretionary,25,Consumer Services,25300000,EQUITY,ASXListedCompanies.csv
GEN,GEN.AX,GENMIN LIMITED,Materials,,2026-02-07T16:49:57Z,2026-02-08 00:49 AWST,Materials,15,Materials,15100000,EQUITY,ASXListedCompanies.csv
GES,GES.AX,GENESIS RESOURCES LIMITED,Materials,,2026-02-07T16:49:57Z,2026-02-08 00:49 AWST,Materials,15,Materials,15100000,EQUITY,ASXListedCompanies.csv
GFL,GFL.AX,GLOBAL MASTERS FUND LIMITED,Not Applic,,2026-02-07T16:49:57Z,2026-02-08 00:49 AWST,Not Applicable,00,Not Applic,00000000,EQUITY,ASXListedCompanies.csv
GG1,GG1.AX,GREEN & GOLD MINERALS LIMITED,Materials,,2026-02-07T16:49:57Z,2026-02-08 00:49 AWST,Materials,15,Materials,15100000,EQUITY,ASXListedCompanies.csv
GG8,GG8.AX,GORILLA GOLD MINES LTD,Materials,,2026-02-07T16:49:57Z,2026-02-08 00:49 AWST,Materials,15,Materials,15100000,EQUITY,ASXListedCompanies.csv
GGAB,GGAB.AX,Betashares Geared Long Australian Government Bond Complex ETF,ETF/ETP,Spotlight ETP List,2026-02-07T16:49:57Z,2026-02-08 00:49 AWST,,,,,ETF_ETP,ASX Investment Products Monthly Report
GGBL,GGBL.AX,Betashares WealthBuilder Global Geared Complex ETF,ETF/ETP,Spotlight ETP List,2026-02-07T16:49:57Z,2026-02-08 00:49 AWST,,,,,ETF_ETP,ASX Investment Products Monthly Report
GGE,GGE.AX,GRAND GULF ENERGY LIMITED,Energy,,2026-02-07T16:49:57Z,2026-02-08 00:49 AWST,Energy,10,Energy,10100000,EQUITY,ASXListedCompanies.csv
GGFD,GGFD.AX,Geared Long US Treasury Bond Currency Hedged Complex ETF,ETF/ETP,Spotlight ETP List,2026-02-07T16:49:57Z,2026-02-08 00:49 AWST,,,,,ETF_ETP,ASX Investment Products Monthly Report
GGOV,GGOV.AX,Betashares U.S. Treasury Bond20+ Year ETF - Currency Hedged,ETF/ETP,Spotlight ETP List,2026-02-07T16:49:57Z,2026-02-08 00:49 AWST,,,,,ETF_ETP,ASX Investment Products Monthly Report
GGP,GGP.AX,GREATLAND RESOURCES LIMITED,Materials,,2026-02-07T16:49:57Z,2026-02-08 00:49 AWST,Materials,15,Materials,15100000,EQUITY,ASXListedCompanies.csv
GGR,GGR.AX,GOLDEN GLOBE RESOURCES LTD.,Materials,,2026-02-07T16:49:57Z,2026-02-08 00:49 AWST,Materials,15,Materials,15100000,EQUITY,ASXListedCompanies.csv
GGUS,GGUS.AX,Betashares Geared US Equities Currency Hedged Complex ETF,ETF/ETP,Spotlight ETP List,2026-02-07T16:49:57Z,2026-02-08 00:49 AWST,,,,,ETF_ETP,ASX Investment Products Monthly Report
GHHF,GHHF.AX,Betashares Wealthbuilder All Gr Geared Complex ETF,ETF/ETP,Spotlight ETP List,2026-02-07T16:49:57Z,2026-02-08 00:49 AWST,,,,,ETF_ETP,ASX Investment Products Monthly Report
GHIF,GHIF.AX,Ausbil Global Essential Infrastructure Fund (Hedged) – Active ETF,ETF/ETP,Spotlight ETP List,2026-02-07T16:49:57Z,2026-02-08 00:49 AWST,,,,,ETF_ETP,ASX Investment Products Monthly Report
GHLD,GHLD.AX,Global X Gold Bullion (Currency Hedged) ETF,ETF/ETP,Spotlight ETP List,2026-02-07T16:49:57Z,2026-02-08 00:49 AWST,,,,,ETF_ETP,ASX Investment Products Monthly Report
GHM,GHM.AX,GOLDEN HORSE MINERALS LIMITED,Materials,,2026-02-07T16:49:57Z,2026-02-08 00:49 AWST,Materials,15,Materials,15100000,EQUITY,ASXListedCompanies.csv
GHY,GHY.AX,GOLD HYDROGEN LIMITED,Energy,,2026-02-07T16:49:57Z,2026-02-08 00:49 AWST,Energy,10,Energy,10100000,EQUITY,ASXListedCompanies.csv
GIB,GIB.AX,GIBB RIVER DIAMONDS LIMITED,Materials,,2026-02-07T16:49:57Z,2026-02-08 00:49 AWST,Materials,15,Materials,15100000,EQUITY,ASXListedCompanies.csv
GIVE,GIVE.AX,Perpetual ESG Australian Share Active ETF,ETF/ETP,Spotlight ETP List,2026-02-07T16:49:57Z,2026-02-08 00:49 AWST,,,,,ETF_ETP,ASX Investment Products Monthly Report
GL1,GL1.AX,GLOBAL LITHIUM RESOURCES LIMITED,Materials,,2026-02-07T16:49:57Z,2026-02-08 00:49 AWST,Materials,15,Materials,15100000,EQUITY,ASXListedCompanies.csv
GLB,GLB.AX,GLOBE INTERNATIONAL LIMITED,Consumer Durables & Apparel,,2026-02-07T16:49:57Z,2026-02-08 00:49 AWST,Consumer Discretionary,25,Consumer Durables & Apparel,25200000,EQUITY,ASXListedCompanies.csv
GLDN,GLDN.AX,iShares Physical Gold ETF,ETF/ETP,Spotlight ETP List,2026-02-07T16:49:57Z,2026-02-08 00:49 AWST,,,,,ETF_ETP,ASX Investment Products Monthly Report
GLE,GLE.AX,GLG CORP LTD,Consumer Durables & Apparel,,2026-02-07T16:49:57Z,2026-02-08 00:49 AWST,Consumer Discretionary,25,Consumer Durables & Apparel,25200000,EQUITY,ASXListedCompanies.csv
GLF,GLF.AX,GEMLIFE COMMUNITIES GROUP,Real Estate Management & Development,,2026-02-07T16:49:57Z,2026-02-08 00:49 AWST,Real Estate,60,Real Estate Management & Development,60200000,EQUITY,ASXListedCompanies.csv
GLH,GLH.AX,GLOBAL HEALTH LIMITED,Health Care Equipment & Services,,2026-02-07T16:49:57Z,2026-02-08 00:49 AWST,Health Care,35,Health Care Equipment & Services,35100000,EQUITY,ASXListedCompanies.csv
GLIN,GLIN.AX,iShares Core FTSE Global Infrastructure (AUD Hedged) ETF,ETF/ETP,Spotlight ETP List,2026-02-07T16:49:57Z,2026-02-08 00:49 AWST,,,,,ETF_ETP,ASX Investment Products Monthly Report
GLL,GLL.AX,GALILEE ENERGY LIMITED,Energy,,2026-02-07T16:49:57Z,2026-02-08 00:49 AWST,Energy,10,Energy,10100000,EQUITY,ASXListedCompanies.csv
GLN,GLN.AX,GALAN LITHIUM LIMITED,Materials,,2026-02-07T16:49:57Z,2026-02-08 00:49 AWST,Materials,15,Materials,15100000,EQUITY,ASXListedCompanies.csv
GLOB,GLOB.AX,Barrow Hanley Global Share Active ETF,ETF/ETP,Spotlight ETP List,2026-02-07T16:49:57Z,2026-02-08 00:49 AWST,,,,,ETF_ETP,ASX Investment Products Monthly Report
GLPR,GLPR.AX,iShares Core FTSE Global Property Ex Australia (AUD Hedged) ETF,ETF/ETP,Spotlight ETP List,2026-02-07T16:49:57Z,2026-02-08 00:49 AWST,,,,,ETF_ETP,ASX Investment Products Monthly Report
GLS,GLS.AX,L1 GLOBAL LONG SHORT FUND LIMITED,Not Applic,,2026-02-07T16:49:57Z,2026-02-08 00:49 AWST,Not Applicable,00,Not Applic,00000000,EQUITY,ASXListedCompanies.csv
GMD,GMD.AX,GENESIS MINERALS LIMITED,Materials,,2026-02-07T16:49:57Z,2026-02-08 00:49 AWST,Materials,15,Materials,15100000,EQUITY,ASXListedCompanies.csv
GMG,GMG.AX,GOODMAN GROUP,Equity Real Estate Investment Trusts (REITs),,2026-02-07T16:49:57Z,2026-02-08 00:49 AWST,Real Estate,60,Equity Real Estate Investment Trusts (REITs),60100000,EQUITY,ASXListedCompanies.csv
GML,GML.AX,GATEWAY MINING LIMITED,Materials,,2026-02-07T16:49:57Z,2026-02-08 00:49 AWST,Materials,15,Materials,15100000,EQUITY,ASXListedCompanies.csv
GMN,GMN.AX,GOLD MOUNTAIN LIMITED,Materials,,2026-02-07T16:49:57Z,2026-02-08 00:49 AWST,Materials,15,Materials,15100000,EQUITY,ASXListedCompanies.csv
GMTL,GMTL.AX,Global X Green Metal Miners ETF,ETF/ETP,Spotlight ETP List,2026-02-07T16:49:57Z,2026-02-08 00:49 AWST,,,,,ETF_ETP,ASX Investment Products Monthly Report
GMVW,GMVW.AX,VanEck Geared Australian Equal Weight Complex ETF,ETF/ETP,Spotlight ETP List,2026-02-07T16:49:57Z,2026-02-08 00:49 AWST,,,,,ETF_ETP,ASX Investment Products Monthly Report
GNC,GNC.AX,GRAINCORP LIMITED,Consumer Staples Distribution & Retail,,2026-02-07T16:49:57Z,2026-02-08 00:49 AWST,Consumer Staples,30,Consumer Staples Distribution & Retail,30100000,EQUITY,ASXListedCompanies.csv
GNDQ,GNDQ.AX,Betashares Wealth Builder Nasdaq 100 Geared (30-40% LVR) Complex ETF,ETF/ETP,Spotlight ETP List,2026-02-07T16:49:57Z,2026-02-08 00:49 AWST,,,,,ETF_ETP,ASX Investment Products Monthly Report
GNE,GNE.AX,GENESIS ENERGY LIMITED,Utilities,,2026-02-07T16:49:57Z,2026-02-08 00:49 AWST,Utilities,55,Utilities,55100000,EQUITY,ASXListedCompanies.csv
GNG,GNG.AX,GR ENGINEERING SERVICES LIMITED,Materials,,2026-02-07T16:49:57Z,2026-02-08 00:49 AWST,Materials,15,Materials,15100000,EQUITY,ASXListedCompanies.csv
GNM,GNM.AX,GREAT NORTHERN MINERALS LIMITED,Materials,,2026-02-07T16:49:57Z,2026-02-08 00:49 AWST,Materials,15,Materials,15100000,EQUITY,ASXListedCompanies.csv
GNP,GNP.AX,GENUSPLUS GROUP LTD,Capital Goods,,2026-02-07T16:49:57Z,2026-02-08 00:49 AWST,Industrials,20,Capital Goods,20100000,EQUITY,ASXListedCompanies.csv
GOAT,GOAT.AX,VanEck Morningstar International Wide Moat ETF,ETF/ETP,Spotlight ETP List,2026-02-07T16:49:57Z,2026-02-08 00:49 AWST,,,,,ETF_ETP,ASX Investment Products Monthly Report
GOLD,GOLD.AX,Global X Physical Gold,ETF/ETP,Spotlight ETP List,2026-02-07T16:49:57Z,2026-02-08 00:49 AWST,,,,,ETF_ETP,ASX Investment Products Monthly Report
GOOD,GOOD.AX,Janus Henderson Sustainable Credit Active ETF,ETF/ETP,Spotlight ETP List,2026-02-07T16:49:57Z,2026-02-08 00:49 AWST,,,,,ETF_ETP,ASX Investment Products Monthly Report
GOVT,GOVT.AX,SPDR S&P/ASX Australian Government Bond ETF,ETF/ETP,Spotlight ETP List,2026-02-07T16:49:57Z,2026-02-08 00:49 AWST,,,,,ETF_ETP,ASX Investment Products Monthly Report
GOW,GOW.AX,GOWING BROS LIMITED,Financial Services,,2026-02-07T16:49:57Z,2026-02-08 00:49 AWST,Financials,40,Financial Services,40200000,EQUITY,ASXListedCompanies.csv
GOZ,GOZ.AX,GROWTHPOINT PROPERTIES AUSTRALIA,Equity Real Estate Investment Trusts (REITs),,2026-02-07T16:49:57Z,2026-02-08 00:49 AWST,Real Estate,60,Equity Real Estate Investment Trusts (REITs),60100000,EQUITY,ASXListedCompanies.csv
GPEQ,GPEQ.AX,VanEck Global Listed Private Equity ETF,ETF/ETP,Spotlight ETP List,2026-02-07T16:49:57Z,2026-02-08 00:49 AWST,,,,,ETF_ETP,ASX Investment Products Monthly Report
GPR,GPR.AX,GEOPACIFIC RESOURCES LTD,Materials,,2026-02-07T16:49:57Z,2026-02-08 00:49 AWST,Materials,15,Materials,15100000,EQUITY,ASXListedCompanies.csv
GPT,GPT.AX,GPT GROUP,Equity Real Estate Investment Trusts (REITs),,2026-02-07T16:49:57Z,2026-02-08 00:49 AWST,Real Estate,60,Equity Real Estate Investment Trusts (REITs),60100000,EQUITY,ASXListedCompanies.csv
GQG,GQG.AX,GQG PARTNERS INC.,Financial Services,,2026-02-07T16:49:57Z,2026-02-08 00:49 AWST,Financials,40,Financial Services,40200000,EQUITY,ASXListedCompanies.csv
GR8,GR8.AX,GREAT DIRT RESOURCES LTD,Materials,,2026-02-07T16:49:57Z,2026-02-08 00:49 AWST,Materials,15,Materials,15100000,EQUITY,ASXListedCompanies.csv
GRE,GRE.AX,GREENTECH METALS LIMITED,Materials,,2026-02-07T16:49:57Z,2026-02-08 00:49 AWST,Materials,15,Materials,15100000,EQUITY,ASXListedCompanies.csv
GRIN,GRIN.AX,VanEck India Growth Leaders ETF,ETF/ETP,Spotlight ETP List,2026-02-07T16:49:57Z,2026-02-08 00:49 AWST,,,,,ETF_ETP,ASX Investment Products Monthly Report
GRL,GRL.AX,GODOLPHIN RESOURCES LIMITED,Materials,,2026-02-07T16:49:57Z,2026-02-08 00:49 AWST,Materials,15,Materials,15100000,EQUITY,ASXListedCompanies.csv
GRNV,GRNV.AX,VanEck MSCI Australian Sustainable Equity ETF,ETF/ETP,Spotlight ETP List,2026-02-07T16:49:57Z,2026-02-08 00:49 AWST,,,,,ETF_ETP,ASX Investment Products Monthly Report
GROW,GROW.AX,Schroder Real Return Active ETF,ETF/ETP,Spotlight ETP List,2026-02-07T16:49:57Z,2026-02-08 00:49 AWST,,,,,ETF_ETP,ASX Investment Products Monthly Report
GRPA,GRPA.AX,Global X S&P Australia GARP ETF,ETF/ETP,Spotlight ETP List,2026-02-07T16:49:57Z,2026-02-08 00:49 AWST,,,,,ETF_ETP,ASX Investment Products Monthly Report
GRR,GRR.AX,GRANGE RESOURCES LIMITED.,Materials,,2026-02-07T16:49:57Z,2026-02-08 00:49 AWST,Materials,15,Materials,15100000,EQUITY,ASXListedCompanies.csv
GRV,GRV.AX,GREENVALE ENERGY LTD,Energy,,2026-02-07T16:49:57Z,2026-02-08 00:49 AWST,Energy,10,Energy,10100000,EQUITY,ASXListedCompanies.csv
GRX,GRX.AX,GREENX METALS LIMITED,Materials,,2026-02-07T16:49:57Z,2026-02-08 00:49 AWST,Materials,15,Materials,15100000,EQUITY,ASXListedCompanies.csv
GSCF,GSCF.AX,Ausbil Global SmallCap Fund – Active ETF,ETF/ETP,Spotlight ETP List,2026-02-07T16:49:57Z,2026-02-08 00:49 AWST,,,,,ETF_ETP,ASX Investment Products Monthly Report
GSM,GSM.AX,GOLDEN STATE MINING LIMITED,Materials,,2026-02-07T16:49:57Z,2026-02-08 00:49 AWST,Materials,15,Materials,15100000,EQUITY,ASXListedCompanies.csv
GSN,GSN.AX,GREAT SOUTHERN MINING LIMITED,Materials,,2026-02-07T16:49:57Z,2026-02-08 00:49 AWST,Materials,15,Materials,15100000,EQUITY,ASXListedCompanies.csv
GSS,GSS.AX,GENETIC SIGNATURES LIMITED,"Pharmaceuticals, Biotechnology & Life Sciences",,2026-02-07T16:49:57Z,2026-02-08 00:49 AWST,Health Care,35,"Pharmaceuticals, Biotechnology & Life Sciences",35200000,EQUITY,ASXListedCompanies.csv
GSUS,GSUS.AX,Candriam Sustainable Global Equity Fund – Active ETF,ETF/ETP,Spotlight ETP List,2026-02-07T16:49:57Z,2026-02-08 00:49 AWST,,,,,ETF_ETP,ASX Investment Products Monthly Report
GT1,GT1.AX,GREEN TECHNOLOGY METALS LIMITED,Materials,,2026-02-07T16:49:57Z,2026-02-08 00:49 AWST,Materials,15,Materials,15100000,EQUITY,ASXListedCompanies.csv
GT3,GT3.AX,GREEN360 TECHNOLOGIES LIMITED,Materials,,2026-02-07T16:49:57Z,2026-02-08 00:49 AWST,Materials,15,Materials,15100000,EQUITY,ASXListedCompanies.csv
GTE,GTE.AX,GREAT WESTERN EXPLORATION LIMITED.,Materials,,2026-02-07T16:49:57Z,2026-02-08 00:49 AWST,Materials,15,Materials,15100000,EQUITY,ASXListedCompanies.csv
GTG,GTG.AX,GENETIC TECHNOLOGIES LIMITED,"Pharmaceuticals, Biotechnology & Life Sciences",,2026-02-07T16:49:57Z,2026-02-08 00:49 AWST,Health Care,35,"Pharmaceuticals, Biotechnology & Life Sciences",35200000,EQUITY,ASXListedCompanies.csv
GTI,GTI.AX,GRATIFII LIMITED,Software & Services,,2026-02-07T16:49:57Z,2026-02-08 00:49 AWST,Information Technology,45,Software & Services,45100000,EQUITY,ASXListedCompanies.csv
GTK,GTK.AX,GENTRACK GROUP LIMITED,Software & Services,,2026-02-07T16:49:57Z,2026-02-08 00:49 AWST,Information Technology,45,Software & Services,45100000,EQUITY,ASXListedCompanies.csv
GTN,GTN.AX,GTN LIMITED,Media & Entertainment,,2026-02-07T16:49:57Z,2026-02-08 00:49 AWST,Communication Services,50,Media & Entertainment,50200000,EQUITY,ASXListedCompanies.csv
GUE,GUE.AX,GLOBAL URANIUM AND ENRICHMENT LTD,Materials,,2026-02-07T16:49:57Z,2026-02-08 00:49 AWST,Materials,15,Materials,15100000,EQUITY,ASXListedCompanies.csv
GUL,GUL.AX,GULLEWA LIMITED,Materials,,2026-02-07T16:49:57Z,2026-02-08 00:49 AWST,Materials,15,Materials,15100000,EQUITY,ASXListedCompanies.csv
GUM,GUM.AX,GUMTREE AUSTRALIA MARKETS LIMITED,Media & Entertainment,,2026-02-07T16:49:57Z,2026-02-08 00:49 AWST,Communication Services,50,Media & Entertainment,50200000,EQUITY,ASXListedCompanies.csv
GVF,GVF.AX,STAUDE CAPITAL GLOBAL VALUE FUND LIMITED,Not Applic,,2026-02-07T16:49:57Z,2026-02-08 00:49 AWST,Not Applicable,00,Not Applic,00000000,EQUITY,ASXListedCompanies.csv
GW1,GW1.AX,GREENWING RESOURCES LTD,Materials,,2026-02-07T16:49:57Z,2026-02-08 00:49 AWST,Materials,15,Materials,15100000,EQUITY,ASXListedCompanies.csv
GWA,GWA.AX,GWA GROUP LIMITED.,Capital Goods,,2026-02-07T16:49:57Z,2026-02-08 00:49 AWST,Industrials,20,Capital Goods,20100000,EQUITY,ASXListedCompanies.csv
GWR,GWR.AX,GWR GROUP LIMITED,Materials,,2026-02-07T16:49:57Z,2026-02-08 00:49 AWST,Materials,15,Materials,15100000,EQUITY,ASXListedCompanies.csv
GWTH,GWTH.AX,VanEck MSCI International Growth ETF,ETF/ETP,Spotlight ETP List,2026-02-07T16:49:57Z,2026-02-08 00:49 AWST,,,,,ETF_ETP,ASX Investment Products Monthly Report
GXAI,GXAI.AX,Global X Artificial Intelligence ETF,ETF/ETP,Spotlight ETP List,2026-02-07T16:49:57Z,2026-02-08 00:49 AWST,,,,,ETF_ETP,ASX Investment Products Monthly Report
GXLD,GXLD.AX,Global X Gold Bullion ETF,ETF/ETP,Spotlight ETP List,2026-02-07T16:49:57Z,2026-02-08 00:49 AWST,,,,,ETF_ETP,ASX Investment Products Monthly Report
GYG,GYG.AX,GUZMAN Y GOMEZ LIMITED,Consumer Services,,2026-02-07T16:49:57Z,2026-02-08 00:49 AWST,Consumer Discretionary,25,Consumer Services,25300000,EQUITY,ASXListedCompanies.csv
H100,H100.AX,Betashares FTSE 100 Currency Hedged ETF,ETF/ETP,Spotlight ETP List,2026-02-07T16:49:57Z,2026-02-08 00:49 AWST,,,,,ETF_ETP,ASX Investment Products Monthly Report
H2G,H2G.AX,GREENHY2 LIMITED,Commercial & Professional Services,,2026-02-07T16:49:57Z,2026-02-08 00:49 AWST,Industrials,20,Commercial & Professional Services,20200000,EQUITY,ASXListedCompanies.csv
H3E,H3E.AX,H3 ENERGY LIMITED,Energy,,2026-02-07T16:49:57Z,2026-02-08 00:49 AWST,Energy,10,Energy,10100000,EQUITY,ASXListedCompanies.csv
HACK,HACK.AX,Betashares Global Cybersecurity ETF,ETF/ETP,Spotlight ETP List,2026-02-07T16:49:57Z,2026-02-08 00:49 AWST,,,,,ETF_ETP,ASX Investment Products Monthly Report
HAL,HAL.AX,HALO TECHNOLOGIES HOLDINGS LTD,Financial Services,,2026-02-07T16:49:57Z,2026-02-08 00:49 AWST,Financials,40,Financial Services,40200000,EQUITY,ASXListedCompanies.csv
HAR,HAR.AX,HARANGA RESOURCES LIMITED.,Materials,,2026-02-07T16:49:57Z,2026-02-08 00:49 AWST,Materials,15,Materials,15100000,EQUITY,ASXListedCompanies.csv
HAS,HAS.AX,HASTINGS TECHNOLOGY METALS LTD,Materials,,2026-02-07T16:49:57Z,2026-02-08 00:49 AWST,Materials,15,Materials,15100000,EQUITY,ASXListedCompanies.csv
HAV,HAV.AX,HAVILAH RESOURCES LIMITED,Materials,,2026-02-07T16:49:57Z,2026-02-08 00:49 AWST,Materials,15,Materials,15100000,EQUITY,ASXListedCompanies.csv
HAW,HAW.AX,HAWTHORN RESOURCES LIMITED,Materials,,2026-02-07T16:49:57Z,2026-02-08 00:49 AWST,Materials,15,Materials,15100000,EQUITY,ASXListedCompanies.csv
HBRD,HBRD.AX,BetaShares Australian Hybrids Active ETF,ETF/ETP,Spotlight ETP List,2026-02-07T16:49:57Z,2026-02-08 00:49 AWST,,,,,ETF_ETP,ASX Investment Products Monthly Report
HCD,HCD.AX,HYDROCARBON DYNAMICS LIMITED,Energy,,2026-02-07T16:49:57Z,2026-02-08 00:49 AWST,Energy,10,Energy,10100000,EQUITY,ASXListedCompanies.csv
HCF,HCF.AX,H&G HIGH CONVICTION LIMITED,Not Applic,,2026-02-07T16:49:57Z,2026-02-08 00:49 AWST,Not Applicable,00,Not Applic,00000000,EQUITY,ASXListedCompanies.csv
HCH,HCH.AX,HOT CHILI LIMITED,Materials,,2026-02-07T16:49:57Z,2026-02-08 00:49 AWST,Materials,15,Materials,15100000,EQUITY,ASXListedCompanies.csv
HCL,HCL.AX,HIGHCOM LIMITED,Capital Goods,,2026-02-07T16:49:57Z,2026-02-08 00:49 AWST,Industrials,20,Capital Goods,20100000,EQUITY,ASXListedCompanies.csv
HCRD,HCRD.AX,Betashares Interest Rate Hedged Australian Grade Corporate Bond ETF,ETF/ETP,Spotlight ETP List,2026-02-07T16:49:57Z,2026-02-08 00:49 AWST,,,,,ETF_ETP,ASX Investment Products Monthly Report
HCT,HCT.AX,HOLISTA COLLTECH LIMITED,Household & Personal Products,,2026-02-07T16:49:57Z,2026-02-08 00:49 AWST,Consumer Staples,30,Household & Personal Products,30300000,EQUITY,ASXListedCompanies.csv
HCW,HCW.AX,HEALTHCO HEALTHCARE AND WELLNESS REIT,Equity Real Estate Investment Trusts (REITs),,2026-02-07T16:49:57Z,2026-02-08 00:49 AWST,Real Estate,60,Equity Real Estate Investment Trusts (REITs),60100000,EQUITY,ASXListedCompanies.csv
HDN,HDN.AX,HOMECO DAILY NEEDS REIT,Equity Real Estate Investment Trusts (REITs),,2026-02-07T16:49:57Z,2026-02-08 00:49 AWST,Real Estate,60,Equity Real Estate Investment Trusts (REITs),60100000,EQUITY,ASXListedCompanies.csv
HE8,HE8.AX,HELIOS ENERGY LTD,Energy,,2026-02-07T16:49:57Z,2026-02-08 00:49 AWST,Energy,10,Energy,10100000,EQUITY,ASXListedCompanies.csv
HETH,HETH.AX,Betashares Global Sustainability Leaders ETF - Currency Hedged,ETF/ETP,Spotlight ETP List,2026-02-07T16:49:57Z,2026-02-08 00:49 AWST,,,,,ETF_ETP,ASX Investment Products Monthly Report
HEUR,HEUR.AX,Betashares Europe ETF - Currency Hedged,ETF/ETP,Spotlight ETP List,2026-02-07T16:49:57Z,2026-02-08 00:49 AWST,,,,,ETF_ETP,ASX Investment Products Monthly Report
HFR,HFR.AX,HIGHFIELD RESOURCES LIMITED,Materials,,2026-02-07T16:49:57Z,2026-02-08 00:49 AWST,Materials,15,Materials,15100000,EQUITY,ASXListedCompanies.csv
HFY,HFY.AX,HUBIFY LIMITED,Telecommunication Services,,2026-02-07T16:49:57Z,2026-02-08 00:49 AWST,Communication Services,50,Telecommunication Services,50100000,EQUITY,ASXListedCompanies.csv
HGBL,HGBL.AX,Betashares Global Shares Currency Hedged ETF,ETF/ETP,Spotlight ETP List,2026-02-07T16:49:57Z,2026-02-08 00:49 AWST,,,,,ETF_ETP,ASX Investment Products Monthly Report
HGEN,HGEN.AX,Global X Hydrogen ETF,ETF/ETP,Spotlight ETP List,2026-02-07T16:49:57Z,2026-02-08 00:49 AWST,,,,,ETF_ETP,ASX Investment Products Monthly Report
HGH,HGH.AX,HEARTLAND GROUP HOLDINGS LIMITED,Banks,,2026-02-07T16:49:57Z,2026-02-08 00:49 AWST,Financials,40,Banks,40100000,EQUITY,ASXListedCompanies.csv
HGO,HGO.AX,HILLGROVE RESOURCES LIMITED,Materials,,2026-02-07T16:49:57Z,2026-02-08 00:49 AWST,Materials,15,Materials,15100000,EQUITY,ASXListedCompanies.csv
HHIF,HHIF.AX,Hejaz High Innovation Active ETF,ETF/ETP,Spotlight ETP List,2026-02-07T16:49:57Z,2026-02-08 00:49 AWST,,,,,ETF_ETP,ASX Investment Products Monthly Report
HHR,HHR.AX,HARTSHEAD RESOURCES NL,Energy,,2026-02-07T16:49:57Z,2026-02-08 00:49 AWST,Energy,10,Energy,10100000,EQUITY,ASXListedCompanies.csv
HIO,HIO.AX,HAWSONS IRON LTD,Materials,,2026-02-07T16:49:57Z,2026-02-08 00:49 AWST,Materials,15,Materials,15100000,EQUITY,ASXListedCompanies.csv
HIQ,HIQ.AX,HITIQ LIMITED,Health Care Equipment & Services,,2026-02-07T16:49:57Z,2026-02-08 00:49 AWST,Health Care,35,Health Care Equipment & Services,35100000,EQUITY,ASXListedCompanies.csv
HIT,HIT.AX,HITECH GROUP AUSTRALIA LIMITED,Commercial & Professional Services,,2026-02-07T16:49:57Z,2026-02-08 00:49 AWST,Industrials,20,Commercial & Professional Services,20200000,EQUITY,ASXListedCompanies.csv
HJHI,HJHI.AX,Hejaz High Income Active ETF,ETF/ETP,Spotlight ETP List,2026-02-07T16:49:57Z,2026-02-08 00:49 AWST,,,,,ETF_ETP,ASX Investment Products Monthly Report
HJPN,HJPN.AX,Betashares Japan Currency Hedged ETF,ETF/ETP,Spotlight ETP List,2026-02-07T16:49:57Z,2026-02-08 00:49 AWST,,,,,ETF_ETP,ASX Investment Products Monthly Report
HJZP,HJZP.AX,Hejaz Property Fund Active ETF,ETF/ETP,Spotlight ETP List,2026-02-07T16:49:57Z,2026-02-08 00:49 AWST,,,,,ETF_ETP,ASX Investment Products Monthly Report
HLI,HLI.AX,HELIA GROUP LIMITED,Financial Services,,2026-02-07T16:49:57Z,2026-02-08 00:49 AWST,Financials,40,Financial Services,40200000,EQUITY,ASXListedCompanies.csv
HLO,HLO.AX,HELLOWORLD TRAVEL LIMITED,Consumer Services,,2026-02-07T16:49:57Z,2026-02-08 00:49 AWST,Consumer Discretionary,25,Consumer Services,25300000,EQUITY,ASXListedCompanies.csv
HLS,HLS.AX,HEALIUS LIMITED,Health Care Equipment & Services,,2026-02-07T16:49:57Z,2026-02-08 00:49 AWST,Health Care,35,Health Care Equipment & Services,35100000,EQUITY,ASXListedCompanies.csv
HLTH,HLTH.AX,VanEck Global Healthcare Leaders ETF,ETF/ETP,Spotlight ETP List,2026-02-07T16:49:57Z,2026-02-08 00:49 AWST,,,,,ETF_ETP,ASX Investment Products Monthly Report
HLX,HLX.AX,HELIX RESOURCES LIMITED,Materials,,2026-02-07T16:49:57Z,2026-02-08 00:49 AWST,Materials,15,Materials,15100000,EQUITY,ASXListedCompanies.csv
HM1,HM1.AX,HEARTS AND MINDS INVESTMENTS LIMITED,Not Applic,,2026-02-07T16:49:57Z,2026-02-08 00:49 AWST,Not Applicable,00,Not Applic,00000000,EQUITY,ASXListedCompanies.csv
HMC,HMC.AX,HMC CAPITAL LIMITED,Financial Services,,2026-02-07T16:49:57Z,2026-02-08 00:49 AWST,Financials,40,Financial Services,40200000,EQUITY,ASXListedCompanies.csv
HMD,HMD.AX,HERAMED LIMITED,Health Care Equipment & Services,,2026-02-07T16:49:57Z,2026-02-08 00:49 AWST,Health Care,35,Health Care Equipment & Services,35100000,EQUITY,ASXListedCompanies.csv
HMG,HMG.AX,HAMELIN GOLD LIMITED,Materials,,2026-02-07T16:49:57Z,2026-02-08 00:49 AWST,Materials,15,Materials,15100000,EQUITY,ASXListedCompanies.csv
HMI,HMI.AX,HIREMII LIMITED,Commercial & Professional Services,,2026-02-07T16:49:57Z,2026-02-08 00:49 AWST,Industrials,20,Commercial & Professional Services,20200000,EQUITY,ASXListedCompanies.csv
HMX,HMX.AX,HAMMER METALS LIMITED,Materials,,2026-02-07T16:49:57Z,2026-02-08 00:49 AWST,Materials,15,Materials,15100000,EQUITY,ASXListedCompanies.csv
HMY,HMY.AX,HARMONEY CORP LIMITED,Financial Services,,2026-02-07T16:49:57Z,2026-02-08 00:49 AWST,Financials,40,Financial Services,40200000,EQUITY,ASXListedCompanies.csv
HNDQ,HNDQ.AX,Betashares NASDAQ 100 ETF - Currency Hedged ETF,ETF/ETP,Spotlight ETP List,2026-02-07T16:49:57Z,2026-02-08 00:49 AWST,,,,,ETF_ETP,ASX Investment Products Monthly Report
HNG,HNG.AX,HANCOCK & GORE LTD,Capital Goods,,2026-02-07T16:49:57Z,2026-02-08 00:49 AWST,Industrials,20,Capital Goods,20100000,EQUITY,ASXListedCompanies.csv
HOR,HOR.AX,HORSESHOE METALS LIMITED,Materials,,2026-02-07T16:49:57Z,2026-02-08 00:49 AWST,Materials,15,Materials,15100000,EQUITY,ASXListedCompanies.csv
HPC,HPC.AX,THE HYDRATION PHARMACEUTICALS COMPANY LIMITED,Household & Personal Products,,2026-02-07T16:49:57Z,2026-02-08 00:49 AWST,Consumer Staples,30,Household & Personal Products,30300000,EQUITY,ASXListedCompanies.csv
HPG,HPG.AX,HIPAGES GROUP HOLDINGS LTD,Media & Entertainment,,2026-02-07T16:49:57Z,2026-02-08 00:49 AWST,Communication Services,50,Media & Entertainment,50200000,EQUITY,ASXListedCompanies.csv
HPR,HPR.AX,HIGH PEAK ROYALTIES LIMITED,Energy,,2026-02-07T16:49:57Z,2026-02-08 00:49 AWST,Energy,10,Energy,10100000,EQUITY,ASXListedCompanies.csv
HQLT,HQLT.AX,Betashares Global Quality Leaders ETF - Currency Hedged,ETF/ETP,Spotlight ETP List,2026-02-07T16:49:57Z,2026-02-08 00:49 AWST,,,,,ETF_ETP,ASX Investment Products Monthly Report
HQUS,HQUS.AX,Betashares S&P 500 Equal Weight Currency Hedged ETF,ETF/ETP,Spotlight ETP List,2026-02-07T16:49:57Z,2026-02-08 00:49 AWST,,,,,ETF_ETP,ASX Investment Products Monthly Report
HRE,HRE.AX,HEAVY RARE EARTHS LIMITED,Materials,,2026-02-07T16:49:57Z,2026-02-08 00:49 AWST,Materials,15,Materials,15100000,EQUITY,ASXListedCompanies.csv
HRN,HRN.AX,HORIZON GOLD LIMITED,Materials,,2026-02-07T16:49:57Z,2026-02-08 00:49 AWST,Materials,15,Materials,15100000,EQUITY,ASXListedCompanies.csv
HRZ,HRZ.AX,HORIZON MINERALS LIMITED,Materials,,2026-02-07T16:49:57Z,2026-02-08 00:49 AWST,Materials,15,Materials,15100000,EQUITY,ASXListedCompanies.csv
HSN,HSN.AX,HANSEN TECHNOLOGIES LIMITED,Software & Services,,2026-02-07T16:49:57Z,2026-02-08 00:49 AWST,Information Technology,45,Software & Services,45100000,EQUITY,ASXListedCompanies.csv
HT8,HT8.AX,HARRIS TECHNOLOGY GROUP LIMITED,Transportation,,2026-02-07T16:49:57Z,2026-02-08 00:49 AWST,Industrials,20,Transportation,20300000,EQUITY,ASXListedCompanies.csv
HTG,HTG.AX,HARVEST TECHNOLOGY GROUP LTD,Technology Hardware & Equipment,,2026-02-07T16:49:57Z,2026-02-08 00:49 AWST,Information Technology,45,Technology Hardware & Equipment,45200000,EQUITY,ASXListedCompanies.csv
HTM,HTM.AX,HIGH-TECH METALS LTD,Materials,,2026-02-07T16:49:57Z,2026-02-08 00:49 AWST,Materials,15,Materials,15100000,EQUITY,ASXListedCompanies.csv
HUB,HUB.AX,HUB24 LIMITED,Financial Services,,2026-02-07T16:49:57Z,2026-02-08 00:49 AWST,Financials,40,Financial Services,40200000,EQUITY,ASXListedCompanies.csv
HUGE,HUGE.AX,ETFS Magnificent 7+ ETF,ETF/ETP,Spotlight ETP List,2026-02-07T16:49:57Z,2026-02-08 00:49 AWST,,,,,ETF_ETP,ASX Investment Products Monthly Report
HUM,HUM.AX,HUMM GROUP LIMITED,Financial Services,,2026-02-07T16:49:57Z,2026-02-08 00:49 AWST,Financials,40,Financial Services,40200000,EQUITY,ASXListedCompanies.csv
HVLU,HVLU.AX,VanEck MSCI International Value (AUD Hedged) ETF,ETF/ETP,Spotlight ETP List,2026-02-07T16:49:57Z,2026-02-08 00:49 AWST,,,,,ETF_ETP,ASX Investment Products Monthly Report
HVN,HVN.AX,HARVEY NORMAN HOLDINGS LIMITED,Consumer Discretionary Distribution & Retail,,2026-02-07T16:49:57Z,2026-02-08 00:49 AWST,Consumer Discretionary,25,Consumer Discretionary Distribution & Retail,25500000,EQUITY,ASXListedCompanies.csv
HVST,HVST.AX,BetaShares Aus Dividend Harvester Active ETF,ETF/ETP,Spotlight ETP List,2026-02-07T16:49:57Z,2026-02-08 00:49 AWST,,,,,ETF_ETP,ASX Investment Products Monthly Report
HVY,HVY.AX,HEAVY MINERALS LIMITED,Materials,,2026-02-07T16:49:57Z,2026-02-08 00:49 AWST,Materials,15,Materials,15100000,EQUITY,ASXListedCompanies.csv
HWK,HWK.AX,HAWK RESOURCES LIMITED.,Materials,,2026-02-07T16:49:57Z,2026-02-08 00:49 AWST,Materials,15,Materials,15100000,EQUITY,ASXListedCompanies.csv
HXL,HXL.AX,HEXIMA LIMITED.,"Pharmaceuticals, Biotechnology & Life Sciences",,2026-02-07T16:49:57Z,2026-02-08 00:49 AWST,Health Care,35,"Pharmaceuticals, Biotechnology & Life Sciences",35200000,EQUITY,ASXListedCompanies.csv
HYD,HYD.AX,HYDRIX LIMITED,Technology Hardware & Equipment,,2026-02-07T16:49:57Z,2026-02-08 00:49 AWST,Information Technology,45,Technology Hardware & Equipment,45200000,EQUITY,ASXListedCompanies.csv
HYGG,HYGG.AX,Hyperion Global Growth Companies Fund - Active ETF,ETF/ETP,Spotlight ETP List,2026-02-07T16:49:57Z,2026-02-08 00:49 AWST,,,,,ETF_ETP,ASX Investment Products Monthly Report
HYLD,HYLD.AX,Betashares S&P Australian Shares High Yield ETF,ETF/ETP,Spotlight ETP List,2026-02-07T16:49:57Z,2026-02-08 00:49 AWST,,,,,ETF_ETP,ASX Investment Products Monthly Report
HYT,HYT.AX,HYTERRA LTD,Energy,,2026-02-07T16:49:57Z,2026-02-08 00:49 AWST,Energy,10,Energy,10100000,EQUITY,ASXListedCompanies.csv
HZN,HZN.AX,HORIZON OIL LIMITED,Energy,,2026-02-07T16:49:57Z,2026-02-08 00:49 AWST,Energy,10,Energy,10100000,EQUITY,ASXListedCompanies.csv
HZR,HZR.AX,HAZER GROUP LIMITED,Materials,,2026-02-07T16:49:57Z,2026-02-08 00:49 AWST,Materials,15,Materials,15100000,EQUITY,ASXListedCompanies.csv
I88,I88.AX,INFINI RESOURCES LIMITED,Materials,,2026-02-07T16:49:57Z,2026-02-08 00:49 AWST,Materials,15,Materials,15100000,EQUITY,ASXListedCompanies.csv
IAA,IAA.AX,iShares Asia 50 ETF,ETF/ETP,Spotlight ETP List,2026-02-07T16:49:57Z,2026-02-08 00:49 AWST,,,,,ETF_ETP,ASX Investment Products Monthly Report
IACT,IACT.AX,Ishares U.S. Factor Rotation Active ETF,ETF/ETP,Spotlight ETP List,2026-02-07T16:49:57Z,2026-02-08 00:49 AWST,,,,,ETF_ETP,ASX Investment Products Monthly Report
IAF,IAF.AX,iShares Core Composite Bond ETF,ETF/ETP,Spotlight ETP List,2026-02-07T16:49:57Z,2026-02-08 00:49 AWST,,,,,ETF_ETP,ASX Investment Products Monthly Report
IAG,IAG.AX,INSURANCE AUSTRALIA GROUP LIMITED,Insurance,,2026-02-07T16:49:57Z,2026-02-08 00:49 AWST,Financials,40,Insurance,40300000,EQUITY,ASXListedCompanies.csv
IAM,IAM.AX,INCOME ASSET MANAGEMENT GROUP LIMITED.,Financial Services,,2026-02-07T16:49:57Z,2026-02-08 00:49 AWST,Financials,40,Financial Services,40200000,EQUITY,ASXListedCompanies.csv
IBAL,IBAL.AX,iShares Balanced ESG ETF,ETF/ETP,Spotlight ETP List,2026-02-07T16:49:57Z,2026-02-08 00:49 AWST,,,,,ETF_ETP,ASX Investment Products Monthly Report
IBC,IBC.AX,IRONBARK BALANCED INCOME LIMITED,Not Applic,,2026-02-07T16:49:57Z,2026-02-08 00:49 AWST,Not Applicable,00,Not Applic,00000000,EQUITY,ASXListedCompanies.csv
IBIT,IBIT.AX,iShares Bitcoin ETF,ETF/ETP,Spotlight ETP List,2026-02-07T16:49:57Z,2026-02-08 00:49 AWST,,,,,ETF_ETP,ASX Investment Products Monthly Report
IBK,IBK.AX,INDUSTRIAL BANK OF KOREA.,Not Applic,,2026-02-07T16:49:57Z,2026-02-08 00:49 AWST,Not Applicable,00,Not Applic,00000000,EQUITY,ASXListedCompanies.csv
IBR,IBR.AX,IRON BEAR RESOURCES LTD,Materials,,2026-02-07T16:49:57Z,2026-02-08 00:49 AWST,Materials,15,Materials,15100000,EQUITY,ASXListedCompanies.csv
IBX,IBX.AX,IMAGION BIOSYSTEMS LIMITED,Health Care Equipment & Services,,2026-02-07T16:49:57Z,2026-02-08 00:49 AWST,Health Care,35,Health Care Equipment & Services,35100000,EQUITY,ASXListedCompanies.csv
ICE,ICE.AX,ICETANA LIMITED,Software & Services,,2026-02-07T16:49:57Z,2026-02-08 00:49 AWST,Information Technology,45,Software & Services,45100000,EQUITY,ASXListedCompanies.csv
ICI,ICI.AX,ICANDY INTERACTIVE LIMITED,Media & Entertainment,,2026-02-07T16:49:57Z,2026-02-08 00:49 AWST,Communication Services,50,Media & Entertainment,50200000,EQUITY,ASXListedCompanies.csv
ICL,ICL.AX,ICENI GOLD LIMITED,Materials,,2026-02-07T16:49:57Z,2026-02-08 00:49 AWST,Materials,15,Materials,15100000,EQUITY,ASXListedCompanies.csv
ICME,ICME.AX,iShares Credit Income Active ETF,ETF/ETP,Spotlight ETP List,2026-02-07T16:49:57Z,2026-02-08 00:49 AWST,,,,,ETF_ETP,ASX Investment Products Monthly Report
ICOR,ICOR.AX,iShares Core Corporate Bond ETF,ETF/ETP,Spotlight ETP List,2026-02-07T16:49:57Z,2026-02-08 00:49 AWST,,,,,ETF_ETP,ASX Investment Products Monthly Report
ICR,ICR.AX,INTELICARE HOLDINGS LIMITED,Health Care Equipment & Services,,2026-02-07T16:49:57Z,2026-02-08 00:49 AWST,Health Care,35,Health Care Equipment & Services,35100000,EQUITY,ASXListedCompanies.csv
ICU,ICU.AX,INVESTOR CENTRE LIMITED,Financial Services,,2026-02-07T16:49:57Z,2026-02-08 00:49 AWST,Financials,40,Financial Services,40200000,EQUITY,ASXListedCompanies.csv
ID8,ID8.AX,IDENTITII LIMITED,Software & Services,,2026-02-07T16:49:57Z,2026-02-08 00:49 AWST,Information Technology,45,Software & Services,45100000,EQUITY,ASXListedCompanies.csv
IDA,IDA.AX,INDIANA RESOURCES LIMITED,Materials,,2026-02-07T16:49:57Z,2026-02-08 00:49 AWST,Materials,15,Materials,15100000,EQUITY,ASXListedCompanies.csv
IDT,IDT.AX,IDT AUSTRALIA LIMITED,"Pharmaceuticals, Biotechnology & Life Sciences",,2026-02-07T16:49:57Z,2026-02-08 00:49 AWST,Health Care,35,"Pharmaceuticals, Biotechnology & Life Sciences",35200000,EQUITY,ASXListedCompanies.csv
IDX,IDX.AX,INTEGRAL DIAGNOSTICS LIMITED,Health Care Equipment & Services,,2026-02-07T16:49:57Z,2026-02-08 00:49 AWST,Health Care,35,Health Care Equipment & Services,35100000,EQUITY,ASXListedCompanies.csv
IEL,IEL.AX,IDP EDUCATION LIMITED,Consumer Services,,2026-02-07T16:49:57Z,2026-02-08 00:49 AWST,Consumer Discretionary,25,Consumer Services,25300000,EQUITY,ASXListedCompanies.csv
IEM,IEM.AX,iShares MSCI Emerging Markets ETF,ETF/ETP,Spotlight ETP List,2026-02-07T16:49:57Z,2026-02-08 00:49 AWST,,,,,ETF_ETP,ASX Investment Products Monthly Report
IEQ,IEQ.AX,INTERNATIONAL EQUITIES CORPORATION LIMITED.,Real Estate Management & Development,,2026-02-07T16:49:57Z,2026-02-08 00:49 AWST,Real Estate,60,Real Estate Management & Development,60200000,EQUITY,ASXListedCompanies.csv
IESG,IESG.AX,iShares Core MSCI Australia ESG ETF,ETF/ETP,Spotlight ETP List,2026-02-07T16:49:57Z,2026-02-08 00:49 AWST,,,,,ETF_ETP,ASX Investment Products Monthly Report
IEU,IEU.AX,iShares Europe ETF,ETF/ETP,Spotlight ETP List,2026-02-07T16:49:57Z,2026-02-08 00:49 AWST,,,,,ETF_ETP,ASX Investment Products Monthly Report
IF1,IF1.AX,"IBERDROLA FINANZAS, S.A.U.",Not Applic,,2026-02-07T16:49:57Z,2026-02-08 00:49 AWST,Not Applicable,00,Not Applic,00000000,EQUITY,ASXListedCompanies.csv
IFG,IFG.AX,INFOCUS GROUP HOLDINGS LIMITED,Software & Services,,2026-02-07T16:49:57Z,2026-02-08 00:49 AWST,Information Technology,45,Software & Services,45100000,EQUITY,ASXListedCompanies.csv
IFL,IFL.AX,INSIGNIA FINANCIAL LTD,Financial Services,,2026-02-07T16:49:57Z,2026-02-08 00:49 AWST,Financials,40,Financial Services,40200000,EQUITY,ASXListedCompanies.csv
IFN,IFN.AX,INFRAGREEN GROUP LIMITED,Commercial & Professional Services,,2026-02-07T16:49:57Z,2026-02-08 00:49 AWST,Industrials,20,Commercial & Professional Services,20200000,EQUITY,ASXListedCompanies.csv
IFRA,IFRA.AX,VanEck FTSE Global Infrastructure (Hedged) ETF,ETF/ETP,Spotlight ETP List,2026-02-07T16:49:57Z,2026-02-08 00:49 AWST,,,,,ETF_ETP,ASX Investment Products Monthly Report
IFT,IFT.AX,INFRATIL LIMITED.,Capital Goods,,2026-02-07T16:49:57Z,2026-02-08 00:49 AWST,Industrials,20,Capital Goods,20100000,EQUITY,ASXListedCompanies.csv
IFX,IFX.AX,INTERNATIONAL FINANCE CORPORATION,Not Applic,,2026-02-07T16:49:57Z,2026-02-08 00:49 AWST,Not Applicable,00,Not Applic,00000000,EQUITY,ASXListedCompanies.csv
IG6,IG6.AX,INTERNATIONAL GRAPHITE LIMITED,Capital Goods,,2026-02-07T16:49:57Z,2026-02-08 00:49 AWST,Industrials,20,Capital Goods,20100000,EQUITY,ASXListedCompanies.csv
IGB,IGB.AX,iShares Treasury ETF,ETF/ETP,Spotlight ETP List,2026-02-07T16:49:57Z,2026-02-08 00:49 AWST,,,,,ETF_ETP,ASX Investment Products Monthly Report
IGL,IGL.AX,IVE GROUP LIMITED,Media & Entertainment,,2026-02-07T16:49:57Z,2026-02-08 00:49 AWST,Communication Services,50,Media & Entertainment,50200000,EQUITY,ASXListedCompanies.csv
IGN,IGN.AX,IGNITE LIMITED,Commercial & Professional Services,,2026-02-07T16:49:57Z,2026-02-08 00:49 AWST,Industrials,20,Commercial & Professional Services,20200000,EQUITY,ASXListedCompanies.csv
IGO,IGO.AX,IGO LIMITED,Materials,,2026-02-07T16:49:57Z,2026-02-08 00:49 AWST,Materials,15,Materials,15100000,EQUITY,ASXListedCompanies.csv
IGRO,IGRO.AX,iShares High Growth ESG ETF,ETF/ETP,Spotlight ETP List,2026-02-07T16:49:57Z,2026-02-08 00:49 AWST,,,,,ETF_ETP,ASX Investment Products Monthly Report
IHCB,IHCB.AX,iShares Core Global Corporate Bond (AUD Hedged) ETF,ETF/ETP,Spotlight ETP List,2026-02-07T16:49:57Z,2026-02-08 00:49 AWST,,,,,ETF_ETP,ASX Investment Products Monthly Report
IHD,IHD.AX,iShares S&P/ASX Dividend Opportunities ESG Screened ETF,ETF/ETP,Spotlight ETP List,2026-02-07T16:49:57Z,2026-02-08 00:49 AWST,,,,,ETF_ETP,ASX Investment Products Monthly Report
IHEB,IHEB.AX,iShares J.P.Morgan USD Emerging Markets Bond (AUD Hedged) ETF,ETF/ETP,Spotlight ETP List,2026-02-07T16:49:57Z,2026-02-08 00:49 AWST,,,,,ETF_ETP,ASX Investment Products Monthly Report
IHHY,IHHY.AX,iShares Global High Yield Bond (AUD Hedged) ETF,ETF/ETP,Spotlight ETP List,2026-02-07T16:49:57Z,2026-02-08 00:49 AWST,,,,,ETF_ETP,ASX Investment Products Monthly Report
IHOO,IHOO.AX,iShares Global 100 AUD Hedged ETF,ETF/ETP,Spotlight ETP List,2026-02-07T16:49:57Z,2026-02-08 00:49 AWST,,,,,ETF_ETP,ASX Investment Products Monthly Report
IHVV,IHVV.AX,iShares S&P 500 AUD Hedged ETF,ETF/ETP,Spotlight ETP List,2026-02-07T16:49:57Z,2026-02-08 00:49 AWST,,,,,ETF_ETP,ASX Investment Products Monthly Report
IHWL,IHWL.AX,iShares Core MSCI World ex Australia ESG (AUD Hedged) ETF,ETF/ETP,Spotlight ETP List,2026-02-07T16:49:57Z,2026-02-08 00:49 AWST,,,,,ETF_ETP,ASX Investment Products Monthly Report
IIGF,IIGF.AX,Intelligent Investor Australian Equity Income Fund - Active ETF,ETF/ETP,Spotlight ETP List,2026-02-07T16:49:57Z,2026-02-08 00:49 AWST,,,,,ETF_ETP,ASX Investment Products Monthly Report
IIND,IIND.AX,Betashares India Quality ETF,ETF/ETP,Spotlight ETP List,2026-02-07T16:49:57Z,2026-02-08 00:49 AWST,,,,,ETF_ETP,ASX Investment Products Monthly Report
IIQ,IIQ.AX,INOVIQ LTD,Health Care Equipment & Services,,2026-02-07T16:49:57Z,2026-02-08 00:49 AWST,Health Care,35,Health Care Equipment & Services,35100000,EQUITY,ASXListedCompanies.csv
IISV,IISV.AX,Intell Investor Select Value Share Fund - Active ETF,ETF/ETP,Spotlight ETP List,2026-02-07T16:49:57Z,2026-02-08 00:49 AWST,,,,,ETF_ETP,ASX Investment Products Monthly Report
IJH,IJH.AX,iShares S&P Midcap ETF,ETF/ETP,Spotlight ETP List,2026-02-07T16:49:57Z,2026-02-08 00:49 AWST,,,,,ETF_ETP,ASX Investment Products Monthly Report
IJP,IJP.AX,iShares MSCI Japan ETF,ETF/ETP,Spotlight ETP List,2026-02-07T16:49:57Z,2026-02-08 00:49 AWST,,,,,ETF_ETP,ASX Investment Products Monthly Report
IJR,IJR.AX,iShares S&P Small-Cap ETF,ETF/ETP,Spotlight ETP List,2026-02-07T16:49:57Z,2026-02-08 00:49 AWST,,,,,ETF_ETP,ASX Investment Products Monthly Report
IKE,IKE.AX,IKEGPS GROUP LIMITED,Technology Hardware & Equipment,,2026-02-07T16:49:57Z,2026-02-08 00:49 AWST,Information Technology,45,Technology Hardware & Equipment,45200000,EQUITY,ASXListedCompanies.csv
IKO,IKO.AX,iShares MSCI South Korea ETF,ETF/ETP,Spotlight ETP List,2026-02-07T16:49:57Z,2026-02-08 00:49 AWST,,,,,ETF_ETP,ASX Investment Products Monthly Report
ILA,ILA.AX,ISLAND PHARMACEUTICALS LIMITED,"Pharmaceuticals, Biotechnology & Life Sciences",,2026-02-07T16:49:57Z,2026-02-08 00:49 AWST,Health Care,35,"Pharmaceuticals, Biotechnology & Life Sciences",35200000,EQUITY,ASXListedCompanies.csv
ILB,ILB.AX,iShares Government Inflation ETF,ETF/ETP,Spotlight ETP List,2026-02-07T16:49:57Z,2026-02-08 00:49 AWST,,,,,ETF_ETP,ASX Investment Products Monthly Report
ILC,ILC.AX,iShares S&P/ASX 20 ETF,ETF/ETP,Spotlight ETP List,2026-02-07T16:49:57Z,2026-02-08 00:49 AWST,,,,,ETF_ETP,ASX Investment Products Monthly Report
ILT,ILT.AX,ILTANI RESOURCES LIMITED.,Materials,,2026-02-07T16:49:57Z,2026-02-08 00:49 AWST,Materials,15,Materials,15100000,EQUITY,ASXListedCompanies.csv
ILU,ILU.AX,ILUKA RESOURCES LIMITED,Materials,,2026-02-07T16:49:57Z,2026-02-08 00:49 AWST,Materials,15,Materials,15100000,EQUITY,ASXListedCompanies.csv
IMA,IMA.AX,IMAGE RESOURCES NL,Materials,,2026-02-07T16:49:57Z,2026-02-08 00:49 AWST,Materials,15,Materials,15100000,EQUITY,ASXListedCompanies.csv
IMB,IMB.AX,INTELLIGENT MONITORING GROUP LIMITED,Commercial & Professional Services,,2026-02-07T16:49:57Z,2026-02-08 00:49 AWST,Industrials,20,Commercial & Professional Services,20200000,EQUITY,ASXListedCompanies.csv
IMC,IMC.AX,IMMURON LIMITED,"Pharmaceuticals, Biotechnology & Life Sciences",,2026-02-07T16:49:57Z,2026-02-08 00:49 AWST,Health Care,35,"Pharmaceuticals, Biotechnology & Life Sciences",35200000,EQUITY,ASXListedCompanies.csv
IMD,IMD.AX,IMDEX LIMITED,Materials,,2026-02-07T16:49:57Z,2026-02-08 00:49 AWST,Materials,15,Materials,15100000,EQUITY,ASXListedCompanies.csv
IME,IME.AX,IMEXHS LIMITED,Health Care Equipment & Services,,2026-02-07T16:49:57Z,2026-02-08 00:49 AWST,Health Care,35,Health Care Equipment & Services,35100000,EQUITY,ASXListedCompanies.csv
IMI,IMI.AX,INFINITY MINING LIMITED,Materials,,2026-02-07T16:49:57Z,2026-02-08 00:49 AWST,Materials,15,Materials,15100000,EQUITY,ASXListedCompanies.csv
IMLC,IMLC.AX,Investors Mutual Concentrated Australian Share Fund - Active ETF,ETF/ETP,Spotlight ETP List,2026-02-07T16:49:57Z,2026-02-08 00:49 AWST,,,,,ETF_ETP,ASX Investment Products Monthly Report
IMM,IMM.AX,IMMUTEP LIMITED,"Pharmaceuticals, Biotechnology & Life Sciences",,2026-02-07T16:49:57Z,2026-02-08 00:49 AWST,Health Care,35,"Pharmaceuticals, Biotechnology & Life Sciences",35200000,EQUITY,ASXListedCompanies.csv
IMPQ,IMPQ.AX,Perennial Better Future Active ETF,ETF/ETP,Spotlight ETP List,2026-02-07T16:49:57Z,2026-02-08 00:49 AWST,,,,,ETF_ETP,ASX Investment Products Monthly Report
IMR,IMR.AX,IMRICOR MEDICAL SYSTEMS INC.,Health Care Equipment & Services,,2026-02-07T16:49:57Z,2026-02-08 00:49 AWST,Health Care,35,Health Care Equipment & Services,35100000,EQUITY,ASXListedCompanies.csv
IMU,IMU.AX,IMUGENE LIMITED,"Pharmaceuticals, Biotechnology & Life Sciences",,2026-02-07T16:49:57Z,2026-02-08 00:49 AWST,Health Care,35,"Pharmaceuticals, Biotechnology & Life Sciences",35200000,EQUITY,ASXListedCompanies.csv
INA,INA.AX,INGENIA COMMUNITIES GROUP,Equity Real Estate Investment Trusts (REITs),,2026-02-07T16:49:57Z,2026-02-08 00:49 AWST,Real Estate,60,Equity Real Estate Investment Trusts (REITs),60100000,EQUITY,ASXListedCompanies.csv
INCM,INCM.AX,Betashares S&P Global High Dividend Aristocrats ETF,ETF/ETP,Spotlight ETP List,2026-02-07T16:49:57Z,2026-02-08 00:49 AWST,,,,,ETF_ETP,ASX Investment Products Monthly Report
IND,IND.AX,INDUSTRIAL MINERALS LTD,Materials,,2026-02-07T16:49:57Z,2026-02-08 00:49 AWST,Materials,15,Materials,15100000,EQUITY,ASXListedCompanies.csv
INES,INES.AX,Intelligent Investor Ethical Share Fund - Active ETF,ETF/ETP,Spotlight ETP List,2026-02-07T16:49:57Z,2026-02-08 00:49 AWST,,,,,ETF_ETP,ASX Investment Products Monthly Report
INF,INF.AX,INFINITY METALS LIMITED,Materials,,2026-02-07T16:49:57Z,2026-02-08 00:49 AWST,Materials,15,Materials,15100000,EQUITY,ASXListedCompanies.csv
ING,ING.AX,INGHAMS GROUP LIMITED,"Food, Beverage & Tobacco",,2026-02-07T16:49:57Z,2026-02-08 00:49 AWST,Consumer Staples,30,"Food, Beverage & Tobacco",30200000,EQUITY,ASXListedCompanies.csv
INIF,INIF.AX,Intelligent Investor Australian Equity - Active ETF,ETF/ETP,Spotlight ETP List,2026-02-07T16:49:57Z,2026-02-08 00:49 AWST,,,,,ETF_ETP,ASX Investment Products Monthly Report
INR,INR.AX,IONEER LTD,Materials,,2026-02-07T16:49:57Z,2026-02-08 00:49 AWST,Materials,15,Materials,15100000,EQUITY,ASXListedCompanies.csv
INS01,INS01.AX,Insync Global Capital Aware Fund,ETF/ETP,Spotlight mFund List,2026-02-07T16:49:57Z,2026-02-08 00:49 AWST,,,,,ETF_ETP,ASX Investment Products Monthly Report
INV,INV.AX,INVESTSMART GROUP LIMITED,Financial Services,,2026-02-07T16:49:57Z,2026-02-08 00:49 AWST,Financials,40,Financial Services,40200000,EQUITY,ASXListedCompanies.csv
IOD,IOD.AX,IODM LIMITED,Software & Services,,2026-02-07T16:49:57Z,2026-02-08 00:49 AWST,Information Technology,45,Software & Services,45100000,EQUITY,ASXListedCompanies.csv
ION,ION.AX,IONDRIVE LIMITED,Materials,,2026-02-07T16:49:57Z,2026-02-08 00:49 AWST,Materials,15,Materials,15100000,EQUITY,ASXListedCompanies.csv
IOO,IOO.AX,iShares Global 100 ETF,ETF/ETP,Spotlight ETP List,2026-02-07T16:49:57Z,2026-02-08 00:49 AWST,,,,,ETF_ETP,ASX Investment Products Monthly Report
IOV,IOV.AX,ION VIDEO LTD,Software & Services,,2026-02-07T16:49:57Z,2026-02-08 00:49 AWST,Information Technology,45,Software & Services,45100000,EQUITY,ASXListedCompanies.csv
IOZ,IOZ.AX,iShares Core S&P/ASX 200 ETF,ETF/ETP,Spotlight ETP List,2026-02-07T16:49:57Z,2026-02-08 00:49 AWST,,,,,ETF_ETP,ASX Investment Products Monthly Report
IPB,IPB.AX,IPB PETROLEUM LIMITED,Energy,,2026-02-07T16:49:57Z,2026-02-08 00:49 AWST,Energy,10,Energy,10100000,EQUITY,ASXListedCompanies.csv
IPC,IPC.AX,IMPERIAL PACIFIC LIMITED,Financial Services,,2026-02-07T16:49:57Z,2026-02-08 00:49 AWST,Financials,40,Financial Services,40200000,EQUITY,ASXListedCompanies.csv
IPD,IPD.AX,IMPEDIMED LIMITED,Health Care Equipment & Services,,2026-02-07T16:49:57Z,2026-02-08 00:49 AWST,Health Care,35,Health Care Equipment & Services,35100000,EQUITY,ASXListedCompanies.csv
IPG,IPG.AX,IPD GROUP LTD,Capital Goods,,2026-02-07T16:49:57Z,2026-02-08 00:49 AWST,Industrials,20,Capital Goods,20100000,EQUITY,ASXListedCompanies.csv
IPH,IPH.AX,IPH LIMITED,Commercial & Professional Services,,2026-02-07T16:49:57Z,2026-02-08 00:49 AWST,Industrials,20,Commercial & Professional Services,20200000,EQUITY,ASXListedCompanies.csv
IPT,IPT.AX,IMPACT MINERALS LIMITED,Materials,,2026-02-07T16:49:57Z,2026-02-08 00:49 AWST,Materials,15,Materials,15100000,EQUITY,ASXListedCompanies.csv
IPX,IPX.AX,IPERIONX LIMITED,Materials,,2026-02-07T16:49:57Z,2026-02-08 00:49 AWST,Materials,15,Materials,15100000,EQUITY,ASXListedCompanies.csv
IR1,IR1.AX,IRIS METALS LIMITED,Materials,,2026-02-07T16:49:57Z,2026-02-08 00:49 AWST,Materials,15,Materials,15100000,EQUITY,ASXListedCompanies.csv
IRD,IRD.AX,IRON ROAD LIMITED,Materials,,2026-02-07T16:49:57Z,2026-02-08 00:49 AWST,Materials,15,Materials,15100000,EQUITY,ASXListedCompanies.csv
IRE,IRE.AX,IRESS LIMITED,Software & Services,,2026-02-07T16:49:57Z,2026-02-08 00:49 AWST,Information Technology,45,Software & Services,45100000,EQUITY,ASXListedCompanies.csv
IRI,IRI.AX,INTEGRATED RESEARCH LIMITED,Software & Services,,2026-02-07T16:49:57Z,2026-02-08 00:49 AWST,Information Technology,45,Software & Services,45100000,EQUITY,ASXListedCompanies.csv
IRX,IRX.AX,INHALERX LIMITED,Health Care Equipment & Services,,2026-02-07T16:49:57Z,2026-02-08 00:49 AWST,Health Care,35,Health Care Equipment & Services,35100000,EQUITY,ASXListedCompanies.csv
IS3,IS3.AX,I SYNERGY GROUP LIMITED,Software & Services,,2026-02-07T16:49:57Z,2026-02-08 00:49 AWST,Information Technology,45,Software & Services,45100000,EQUITY,ASXListedCompanies.csv
ISEC,ISEC.AX,iShares Enhanced Cash ETF,ETF/ETP,Spotlight ETP List,2026-02-07T16:49:57Z,2026-02-08 00:49 AWST,,,,,ETF_ETP,ASX Investment Products Monthly Report
ISLM,ISLM.AX,Hejaz Equities Fund Active ETF,ETF/ETP,Spotlight ETP List,2026-02-07T16:49:57Z,2026-02-08 00:49 AWST,,,,,ETF_ETP,ASX Investment Products Monthly Report
ISO,ISO.AX,iShares S&P/ASX Small Ordinaries ETF,ETF/ETP,Spotlight ETP List,2026-02-07T16:49:57Z,2026-02-08 00:49 AWST,,,,,ETF_ETP,ASX Investment Products Monthly Report
ITEK,ITEK.AX,iShares Future Tech Innovators ETF,ETF/ETP,Spotlight ETP List,2026-02-07T16:49:57Z,2026-02-08 00:49 AWST,,,,,ETF_ETP,ASX Investment Products Monthly Report
ITM,ITM.AX,ITECH MINERALS LTD,Materials,,2026-02-07T16:49:57Z,2026-02-08 00:49 AWST,Materials,15,Materials,15100000,EQUITY,ASXListedCompanies.csv
ITS,ITS.AX,INFOTRUST LTD,Software & Services,,2026-02-07T16:49:57Z,2026-02-08 00:49 AWST,Information Technology,45,Software & Services,45100000,EQUITY,ASXListedCompanies.csv
IUSG,IUSG.AX,iShares U.S. Treasury Bond (AUD Hedged) ETF,ETF/ETP,Spotlight ETP List,2026-02-07T16:49:57Z,2026-02-08 00:49 AWST,,,,,ETF_ETP,ASX Investment Products Monthly Report
IVE,IVE.AX,iShares MSCI EAFE ETF,ETF/ETP,Spotlight ETP List,2026-02-07T16:49:57Z,2026-02-08 00:49 AWST,,,,,ETF_ETP,ASX Investment Products Monthly Report
IVG,IVG.AX,INVERT GRAPHITE LIMITED,"Pharmaceuticals, Biotechnology & Life Sciences",,2026-02-07T16:49:57Z,2026-02-08 00:49 AWST,Health Care,35,"Pharmaceuticals, Biotechnology & Life Sciences",35200000,EQUITY,ASXListedCompanies.csv
IVR,IVR.AX,INVESTIGATOR SILVER LIMITED,Materials,,2026-02-07T16:49:57Z,2026-02-08 00:49 AWST,Materials,15,Materials,15100000,EQUITY,ASXListedCompanies.csv
IVV,IVV.AX,iShares S&P 500 ETF,ETF/ETP,Spotlight ETP List,2026-02-07T16:49:57Z,2026-02-08 00:49 AWST,,,,,ETF_ETP,ASX Investment Products Monthly Report
IVX,IVX.AX,INVION LIMITED,"Pharmaceuticals, Biotechnology & Life Sciences",,2026-02-07T16:49:57Z,2026-02-08 00:49 AWST,Health Care,35,"Pharmaceuticals, Biotechnology & Life Sciences",35200000,EQUITY,ASXListedCompanies.csv
IVZ,IVZ.AX,INVICTUS ENERGY LTD,Energy,,2026-02-07T16:49:57Z,2026-02-08 00:49 AWST,Energy,10,Energy,10100000,EQUITY,ASXListedCompanies.csv
IWLD,IWLD.AX,iShares Core MSCI World ex Australia ESG ETF,ETF/ETP,Spotlight ETP List,2026-02-07T16:49:57Z,2026-02-08 00:49 AWST,,,,,ETF_ETP,ASX Investment Products Monthly Report
IXC,IXC.AX,INVEX THERAPEUTICS LTD,"Pharmaceuticals, Biotechnology & Life Sciences",,2026-02-07T16:49:57Z,2026-02-08 00:49 AWST,Health Care,35,"Pharmaceuticals, Biotechnology & Life Sciences",35200000,EQUITY,ASXListedCompanies.csv
IXI,IXI.AX,iShares Global Consumer Staples ETF,ETF/ETP,Spotlight ETP List,2026-02-07T16:49:57Z,2026-02-08 00:49 AWST,,,,,ETF_ETP,ASX Investment Products Monthly Report
IXJ,IXJ.AX,iShares Global Healthcare ETF,ETF/ETP,Spotlight ETP List,2026-02-07T16:49:57Z,2026-02-08 00:49 AWST,,,,,ETF_ETP,ASX Investment Products Monthly Report
IXR,IXR.AX,IONIC RARE EARTHS LIMITED,Materials,,2026-02-07T16:49:57Z,2026-02-08 00:49 AWST,Materials,15,Materials,15100000,EQUITY,ASXListedCompanies.csv
IYLD,IYLD.AX,iShares Yield Plus ETF,ETF/ETP,Spotlight ETP List,2026-02-07T16:49:57Z,2026-02-08 00:49 AWST,,,,,ETF_ETP,ASX Investment Products Monthly Report
IZZ,IZZ.AX,iShares China Large-Cap ETF,ETF/ETP,Spotlight ETP List,2026-02-07T16:49:57Z,2026-02-08 00:49 AWST,,,,,ETF_ETP,ASX Investment Products Monthly Report
J100,J100.AX,Global X Japan Topix 100 ETF,ETF/ETP,Spotlight ETP List,2026-02-07T16:49:57Z,2026-02-08 00:49 AWST,,,,,ETF_ETP,ASX Investment Products Monthly Report
JAL,JAL.AX,JAMESON RESOURCES LIMITED,Materials,,2026-02-07T16:49:57Z,2026-02-08 00:49 AWST,Materials,15,Materials,15100000,EQUITY,ASXListedCompanies.csv
JAN,JAN.AX,JANISON EDUCATION GROUP LIMITED,Software & Services,,2026-02-07T16:49:57Z,2026-02-08 00:49 AWST,Information Technology,45,Software & Services,45100000,EQUITY,ASXListedCompanies.csv
JAT,JAT.AX,JATCORP LIMITED,Consumer Discretionary Distribution & Retail,,2026-02-07T16:49:57Z,2026-02-08 00:49 AWST,Consumer Discretionary,25,Consumer Discretionary Distribution & Retail,25500000,EQUITY,ASXListedCompanies.csv
JAV,JAV.AX,JAVELIN MINERALS LIMITED,Materials,,2026-02-07T16:49:57Z,2026-02-08 00:49 AWST,Materials,15,Materials,15100000,EQUITY,ASXListedCompanies.csv
JAY,JAY.AX,JAYRIDE GROUP LIMITED,Transportation,,2026-02-07T16:49:57Z,2026-02-08 00:49 AWST,Industrials,20,Transportation,20300000,EQUITY,ASXListedCompanies.csv
JBH,JBH.AX,JB HI-FI LIMITED,Consumer Discretionary Distribution & Retail,,2026-02-07T16:49:57Z,2026-02-08 00:49 AWST,Consumer Discretionary,25,Consumer Discretionary Distribution & Retail,25500000,EQUITY,ASXListedCompanies.csv
JCS,JCS.AX,JCURVE SOLUTIONS LTD,Software & Services,,2026-02-07T16:49:57Z,2026-02-08 00:49 AWST,Information Technology,45,Software & Services,45100000,EQUITY,ASXListedCompanies.csv
JDO,JDO.AX,JUDO CAPITAL HOLDINGS LIMITED,Banks,,2026-02-07T16:49:57Z,2026-02-08 00:49 AWST,Financials,40,Banks,40100000,EQUITY,ASXListedCompanies.csv
JEGA,JEGA.AX,JPMorgan Global Equity Premium Income Complex ETF,ETF/ETP,Spotlight ETP List,2026-02-07T16:49:57Z,2026-02-08 00:49 AWST,,,,,ETF_ETP,ASX Investment Products Monthly Report
JEME,JEME.AX,JPMorgan EM Research Enhanced IDX EQTY Active ETF,ETF/ETP,Spotlight ETP List,2026-02-07T16:49:57Z,2026-02-08 00:49 AWST,,,,,ETF_ETP,ASX Investment Products Monthly Report
JEPI,JEPI.AX,JPMorgan Equity Premium Income Active ETF,ETF/ETP,Spotlight ETP List,2026-02-07T16:49:57Z,2026-02-08 00:49 AWST,,,,,ETF_ETP,ASX Investment Products Monthly Report
JGH,JGH.AX,JADE GAS HOLDINGS LIMITED,Materials,,2026-02-07T16:49:57Z,2026-02-08 00:49 AWST,Materials,15,Materials,15100000,EQUITY,ASXListedCompanies.csv
JGLO,JGLO.AX,JPMorgan Global Select Equity Active ETF,ETF/ETP,Spotlight ETP List,2026-02-07T16:49:57Z,2026-02-08 00:49 AWST,,,,,ETF_ETP,ASX Investment Products Monthly Report
JHGA,JHGA.AX,JPMorgan Global Equity Premium Income (Hedged) Complex ETF,ETF/ETP,Spotlight ETP List,2026-02-07T16:49:57Z,2026-02-08 00:49 AWST,,,,,ETF_ETP,ASX Investment Products Monthly Report
JHI02,JHI02.AX,Janus Henderson Tactical Income Fund,ETF/ETP,Spotlight mFund List,2026-02-07T16:49:57Z,2026-02-08 00:49 AWST,,,,,ETF_ETP,ASX Investment Products Monthly Report
JHI04,JHI04.AX,Janus Henderson Diversified Credit Fund,ETF/ETP,Spotlight mFund List,2026-02-07T16:49:57Z,2026-02-08 00:49 AWST,,,,,ETF_ETP,ASX Investment Products Monthly Report
JHI05,JHI05.AX,Janus Henderson Australian Fixed Interest Fund,ETF/ETP,Spotlight mFund List,2026-02-07T16:49:57Z,2026-02-08 00:49 AWST,,,,,ETF_ETP,ASX Investment Products Monthly Report
JHI06,JHI06.AX,Janus Henderson Global Multi-Strategy Fund,ETF/ETP,Spotlight mFund List,2026-02-07T16:49:57Z,2026-02-08 00:49 AWST,,,,,ETF_ETP,ASX Investment Products Monthly Report
JHLO,JHLO.AX,JPMorgan Global Select Equity (Hedged) Active ETF,ETF/ETP,Spotlight ETP List,2026-02-07T16:49:57Z,2026-02-08 00:49 AWST,,,,,ETF_ETP,ASX Investment Products Monthly Report
JHPI,JHPI.AX,JPMorgan Equity Premium Income Active ETF (Hedged),ETF/ETP,Spotlight ETP List,2026-02-07T16:49:57Z,2026-02-08 00:49 AWST,,,,,ETF_ETP,ASX Investment Products Monthly Report
JHX,JHX.AX,JAMES HARDIE INDUSTRIES PLC,Materials,,2026-02-07T16:49:57Z,2026-02-08 00:49 AWST,Materials,15,Materials,15100000,EQUITY,ASXListedCompanies.csv
JIN,JIN.AX,JUMBO INTERACTIVE LIMITED,Consumer Services,,2026-02-07T16:49:57Z,2026-02-08 00:49 AWST,Consumer Discretionary,25,Consumer Services,25300000,EQUITY,ASXListedCompanies.csv
JLL,JLL.AX,JINDALEE LITHIUM LIMITED,Materials,,2026-02-07T16:49:57Z,2026-02-08 00:49 AWST,Materials,15,Materials,15100000,EQUITY,ASXListedCompanies.csv
JMS,JMS.AX,JUPITER MINES LIMITED.,Materials,,2026-02-07T16:49:57Z,2026-02-08 00:49 AWST,Materials,15,Materials,15100000,EQUITY,ASXListedCompanies.csv
JNDQ,JNDQ.AX,BetaShares NASDAQ Next Gen 100 ETF,ETF/ETP,Spotlight ETP List,2026-02-07T16:49:57Z,2026-02-08 00:49 AWST,,,,,ETF_ETP,ASX Investment Products Monthly Report
JNO,JNO.AX,JUNO MINERALS LIMITED,Materials,,2026-02-07T16:49:57Z,2026-02-08 00:49 AWST,Materials,15,Materials,15100000,EQUITY,ASXListedCompanies.csv
JNS,JNS.AX,JANUS ELECTRIC HOLDINGS LIMITED,Utilities,,2026-02-07T16:49:57Z,2026-02-08 00:49 AWST,Utilities,55,Utilities,55100000,EQUITY,ASXListedCompanies.csv
JPEQ,JPEQ.AX,JPMorgan US 100Q Equity Premium Income Active ETF (Hedged),ETF/ETP,Spotlight ETP List,2026-02-07T16:49:57Z,2026-02-08 00:49 AWST,,,,,ETF_ETP,ASX Investment Products Monthly Report
JPHQ,JPHQ.AX,JPMorgan US 100Q Equity Premium Income Active ETF (Hedged),ETF/ETP,Spotlight ETP List,2026-02-07T16:49:57Z,2026-02-08 00:49 AWST,,,,,ETF_ETP,ASX Investment Products Monthly Report
JPR,JPR.AX,JUPITER ENERGY LIMITED,Energy,,2026-02-07T16:49:57Z,2026-02-08 00:49 AWST,Energy,10,Energy,10100000,EQUITY,ASXListedCompanies.csv
JREG,JREG.AX,JPMorgan Global Research Enhanced Index Equity Active ETF,ETF/ETP,Spotlight ETP List,2026-02-07T16:49:57Z,2026-02-08 00:49 AWST,,,,,ETF_ETP,ASX Investment Products Monthly Report
JRHG,JRHG.AX,JPMorgan Global Research Enhanced Index Equity (Hedged) Active ETF,ETF/ETP,Spotlight ETP List,2026-02-07T16:49:57Z,2026-02-08 00:49 AWST,,,,,ETF_ETP,ASX Investment Products Monthly Report
JYC,JYC.AX,JOYCE CORPORATION LTD,Consumer Discretionary Distribution & Retail,,2026-02-07T16:49:57Z,2026-02-08 00:49 AWST,Consumer Discretionary,25,Consumer Discretionary Distribution & Retail,25500000,EQUITY,ASXListedCompanies.csv
JZRO,JZRO.AX,Janus Henderson Net Zero Active ETF,ETF/ETP,Spotlight ETP List,2026-02-07T16:49:57Z,2026-02-08 00:49 AWST,,,,,ETF_ETP,ASX Investment Products Monthly Report
KAI,KAI.AX,KAIROS MINERALS LIMITED,Materials,,2026-02-07T16:49:57Z,2026-02-08 00:49 AWST,Materials,15,Materials,15100000,EQUITY,ASXListedCompanies.csv
KAL,KAL.AX,KALGOORLIE GOLD MINING LIMITED,Materials,,2026-02-07T16:49:57Z,2026-02-08 00:49 AWST,Materials,15,Materials,15100000,EQUITY,ASXListedCompanies.csv
KAM,KAM.AX,K2 ASSET MANAGEMENT HOLDINGS LTD,Financial Services,,2026-02-07T16:49:57Z,2026-02-08 00:49 AWST,Financials,40,Financial Services,40200000,EQUITY,ASXListedCompanies.csv
KAR,KAR.AX,KAROON ENERGY LTD,Energy,,2026-02-07T16:49:57Z,2026-02-08 00:49 AWST,Energy,10,Energy,10100000,EQUITY,ASXListedCompanies.csv
KAT,KAT.AX,KATANA CAPITAL LIMITED,Not Applic,,2026-02-07T16:49:57Z,2026-02-08 00:49 AWST,Not Applicable,00,Not Applic,00000000,EQUITY,ASXListedCompanies.csv
KAU,KAU.AX,KAISER REEF LIMITED,Materials,,2026-02-07T16:49:57Z,2026-02-08 00:49 AWST,Materials,15,Materials,15100000,EQUITY,ASXListedCompanies.csv
KBC,KBC.AX,KEYBRIDGE CAPITAL LIMITED,Financial Services,,2026-02-07T16:49:57Z,2026-02-08 00:49 AWST,Financials,40,Financial Services,40200000,EQUITY,ASXListedCompanies.csv
KCC,KCC.AX,KINCORA COPPER LIMITED,Materials,,2026-02-07T16:49:57Z,2026-02-08 00:49 AWST,Materials,15,Materials,15100000,EQUITY,ASXListedCompanies.csv
KCN,KCN.AX,KINGSGATE CONSOLIDATED LIMITED.,Materials,,2026-02-07T16:49:57Z,2026-02-08 00:49 AWST,Materials,15,Materials,15100000,EQUITY,ASXListedCompanies.csv
KEY,KEY.AX,KEY PETROLEUM LIMITED,Energy,,2026-02-07T16:49:57Z,2026-02-08 00:49 AWST,Energy,10,Energy,10100000,EQUITY,ASXListedCompanies.csv
KFM,KFM.AX,KINGFISHER MINING LTD,Materials,,2026-02-07T16:49:57Z,2026-02-08 00:49 AWST,Materials,15,Materials,15100000,EQUITY,ASXListedCompanies.csv
KFW,KFW.AX,KFW,Not Applic,,2026-02-07T16:49:57Z,2026-02-08 00:49 AWST,Not Applicable,00,Not Applic,00000000,EQUITY,ASXListedCompanies.csv
KGL,KGL.AX,KGL RESOURCES LIMITED,Materials,,2026-02-07T16:49:57Z,2026-02-08 00:49 AWST,Materials,15,Materials,15100000,EQUITY,ASXListedCompanies.csv
KGN,KGN.AX,KOGAN.COM LTD,Consumer Discretionary Distribution & Retail,,2026-02-07T16:49:57Z,2026-02-08 00:49 AWST,Consumer Discretionary,25,Consumer Discretionary Distribution & Retail,25500000,EQUITY,ASXListedCompanies.csv
KI1,KI1.AX,KINGFISHER TRUST 2019-1,Not Applic,,2026-02-07T16:49:57Z,2026-02-08 00:49 AWST,Not Applicable,00,Not Applic,00000000,EQUITY,ASXListedCompanies.csv
KIG,KIG.AX,KINGFISHER TRUST 2016-1,Not Applic,,2026-02-07T16:49:57Z,2026-02-08 00:49 AWST,Not Applicable,00,Not Applic,00000000,EQUITY,ASXListedCompanies.csv
KKC,KKC.AX,KKR CREDIT INCOME FUND,Not Applic,,2026-02-07T16:49:57Z,2026-02-08 00:49 AWST,Not Applicable,00,Not Applic,00000000,EQUITY,ASXListedCompanies.csv
KKO,KKO.AX,KINETIKO ENERGY LTD,Energy,,2026-02-07T16:49:57Z,2026-02-08 00:49 AWST,Energy,10,Energy,10100000,EQUITY,ASXListedCompanies.csv
KLI,KLI.AX,KILLI RESOURCES LIMITED,Materials,,2026-02-07T16:49:57Z,2026-02-08 00:49 AWST,Materials,15,Materials,15100000,EQUITY,ASXListedCompanies.csv
KLR,KLR.AX,KAILI RESOURCES LIMITED,Energy,,2026-02-07T16:49:57Z,2026-02-08 00:49 AWST,Energy,10,Energy,10100000,EQUITY,ASXListedCompanies.csv
KLS,KLS.AX,KELSIAN GROUP LIMITED,Transportation,,2026-02-07T16:49:57Z,2026-02-08 00:49 AWST,Industrials,20,Transportation,20300000,EQUITY,ASXListedCompanies.csv
KLV,KLV.AX,KLEVO REWARDS LIMITED,Commercial & Professional Services,,2026-02-07T16:49:57Z,2026-02-08 00:49 AWST,Industrials,20,Commercial & Professional Services,20200000,EQUITY,ASXListedCompanies.csv
KM1,KM1.AX,KALI METALS LIMITED,Materials,,2026-02-07T16:49:57Z,2026-02-08 00:49 AWST,Materials,15,Materials,15100000,EQUITY,ASXListedCompanies.csv
KMD,KMD.AX,KMD BRANDS LIMITED,Consumer Discretionary Distribution & Retail,,2026-02-07T16:49:57Z,2026-02-08 00:49 AWST,Consumer Discretionary,25,Consumer Discretionary Distribution & Retail,25500000,EQUITY,ASXListedCompanies.csv
KME,KME.AX,KIP MCGRATH EDUCATION CENTRES LIMITED,Consumer Services,,2026-02-07T16:49:57Z,2026-02-08 00:49 AWST,Consumer Discretionary,25,Consumer Services,25300000,EQUITY,ASXListedCompanies.csv
KNB,KNB.AX,KOONENBERRY GOLD LIMITED,Materials,,2026-02-07T16:49:57Z,2026-02-08 00:49 AWST,Materials,15,Materials,15100000,EQUITY,ASXListedCompanies.csv
KNG,KNG.AX,KINGSLAND MINERALS LTD,Materials,,2026-02-07T16:49:57Z,2026-02-08 00:49 AWST,Materials,15,Materials,15100000,EQUITY,ASXListedCompanies.csv
KNI,KNI.AX,KUNIKO LIMITED,Materials,,2026-02-07T16:49:57Z,2026-02-08 00:49 AWST,Materials,15,Materials,15100000,EQUITY,ASXListedCompanies.csv
KNM,KNM.AX,KNEOMEDIA LIMITED,Media & Entertainment,,2026-02-07T16:49:57Z,2026-02-08 00:49 AWST,Communication Services,50,Media & Entertainment,50200000,EQUITY,ASXListedCompanies.csv
KNO,KNO.AX,KNOSYS LIMITED,Software & Services,,2026-02-07T16:49:57Z,2026-02-08 00:49 AWST,Information Technology,45,Software & Services,45100000,EQUITY,ASXListedCompanies.csv
KOB,KOB.AX,KOBA RESOURCES LIMITED,Materials,,2026-02-07T16:49:57Z,2026-02-08 00:49 AWST,Materials,15,Materials,15100000,EQUITY,ASXListedCompanies.csv
KOR,KOR.AX,KORAB RESOURCES LIMITED,Materials,,2026-02-07T16:49:57Z,2026-02-08 00:49 AWST,Materials,15,Materials,15100000,EQUITY,ASXListedCompanies.csv
KOV,KOV.AX,KORVEST LTD,Capital Goods,,2026-02-07T16:49:57Z,2026-02-08 00:49 AWST,Industrials,20,Capital Goods,20100000,EQUITY,ASXListedCompanies.csv
KP2,KP2.AX,KORE POTASH PLC,Materials,,2026-02-07T16:49:57Z,2026-02-08 00:49 AWST,Materials,15,Materials,15100000,EQUITY,ASXListedCompanies.csv
KPG,KPG.AX,KELLY PARTNERS GROUP HOLDINGS LIMITED,Commercial & Professional Services,,2026-02-07T16:49:57Z,2026-02-08 00:49 AWST,Industrials,20,Commercial & Professional Services,20200000,EQUITY,ASXListedCompanies.csv
KPO,KPO.AX,KALINA POWER LIMITED,Utilities,,2026-02-07T16:49:57Z,2026-02-08 00:49 AWST,Utilities,55,Utilities,55100000,EQUITY,ASXListedCompanies.csv
KRM,KRM.AX,KINGSROSE MINING LIMITED,Materials,,2026-02-07T16:49:57Z,2026-02-08 00:49 AWST,Materials,15,Materials,15100000,EQUITY,ASXListedCompanies.csv
KRR,KRR.AX,KING RIVER RESOURCES LIMITED,Materials,,2026-02-07T16:49:57Z,2026-02-08 00:49 AWST,Materials,15,Materials,15100000,EQUITY,ASXListedCompanies.csv
KSC,KSC.AX,K & S CORPORATION LIMITED,Transportation,,2026-02-07T16:49:57Z,2026-02-08 00:49 AWST,Industrials,20,Transportation,20300000,EQUITY,ASXListedCompanies.csv
KSL,KSL.AX,KINA SECURITIES LIMITED,Banks,,2026-02-07T16:49:57Z,2026-02-08 00:49 AWST,Financials,40,Banks,40100000,EQUITY,ASXListedCompanies.csv
KSM,KSM.AX,K2 Australian Small Cap Hedge Fund - Complex ETF,ETF/ETP,Spotlight ETP List,2026-02-07T16:49:57Z,2026-02-08 00:49 AWST,,,,,ETF_ETP,ASX Investment Products Monthly Report
KSN,KSN.AX,KINGSTON RESOURCES LIMITED,Materials,,2026-02-07T16:49:57Z,2026-02-08 00:49 AWST,Materials,15,Materials,15100000,EQUITY,ASXListedCompanies.csv
KTA,KTA.AX,KRAKATOA RESOURCES LIMITED,Materials,,2026-02-07T16:49:57Z,2026-02-08 00:49 AWST,Materials,15,Materials,15100000,EQUITY,ASXListedCompanies.csv
KYP,KYP.AX,KINATICO LTD,Software & Services,,2026-02-07T16:49:57Z,2026-02-08 00:49 AWST,Information Technology,45,Software & Services,45100000,EQUITY,ASXListedCompanies.csv
KZR,KZR.AX,KALAMAZOO RESOURCES LIMITED,Materials,,2026-02-07T16:49:57Z,2026-02-08 00:49 AWST,Materials,15,Materials,15100000,EQUITY,ASXListedCompanies.csv
L1G,L1G.AX,L1 GROUP LIMITED,Financial Services,,2026-02-07T16:49:57Z,2026-02-08 00:49 AWST,Financials,40,Financial Services,40200000,EQUITY,ASXListedCompanies.csv
L1HI,L1HI.AX,L1 Capital International (Hedged) Active ETF,ETF/ETP,Spotlight ETP List,2026-02-07T16:49:57Z,2026-02-08 00:49 AWST,,,,,ETF_ETP,ASX Investment Products Monthly Report
L1IF,L1IF.AX,L1 Capital International (Unhedged) Active ETF,ETF/ETP,Spotlight ETP List,2026-02-07T16:49:57Z,2026-02-08 00:49 AWST,,,,,ETF_ETP,ASX Investment Products Monthly Report
L1M,L1M.AX,LIGHTNING MINERALS LTD,Materials,,2026-02-07T16:49:57Z,2026-02-08 00:49 AWST,Materials,15,Materials,15100000,EQUITY,ASXListedCompanies.csv
LAM,LAM.AX,LARAMIDE RESOURCES LTD,Energy,,2026-02-07T16:49:57Z,2026-02-08 00:49 AWST,Energy,10,Energy,10100000,EQUITY,ASXListedCompanies.csv
LAT,LAT.AX,LATITUDE 66 LIMITED,Materials,,2026-02-07T16:49:57Z,2026-02-08 00:49 AWST,Materials,15,Materials,15100000,EQUITY,ASXListedCompanies.csv
LAU,LAU.AX,LINDSAY AUSTRALIA LIMITED,Transportation,,2026-02-07T16:49:57Z,2026-02-08 00:49 AWST,Industrials,20,Transportation,20300000,EQUITY,ASXListedCompanies.csv
LBL,LBL.AX,LASERBOND LIMITED,Capital Goods,,2026-02-07T16:49:57Z,2026-02-08 00:49 AWST,Industrials,20,Capital Goods,20100000,EQUITY,ASXListedCompanies.csv
LCE,LCE.AX,LONDON CITY EQUITIES LIMITED,Financial Services,,2026-02-07T16:49:57Z,2026-02-08 00:49 AWST,Financials,40,Financial Services,40200000,EQUITY,ASXListedCompanies.csv
LCL,LCL.AX,LCL RESOURCES LIMITED,Materials,,2026-02-07T16:49:57Z,2026-02-08 00:49 AWST,Materials,15,Materials,15100000,EQUITY,ASXListedCompanies.csv
LCN,LCN.AX,LATITUDE AUSTRALIA CREDIT CARD LOAN NOTE TRUST,Not Applic,,2026-02-07T16:49:57Z,2026-02-08 00:49 AWST,Not Applicable,00,Not Applic,00000000,EQUITY,ASXListedCompanies.csv
LCY,LCY.AX,LEGACY IRON ORE LIMITED,Materials,,2026-02-07T16:49:57Z,2026-02-08 00:49 AWST,Materials,15,Materials,15100000,EQUITY,ASXListedCompanies.csv
LDR,LDR.AX,LODE RESOURCES LTD,Materials,,2026-02-07T16:49:57Z,2026-02-08 00:49 AWST,Materials,15,Materials,15100000,EQUITY,ASXListedCompanies.csv
LDX,LDX.AX,LUMOS DIAGNOSTICS HOLDINGS LIMITED,Health Care Equipment & Services,,2026-02-07T16:49:57Z,2026-02-08 00:49 AWST,Health Care,35,Health Care Equipment & Services,35100000,EQUITY,ASXListedCompanies.csv
LED,LED.AX,LDR CAPITAL PROPERTY FUND,Equity Real Estate Investment Trusts (REITs),,2026-02-07T16:49:57Z,2026-02-08 00:49 AWST,Real Estate,60,Equity Real Estate Investment Trusts (REITs),60100000,EQUITY,ASXListedCompanies.csv
LEG,LEG.AX,LEGEND MINING LIMITED,Materials,,2026-02-07T16:49:57Z,2026-02-08 00:49 AWST,Materials,15,Materials,15100000,EQUITY,ASXListedCompanies.csv
LEL,LEL.AX,LITHIUM ENERGY LIMITED,Materials,,2026-02-07T16:49:57Z,2026-02-08 00:49 AWST,Materials,15,Materials,15100000,EQUITY,ASXListedCompanies.csv
LEND,LEND.AX,VanEck Global Listed Private Credit (AUD Hedged) ETF,ETF/ETP,Spotlight ETP List,2026-02-07T16:49:57Z,2026-02-08 00:49 AWST,,,,,ETF_ETP,ASX Investment Products Monthly Report
LEVR,LEVR.AX,First Sentier Geared Australian Share Complex ETF,ETF/ETP,Spotlight ETP List,2026-02-07T16:49:57Z,2026-02-08 00:49 AWST,,,,,ETF_ETP,ASX Investment Products Monthly Report
LEX,LEX.AX,LEFROY EXPLORATION LIMITED,Materials,,2026-02-07T16:49:57Z,2026-02-08 00:49 AWST,Materials,15,Materials,15100000,EQUITY,ASXListedCompanies.csv
LF1,LF1.AX,LA TROBE PRIVATE CREDIT FUND,Not Applic,,2026-02-07T16:49:57Z,2026-02-08 00:49 AWST,Not Applicable,00,Not Applic,00000000,EQUITY,ASXListedCompanies.csv
LFG,LFG.AX,LIBERTY FINANCIAL GROUP,Financial Services,,2026-02-07T16:49:57Z,2026-02-08 00:49 AWST,Financials,40,Financial Services,40200000,EQUITY,ASXListedCompanies.csv
LFS,LFS.AX,LATITUDE GROUP HOLDINGS LIMITED,Financial Services,,2026-02-07T16:49:57Z,2026-02-08 00:49 AWST,Financials,40,Financial Services,40200000,EQUITY,ASXListedCompanies.csv
LGI,LGI.AX,LGI LIMITED,Utilities,,2026-02-07T16:49:57Z,2026-02-08 00:49 AWST,Utilities,55,Utilities,55100000,EQUITY,ASXListedCompanies.csv
LGM,LGM.AX,LEGACY MINERALS HOLDINGS LIMITED,Materials,,2026-02-07T16:49:57Z,2026-02-08 00:49 AWST,Materials,15,Materials,15100000,EQUITY,ASXListedCompanies.csv
LGP,LGP.AX,LITTLE GREEN PHARMA LTD,"Pharmaceuticals, Biotechnology & Life Sciences",,2026-02-07T16:49:57Z,2026-02-08 00:49 AWST,Health Care,35,"Pharmaceuticals, Biotechnology & Life Sciences",35200000,EQUITY,ASXListedCompanies.csv
LHGG,LHGG.AX,Lakehouse Global Growth Fund Active ETF,ETF/ETP,Spotlight ETP List,2026-02-07T16:49:57Z,2026-02-08 00:49 AWST,,,,,ETF_ETP,ASX Investment Products Monthly Report
LI8,LI8.AX,LION SERIES 2020-1 TRUST,Not Applic,,2026-02-07T16:49:57Z,2026-02-08 00:49 AWST,Not Applicable,00,Not Applic,00000000,EQUITY,ASXListedCompanies.csv
LIB,LIB.AX,LIBERTY METALS LTD,Materials,,2026-02-07T16:49:57Z,2026-02-08 00:49 AWST,Materials,15,Materials,15100000,EQUITY,ASXListedCompanies.csv
LIC,LIC.AX,LIFESTYLE COMMUNITIES LIMITED,Real Estate Management & Development,,2026-02-07T16:49:57Z,2026-02-08 00:49 AWST,Real Estate,60,Real Estate Management & Development,60200000,EQUITY,ASXListedCompanies.csv
LIN,LIN.AX,LINDIAN RESOURCES LIMITED,Materials,,2026-02-07T16:49:57Z,2026-02-08 00:49 AWST,Materials,15,Materials,15100000,EQUITY,ASXListedCompanies.csv
LIO,LIO.AX,LION ENERGY LIMITED,Energy,,2026-02-07T16:49:57Z,2026-02-08 00:49 AWST,Energy,10,Energy,10100000,EQUITY,ASXListedCompanies.csv
LIS,LIS.AX,LI-S ENERGY LIMITED,Capital Goods,,2026-02-07T16:49:57Z,2026-02-08 00:49 AWST,Industrials,20,Capital Goods,20100000,EQUITY,ASXListedCompanies.csv
LIT,LIT.AX,LIVIUM LTD,Materials,,2026-02-07T16:49:57Z,2026-02-08 00:49 AWST,Materials,15,Materials,15100000,EQUITY,ASXListedCompanies.csv
LKE,LKE.AX,LAKE RESOURCES N.L.,Materials,,2026-02-07T16:49:57Z,2026-02-08 00:49 AWST,Materials,15,Materials,15100000,EQUITY,ASXListedCompanies.csv
LKO,LKO.AX,LAKES BLUE ENERGY NL,Energy,,2026-02-07T16:49:57Z,2026-02-08 00:49 AWST,Energy,10,Energy,10100000,EQUITY,ASXListedCompanies.csv
LKY,LKY.AX,LOCKSLEY RESOURCES LIMITED,Materials,,2026-02-07T16:49:57Z,2026-02-08 00:49 AWST,Materials,15,Materials,15100000,EQUITY,ASXListedCompanies.csv
LLC,LLC.AX,LENDLEASE GROUP,Real Estate Management & Development,,2026-02-07T16:49:57Z,2026-02-08 00:49 AWST,Real Estate,60,Real Estate Management & Development,60200000,EQUITY,ASXListedCompanies.csv
LLM,LLM.AX,LOYAL METALS LTD,Materials,,2026-02-07T16:49:57Z,2026-02-08 00:49 AWST,Materials,15,Materials,15100000,EQUITY,ASXListedCompanies.csv
LM1,LM1.AX,LEEUWIN METALS LTD,Materials,,2026-02-07T16:49:57Z,2026-02-08 00:49 AWST,Materials,15,Materials,15100000,EQUITY,ASXListedCompanies.csv
LM8,LM8.AX,LUNNON METALS LIMITED,Materials,,2026-02-07T16:49:57Z,2026-02-08 00:49 AWST,Materials,15,Materials,15100000,EQUITY,ASXListedCompanies.csv
LMG,LMG.AX,LATROBE MAGNESIUM LIMITED,Materials,,2026-02-07T16:49:57Z,2026-02-08 00:49 AWST,Materials,15,Materials,15100000,EQUITY,ASXListedCompanies.csv
LML,LML.AX,LINCOLN MINERALS LIMITED,Materials,,2026-02-07T16:49:57Z,2026-02-08 00:49 AWST,Materials,15,Materials,15100000,EQUITY,ASXListedCompanies.csv
LMS,LMS.AX,LITCHFIELD MINERALS LIMITED,Materials,,2026-02-07T16:49:57Z,2026-02-08 00:49 AWST,Materials,15,Materials,15100000,EQUITY,ASXListedCompanies.csv
LN1,LN1.AX,LION SERIES 2022-1 TRUST,Not Applic,,2026-02-07T16:49:57Z,2026-02-08 00:49 AWST,Not Applicable,00,Not Applic,00000000,EQUITY,ASXListedCompanies.csv
LN2,LN2.AX,LION SERIES 2023-1 TRUST,Not Applic,,2026-02-07T16:49:57Z,2026-02-08 00:49 AWST,Not Applicable,00,Not Applic,00000000,EQUITY,ASXListedCompanies.csv
LN3,LN3.AX,LION SERIES 2024-1 TRUST,Not Applic,,2026-02-07T16:49:57Z,2026-02-08 00:49 AWST,Not Applicable,00,Not Applic,00000000,EQUITY,ASXListedCompanies.csv
LNAS,LNAS.AX,Global X Ultra Long Nasdaq 100 Complex ETF,ETF/ETP,Spotlight ETP List,2026-02-07T16:49:57Z,2026-02-08 00:49 AWST,,,,,ETF_ETP,ASX Investment Products Monthly Report
LNQ,LNQ.AX,LINQ MINERALS LIMITED,Materials,,2026-02-07T16:49:57Z,2026-02-08 00:49 AWST,Materials,15,Materials,15100000,EQUITY,ASXListedCompanies.csv
LNW,LNW.AX,LIGHT & WONDER INC.,Consumer Services,,2026-02-07T16:49:57Z,2026-02-08 00:49 AWST,Consumer Discretionary,25,Consumer Services,25300000,EQUITY,ASXListedCompanies.csv
LNYN,LNYN.AX,Lanyon Investment Fund Active ETF,ETF/ETP,Spotlight ETP List,2026-02-07T16:49:57Z,2026-02-08 00:49 AWST,,,,,ETF_ETP,ASX Investment Products Monthly Report
LO1,LO1.AX,LLOYDS BANKING GROUP PLC,Not Applic,,2026-02-07T16:49:57Z,2026-02-08 00:49 AWST,Not Applicable,00,Not Applic,00000000,EQUITY,ASXListedCompanies.csv
LOT,LOT.AX,LOTUS RESOURCES LIMITED,Materials,,2026-02-07T16:49:57Z,2026-02-08 00:49 AWST,Materials,15,Materials,15100000,EQUITY,ASXListedCompanies.csv
LOV,LOV.AX,LOVISA HOLDINGS LIMITED,Consumer Discretionary Distribution & Retail,,2026-02-07T16:49:57Z,2026-02-08 00:49 AWST,Consumer Discretionary,25,Consumer Discretionary Distribution & Retail,25500000,EQUITY,ASXListedCompanies.csv
LP1,LP1.AX,LIBERTY PRIME SERIES 2021-1,Not Applic,,2026-02-07T16:49:57Z,2026-02-08 00:49 AWST,Not Applicable,00,Not Applic,00000000,EQUITY,ASXListedCompanies.csv
LPE,LPE.AX,LOCALITY PLANNING ENERGY HOLDINGS LIMITED,Utilities,,2026-02-07T16:49:57Z,2026-02-08 00:49 AWST,Utilities,55,Utilities,55100000,EQUITY,ASXListedCompanies.csv
LPGD,LPGD.AX,Loftus Peak Global Disruption Active ETF,ETF/ETP,Spotlight ETP List,2026-02-07T16:49:57Z,2026-02-08 00:49 AWST,,,,,ETF_ETP,ASX Investment Products Monthly Report
LPHD,LPHD.AX,Loftus Peak Global Disruption Hedged Active ETF,ETF/ETP,Spotlight ETP List,2026-02-07T16:49:57Z,2026-02-08 00:49 AWST,,,,,ETF_ETP,ASX Investment Products Monthly Report
LPM,LPM.AX,LITHIUM PLUS MINERALS LTD.,Materials,,2026-02-07T16:49:57Z,2026-02-08 00:49 AWST,Materials,15,Materials,15100000,EQUITY,ASXListedCompanies.csv
LR1,LR1.AX,LA TROBE FINANCIAL CAPITAL MARKETS TRUST 2023-1,Not Applic,,2026-02-07T16:49:57Z,2026-02-08 00:49 AWST,Not Applicable,00,Not Applic,00000000,EQUITY,ASXListedCompanies.csv
LR3,LR3.AX,LA TROBE FINANCIAL CAPITAL MARKETS TRUST 2024-1,Not Applic,,2026-02-07T16:49:57Z,2026-02-08 00:49 AWST,Not Applicable,00,Not Applic,00000000,EQUITY,ASXListedCompanies.csv
LR4,LR4.AX,LA TROBE FINANCIAL CAPITAL MARKETS TRUST 2023-2,Not Applic,,2026-02-07T16:49:57Z,2026-02-08 00:49 AWST,Not Applicable,00,Not Applic,00000000,EQUITY,ASXListedCompanies.csv
LR5,LR5.AX,LA TROBE FINANCIAL CAPITAL MARKETS TRUST 2024-2,Not Applic,,2026-02-07T16:49:57Z,2026-02-08 00:49 AWST,Not Applicable,00,Not Applic,00000000,EQUITY,ASXListedCompanies.csv
LR6,LR6.AX,LA TROBE FINANCIAL CAPITAL MARKETS TRUST 2024-3,Not Applic,,2026-02-07T16:49:57Z,2026-02-08 00:49 AWST,Not Applicable,00,Not Applic,00000000,EQUITY,ASXListedCompanies.csv
LRD,LRD.AX,LORD RESOURCES LIMITED,Materials,,2026-02-07T16:49:57Z,2026-02-08 00:49 AWST,Materials,15,Materials,15100000,EQUITY,ASXListedCompanies.csv
LRK,LRK.AX,LARK DISTILLING CO. LTD,"Food, Beverage & Tobacco",,2026-02-07T16:49:57Z,2026-02-08 00:49 AWST,Consumer Staples,30,"Food, Beverage & Tobacco",30200000,EQUITY,ASXListedCompanies.csv
LRM,LRM.AX,LION ROCK MINERALS LTD,Materials,,2026-02-07T16:49:57Z,2026-02-08 00:49 AWST,Materials,15,Materials,15100000,EQUITY,ASXListedCompanies.csv
LRT,LRT.AX,LOWELL RESOURCES FUND,Not Applic,,2026-02-07T16:49:57Z,2026-02-08 00:49 AWST,Not Applicable,00,Not Applic,00000000,EQUITY,ASXListedCompanies.csv
LRV,LRV.AX,LARVOTTO RESOURCES LIMITED,Materials,,2026-02-07T16:49:57Z,2026-02-08 00:49 AWST,Materials,15,Materials,15100000,EQUITY,ASXListedCompanies.csv
LSA,LSA.AX,LACHLAN STAR LIMITED,Materials,,2026-02-07T16:49:57Z,2026-02-08 00:49 AWST,Materials,15,Materials,15100000,EQUITY,ASXListedCompanies.csv
LSF,LSF.AX,L1 LONG SHORT FUND LIMITED,Not Applic,,2026-02-07T16:49:57Z,2026-02-08 00:49 AWST,Not Applicable,00,Not Applic,00000000,EQUITY,ASXListedCompanies.csv
LSGE,LSGE.AX,Loomis Sayles Global Equity Fund - Active ETF,ETF/ETP,Spotlight ETP List,2026-02-07T16:49:57Z,2026-02-08 00:49 AWST,,,,,ETF_ETP,ASX Investment Products Monthly Report
LSR,LSR.AX,LODESTAR MINERALS LIMITED,Materials,,2026-02-07T16:49:57Z,2026-02-08 00:49 AWST,Materials,15,Materials,15100000,EQUITY,ASXListedCompanies.csv
LSX,LSX.AX,LION SELECTION GROUP LIMITED.,Not Applic,,2026-02-07T16:49:57Z,2026-02-08 00:49 AWST,Not Applicable,00,Not Applic,00000000,EQUITY,ASXListedCompanies.csv
LT9,LT9.AX,LA TROBE FINANCIAL CAPITAL MARKETS TRUST 2022-2,Not Applic,,2026-02-07T16:49:57Z,2026-02-08 00:49 AWST,Not Applicable,00,Not Applic,00000000,EQUITY,ASXListedCompanies.csv
LTP,LTP.AX,LTR PHARMA LIMITED,"Pharmaceuticals, Biotechnology & Life Sciences",,2026-02-07T16:49:57Z,2026-02-08 00:49 AWST,Health Care,35,"Pharmaceuticals, Biotechnology & Life Sciences",35200000,EQUITY,ASXListedCompanies.csv
LTR,LTR.AX,LIONTOWN LIMITED,Materials,,2026-02-07T16:49:57Z,2026-02-08 00:49 AWST,Materials,15,Materials,15100000,EQUITY,ASXListedCompanies.csv
LU7,LU7.AX,LITHIUM UNIVERSE LIMITED,Materials,,2026-02-07T16:49:57Z,2026-02-08 00:49 AWST,Materials,15,Materials,15100000,EQUITY,ASXListedCompanies.csv
LVE,LVE.AX,LOVE GROUP GLOBAL LTD,Software & Services,,2026-02-07T16:49:57Z,2026-02-08 00:49 AWST,Information Technology,45,Software & Services,45100000,EQUITY,ASXListedCompanies.csv
LYC,LYC.AX,LYNAS RARE EARTHS LIMITED,Materials,,2026-02-07T16:49:57Z,2026-02-08 00:49 AWST,Materials,15,Materials,15100000,EQUITY,ASXListedCompanies.csv
LYL,LYL.AX,LYCOPODIUM LIMITED,Capital Goods,,2026-02-07T16:49:57Z,2026-02-08 00:49 AWST,Industrials,20,Capital Goods,20100000,EQUITY,ASXListedCompanies.csv
M24,M24.AX,MAMBA EXPLORATION LIMITED,Materials,,2026-02-07T16:49:57Z,2026-02-08 00:49 AWST,Materials,15,Materials,15100000,EQUITY,ASXListedCompanies.csv
M2M,M2M.AX,MT MALCOLM MINES NL,Materials,,2026-02-07T16:49:57Z,2026-02-08 00:49 AWST,Materials,15,Materials,15100000,EQUITY,ASXListedCompanies.csv
M2R,M2R.AX,MIRAMAR RESOURCES LIMITED,Materials,,2026-02-07T16:49:57Z,2026-02-08 00:49 AWST,Materials,15,Materials,15100000,EQUITY,ASXListedCompanies.csv
M3M,M3M.AX,M3 MINING LIMITED,Materials,,2026-02-07T16:49:57Z,2026-02-08 00:49 AWST,Materials,15,Materials,15100000,EQUITY,ASXListedCompanies.csv
M4M,M4M.AX,MACRO METALS LIMITED,Materials,,2026-02-07T16:49:57Z,2026-02-08 00:49 AWST,Materials,15,Materials,15100000,EQUITY,ASXListedCompanies.csv
M79,M79.AX,MAMMOTH MINERALS LIMITED,Materials,,2026-02-07T16:49:57Z,2026-02-08 00:49 AWST,Materials,15,Materials,15100000,EQUITY,ASXListedCompanies.csv
M7T,M7T.AX,MACH7 TECHNOLOGIES LIMITED,Health Care Equipment & Services,,2026-02-07T16:49:57Z,2026-02-08 00:49 AWST,Health Care,35,Health Care Equipment & Services,35100000,EQUITY,ASXListedCompanies.csv
MA1,MA1.AX,MA CREDIT INCOME TRUST,Not Applic,,2026-02-07T16:49:57Z,2026-02-08 00:49 AWST,Not Applicable,00,Not Applic,00000000,EQUITY,ASXListedCompanies.csv
MA2,MA2.AX,MA CREDIT PORTFOLIO HOLDINGS LIMITED,Not Applic,,2026-02-07T16:49:57Z,2026-02-08 00:49 AWST,Not Applicable,00,Not Applic,00000000,EQUITY,ASXListedCompanies.csv
MAD,MAD.AX,MADER GROUP LIMITED,Commercial & Professional Services,,2026-02-07T16:49:57Z,2026-02-08 00:49 AWST,Industrials,20,Commercial & Professional Services,20200000,EQUITY,ASXListedCompanies.csv
MAET,MAET.AX,Munro Global Growth Fund Complex ETF,ETF/ETP,Spotlight ETP List,2026-02-07T16:49:57Z,2026-02-08 00:49 AWST,,,,,ETF_ETP,ASX Investment Products Monthly Report
MAF,MAF.AX,MA FINANCIAL GROUP LIMITED,Financial Services,,2026-02-07T16:49:57Z,2026-02-08 00:49 AWST,Financials,40,Financial Services,40200000,EQUITY,ASXListedCompanies.csv
MAG,MAG.AX,MAGMATIC RESOURCES LIMITED,Materials,,2026-02-07T16:49:57Z,2026-02-08 00:49 AWST,Materials,15,Materials,15100000,EQUITY,ASXListedCompanies.csv
MAH,MAH.AX,MACMAHON HOLDINGS LIMITED,Materials,,2026-02-07T16:49:57Z,2026-02-08 00:49 AWST,Materials,15,Materials,15100000,EQUITY,ASXListedCompanies.csv
MAM,MAM.AX,MICROEQUITIES ASSET MANAGEMENT GROUP LIMITED,Financial Services,,2026-02-07T16:49:57Z,2026-02-08 00:49 AWST,Financials,40,Financial Services,40200000,EQUITY,ASXListedCompanies.csv
MAN,MAN.AX,MANDRAKE RESOURCES LIMITED,Materials,,2026-02-07T16:49:57Z,2026-02-08 00:49 AWST,Materials,15,Materials,15100000,EQUITY,ASXListedCompanies.csv
MAP,MAP.AX,MICROBA LIFE SCIENCES LIMITED,Health Care Equipment & Services,,2026-02-07T16:49:57Z,2026-02-08 00:49 AWST,Health Care,35,Health Care Equipment & Services,35100000,EQUITY,ASXListedCompanies.csv
MAQ,MAQ.AX,MACQUARIE TECHNOLOGY GROUP LIMITED,Software & Services,,2026-02-07T16:49:57Z,2026-02-08 00:49 AWST,Information Technology,45,Software & Services,45100000,EQUITY,ASXListedCompanies.csv
MAT,MAT.AX,MATSA RESOURCES LIMITED,Materials,,2026-02-07T16:49:57Z,2026-02-08 00:49 AWST,Materials,15,Materials,15100000,EQUITY,ASXListedCompanies.csv
MAU,MAU.AX,MAGNETIC RESOURCES NL,Materials,,2026-02-07T16:49:57Z,2026-02-08 00:49 AWST,Materials,15,Materials,15100000,EQUITY,ASXListedCompanies.csv
MAY,MAY.AX,MELBANA ENERGY LIMITED,Energy,,2026-02-07T16:49:57Z,2026-02-08 00:49 AWST,Energy,10,Energy,10100000,EQUITY,ASXListedCompanies.csv
MBG,MBG.AX,MB GOLD LIMITED,Class Pend,,2026-02-07T16:49:57Z,2026-02-08 00:49 AWST,Classification Pending,99,Class Pend,99999999,EQUITY,ASXListedCompanies.csv
MBH,MBH.AX,MAGGIE BEER HOLDINGS LTD,"Food, Beverage & Tobacco",,2026-02-07T16:49:57Z,2026-02-08 00:49 AWST,Consumer Staples,30,"Food, Beverage & Tobacco",30200000,EQUITY,ASXListedCompanies.csv
MBK,MBK.AX,METAL BANK LIMITED,Materials,,2026-02-07T16:49:57Z,2026-02-08 00:49 AWST,Materials,15,Materials,15100000,EQUITY,ASXListedCompanies.csv
MBL,MBL.AX,MACQUARIE BANK LIMITED,Not Applic,,2026-02-07T16:49:57Z,2026-02-08 00:49 AWST,Not Applicable,00,Not Applic,00000000,EQUITY,ASXListedCompanies.csv
MC2,MC2.AX,MARIMACA COPPER CORP.,Materials,,2026-02-07T16:49:57Z,2026-02-08 00:49 AWST,Materials,15,Materials,15100000,EQUITY,ASXListedCompanies.csv
MCA,MCA.AX,MURRAY COD AUSTRALIA LIMITED,"Food, Beverage & Tobacco",,2026-02-07T16:49:57Z,2026-02-08 00:49 AWST,Consumer Staples,30,"Food, Beverage & Tobacco",30200000,EQUITY,ASXListedCompanies.csv
MCCL,MCCL.AX,Munro Climate Change Leaders Fund Active ETF,ETF/ETP,Spotlight ETP List,2026-02-07T16:49:57Z,2026-02-08 00:49 AWST,,,,,ETF_ETP,ASX Investment Products Monthly Report
MCE,MCE.AX,MATRIX COMPOSITES & ENGINEERING LIMITED,Energy,,2026-02-07T16:49:57Z,2026-02-08 00:49 AWST,Energy,10,Energy,10100000,EQUITY,ASXListedCompanies.csv
MCGG,MCGG.AX,Munro Concentrated Global Growth Active ETF,ETF/ETP,Spotlight ETP List,2026-02-07T16:49:57Z,2026-02-08 00:49 AWST,,,,,ETF_ETP,ASX Investment Products Monthly Report
MCM,MCM.AX,MC MINING LIMITED,Energy,,2026-02-07T16:49:57Z,2026-02-08 00:49 AWST,Energy,10,Energy,10100000,EQUITY,ASXListedCompanies.csv
MCO,MCO.AX,MYECO GROUP LTD,Materials,,2026-02-07T16:49:57Z,2026-02-08 00:49 AWST,Materials,15,Materials,15100000,EQUITY,ASXListedCompanies.csv
MCP,MCP.AX,MCPHERSON'S LIMITED,Household & Personal Products,,2026-02-07T16:49:57Z,2026-02-08 00:49 AWST,Consumer Staples,30,Household & Personal Products,30300000,EQUITY,ASXListedCompanies.csv
MCY,MCY.AX,MERCURY NZ LIMITED,Utilities,,2026-02-07T16:49:57Z,2026-02-08 00:49 AWST,Utilities,55,Utilities,55100000,EQUITY,ASXListedCompanies.csv
MDI,MDI.AX,MIDDLE ISLAND RESOURCES LIMITED,Materials,,2026-02-07T16:49:57Z,2026-02-08 00:49 AWST,Materials,15,Materials,15100000,EQUITY,ASXListedCompanies.csv
MDX,MDX.AX,MINDAX LIMITED,Materials,,2026-02-07T16:49:57Z,2026-02-08 00:49 AWST,Materials,15,Materials,15100000,EQUITY,ASXListedCompanies.csv
MEC,MEC.AX,MORPHIC ETHICAL EQUITIES FUND LIMITED,Financial Services,,2026-02-07T16:49:57Z,2026-02-08 00:49 AWST,Financials,40,Financial Services,40200000,EQUITY,ASXListedCompanies.csv
MEG,MEG.AX,MEGADO MINERALS LTD,Materials,,2026-02-07T16:49:57Z,2026-02-08 00:49 AWST,Materials,15,Materials,15100000,EQUITY,ASXListedCompanies.csv
MEI,MEI.AX,METEORIC RESOURCES NL,Materials,,2026-02-07T16:49:57Z,2026-02-08 00:49 AWST,Materials,15,Materials,15100000,EQUITY,ASXListedCompanies.csv
MEK,MEK.AX,MEEKA METALS LIMITED,Materials,,2026-02-07T16:49:57Z,2026-02-08 00:49 AWST,Materials,15,Materials,15100000,EQUITY,ASXListedCompanies.csv
MEL,MEL.AX,METGASCO LTD,Energy,,2026-02-07T16:49:57Z,2026-02-08 00:49 AWST,Energy,10,Energy,10100000,EQUITY,ASXListedCompanies.csv
MEM,MEM.AX,MEMPHASYS LIMITED.,"Pharmaceuticals, Biotechnology & Life Sciences",,2026-02-07T16:49:57Z,2026-02-08 00:49 AWST,Health Care,35,"Pharmaceuticals, Biotechnology & Life Sciences",35200000,EQUITY,ASXListedCompanies.csv
MEU,MEU.AX,MARMOTA LIMITED,Energy,,2026-02-07T16:49:57Z,2026-02-08 00:49 AWST,Energy,10,Energy,10100000,EQUITY,ASXListedCompanies.csv
MEX,MEX.AX,MINERALS EXPLORATION LIMITED,Materials,,2026-02-07T16:49:57Z,2026-02-08 00:49 AWST,Materials,15,Materials,15100000,EQUITY,ASXListedCompanies.csv
MEZ,MEZ.AX,MERIDIAN ENERGY LIMITED,Utilities,,2026-02-07T16:49:57Z,2026-02-08 00:49 AWST,Utilities,55,Utilities,55100000,EQUITY,ASXListedCompanies.csv
MF3,MF3.AX,METRO FINANCE 2023-1 TRUST,Not Applic,,2026-02-07T16:49:57Z,2026-02-08 00:49 AWST,Not Applicable,00,Not Applic,00000000,EQUITY,ASXListedCompanies.csv
MF4,MF4.AX,METRO FINANCE 2024-1 TRUST,Not Applic,,2026-02-07T16:49:57Z,2026-02-08 00:49 AWST,Not Applicable,00,Not Applic,00000000,EQUITY,ASXListedCompanies.csv
MF5,MF5.AX,METRO FINANCE 2023-2 TRUST,Not Applic,,2026-02-07T16:49:57Z,2026-02-08 00:49 AWST,Not Applicable,00,Not Applic,00000000,EQUITY,ASXListedCompanies.csv
MF6,MF6.AX,METRO FINANCE 2025-1 TRUST,Not Applic,,2026-02-07T16:49:57Z,2026-02-08 00:49 AWST,Not Applicable,00,Not Applic,00000000,EQUITY,ASXListedCompanies.csv
MFD,MFD.AX,MAYFIELD CHILDCARE LIMITED,Consumer Services,,2026-02-07T16:49:57Z,2026-02-08 00:49 AWST,Consumer Discretionary,25,Consumer Services,25300000,EQUITY,ASXListedCompanies.csv
MFF,MFF.AX,MFF CAPITAL INVESTMENTS LIMITED,Not Applic,,2026-02-07T16:49:57Z,2026-02-08 00:49 AWST,Not Applicable,00,Not Applic,00000000,EQUITY,ASXListedCompanies.csv
MFG,MFG.AX,MAGELLAN FINANCIAL GROUP LIMITED,Financial Services,,2026-02-07T16:49:57Z,2026-02-08 00:49 AWST,Financials,40,Financial Services,40200000,EQUITY,ASXListedCompanies.csv
MFOA,MFOA.AX,Milford Australian Absolute Growth Complex ETF,ETF/ETP,Spotlight ETP List,2026-02-07T16:49:57Z,2026-02-08 00:49 AWST,,,,,ETF_ETP,ASX Investment Products Monthly Report
MGA,MGA.AX,METALSGROVE MINING LTD,Materials,,2026-02-07T16:49:57Z,2026-02-08 00:49 AWST,Materials,15,Materials,15100000,EQUITY,ASXListedCompanies.csv
MGH,MGH.AX,MAAS GROUP HOLDINGS LIMITED,Capital Goods,,2026-02-07T16:49:57Z,2026-02-08 00:49 AWST,Industrials,20,Capital Goods,20100000,EQUITY,ASXListedCompanies.csv
MGL,MGL.AX,MAGONTEC LIMITED,Materials,,2026-02-07T16:49:57Z,2026-02-08 00:49 AWST,Materials,15,Materials,15100000,EQUITY,ASXListedCompanies.csv
MGOC,MGOC.AX,Magellan Global Fund -Open Class Units -Active ETF,ETF/ETP,Spotlight ETP List,2026-02-07T16:49:57Z,2026-02-08 00:49 AWST,,,,,ETF_ETP,ASX Investment Products Monthly Report
MGR,MGR.AX,MIRVAC GROUP,Equity Real Estate Investment Trusts (REITs),,2026-02-07T16:49:57Z,2026-02-08 00:49 AWST,Real Estate,60,Equity Real Estate Investment Trusts (REITs),60100000,EQUITY,ASXListedCompanies.csv
MGT,MGT.AX,MAGNETITE MINES LIMITED.,Materials,,2026-02-07T16:49:57Z,2026-02-08 00:49 AWST,Materials,15,Materials,15100000,EQUITY,ASXListedCompanies.csv
MGU,MGU.AX,MAGNUM MINING AND EXPLORATION LIMITED,Materials,,2026-02-07T16:49:57Z,2026-02-08 00:49 AWST,Materials,15,Materials,15100000,EQUITY,ASXListedCompanies.csv
MGX,MGX.AX,MGX RESOURCES LIMITED,Materials,,2026-02-07T16:49:57Z,2026-02-08 00:49 AWST,Materials,15,Materials,15100000,EQUITY,ASXListedCompanies.csv
MHC,MHC.AX,MANHATTAN GOLD CORPORATION LIMITED,Energy,,2026-02-07T16:49:57Z,2026-02-08 00:49 AWST,Energy,10,Energy,10100000,EQUITY,ASXListedCompanies.csv
MHG,MHG.AX,Magellan Global Eq Fund (Currencyhdg) - Active ETF,ETF/ETP,Spotlight ETP List,2026-02-07T16:49:57Z,2026-02-08 00:49 AWST,,,,,ETF_ETP,ASX Investment Products Monthly Report
MHJ,MHJ.AX,MICHAEL HILL INTERNATIONAL LIMITED,Consumer Discretionary Distribution & Retail,,2026-02-07T16:49:57Z,2026-02-08 00:49 AWST,Consumer Discretionary,25,Consumer Discretionary Distribution & Retail,25500000,EQUITY,ASXListedCompanies.csv
MHK,MHK.AX,METAL HAWK LIMITED.,Materials,,2026-02-07T16:49:57Z,2026-02-08 00:49 AWST,Materials,15,Materials,15100000,EQUITY,ASXListedCompanies.csv
MHM,MHM.AX,MOUNT HOPE MINING LIMITED,Materials,,2026-02-07T16:49:57Z,2026-02-08 00:49 AWST,Materials,15,Materials,15100000,EQUITY,ASXListedCompanies.csv
MHOT,MHOT.AX,VanEck Morningstar Wide Moat (AUD Hedged) ETF,ETF/ETP,Spotlight ETP List,2026-02-07T16:49:57Z,2026-02-08 00:49 AWST,,,,,ETF_ETP,ASX Investment Products Monthly Report
MI6,MI6.AX,MINERALS 260 LIMITED,Materials,,2026-02-07T16:49:57Z,2026-02-08 00:49 AWST,Materials,15,Materials,15100000,EQUITY,ASXListedCompanies.csv
MICH,MICH.AX,Magellan Infra Fund (Currency Hedged) - Active ETF,ETF/ETP,Spotlight ETP List,2026-02-07T16:49:57Z,2026-02-08 00:49 AWST,,,,,ETF_ETP,ASX Investment Products Monthly Report
MIDS,MIDS.AX,Antipodes Global SMID Active ETF,ETF/ETP,Spotlight ETP List,2026-02-07T16:49:57Z,2026-02-08 00:49 AWST,,,,,ETF_ETP,ASX Investment Products Monthly Report
MIN,MIN.AX,MINERAL RESOURCES LIMITED,Materials,,2026-02-07T16:49:57Z,2026-02-08 00:49 AWST,Materials,15,Materials,15100000,EQUITY,ASXListedCompanies.csv
MIO,MIO.AX,MACARTHUR MINERALS LIMITED,Materials,,2026-02-07T16:49:57Z,2026-02-08 00:49 AWST,Materials,15,Materials,15100000,EQUITY,ASXListedCompanies.csv
MIR,MIR.AX,MIRRABOOKA INVESTMENTS LIMITED,Not Applic,,2026-02-07T16:49:57Z,2026-02-08 00:49 AWST,Not Applicable,00,Not Applic,00000000,EQUITY,ASXListedCompanies.csv
MKAX,MKAX.AX,Montaka Global Extension Fund - Complex ETF,ETF/ETP,Spotlight ETP List,2026-02-07T16:49:57Z,2026-02-08 00:49 AWST,,,,,ETF_ETP,ASX Investment Products Monthly Report
MKR,MKR.AX,MANUKA RESOURCES LTD.,Materials,,2026-02-07T16:49:57Z,2026-02-08 00:49 AWST,Materials,15,Materials,15100000,EQUITY,ASXListedCompanies.csv
ML2,ML2.AX,MA MONEY RESIDENTIAL SECURITISATION TRUST 2025-1,Not Applic,,2026-02-07T16:49:57Z,2026-02-08 00:49 AWST,Not Applicable,00,Not Applic,00000000,EQUITY,ASXListedCompanies.csv
ML8,ML8.AX,MOONLIGHT RESOURCES LTD,Materials,,2026-02-07T16:49:57Z,2026-02-08 00:49 AWST,Materials,15,Materials,15100000,EQUITY,ASXListedCompanies.csv
MLG,MLG.AX,MLG OZ LIMITED,Materials,,2026-02-07T16:49:57Z,2026-02-08 00:49 AWST,Materials,15,Materials,15100000,EQUITY,ASXListedCompanies.csv
MLS,MLS.AX,METALS AUSTRALIA LTD,Materials,,2026-02-07T16:49:57Z,2026-02-08 00:49 AWST,Materials,15,Materials,15100000,EQUITY,ASXListedCompanies.csv
MLX,MLX.AX,METALS X LIMITED,Materials,,2026-02-07T16:49:57Z,2026-02-08 00:49 AWST,Materials,15,Materials,15100000,EQUITY,ASXListedCompanies.csv
MM1,MM1.AX,MIDAS MINERALS LTD,Materials,,2026-02-07T16:49:57Z,2026-02-08 00:49 AWST,Materials,15,Materials,15100000,EQUITY,ASXListedCompanies.csv
MM2,MM2.AX,MME AUTOPAY ABS 2024-1 TRUST,Not Applic,,2026-02-07T16:49:57Z,2026-02-08 00:49 AWST,Not Applicable,00,Not Applic,00000000,EQUITY,ASXListedCompanies.csv
MM4,MM4.AX,MME PL 2025-1 TRUST,Not Applic,,2026-02-07T16:49:57Z,2026-02-08 00:49 AWST,Not Applicable,00,Not Applic,00000000,EQUITY,ASXListedCompanies.csv
MM8,MM8.AX,MEDALLION METALS LIMITED.,Materials,,2026-02-07T16:49:57Z,2026-02-08 00:49 AWST,Materials,15,Materials,15100000,EQUITY,ASXListedCompanies.csv
MMA,MMA.AX,MARONAN METALS LIMITED,Materials,,2026-02-07T16:49:57Z,2026-02-08 00:49 AWST,Materials,15,Materials,15100000,EQUITY,ASXListedCompanies.csv
MME,MME.AX,MONEYME LIMITED,Financial Services,,2026-02-07T16:49:57Z,2026-02-08 00:49 AWST,Financials,40,Financial Services,40200000,EQUITY,ASXListedCompanies.csv
MMI,MMI.AX,METRO MINING LIMITED,Materials,,2026-02-07T16:49:57Z,2026-02-08 00:49 AWST,Materials,15,Materials,15100000,EQUITY,ASXListedCompanies.csv
MMKT,MMKT.AX,Betashares Australian Cash Plus Active ETF,ETF/ETP,Spotlight ETP List,2026-02-07T16:49:57Z,2026-02-08 00:49 AWST,,,,,ETF_ETP,ASX Investment Products Monthly Report
MML,MML.AX,MCLAREN MINERALS LIMITED,Materials,,2026-02-07T16:49:57Z,2026-02-08 00:49 AWST,Materials,15,Materials,15100000,EQUITY,ASXListedCompanies.csv
MMR,MMR.AX,MEC RESOURCES LIMITED,Energy,,2026-02-07T16:49:57Z,2026-02-08 00:49 AWST,Energy,10,Energy,10100000,EQUITY,ASXListedCompanies.csv
MMS,MMS.AX,MCMILLAN SHAKESPEARE LIMITED,Commercial & Professional Services,,2026-02-07T16:49:57Z,2026-02-08 00:49 AWST,Industrials,20,Commercial & Professional Services,20200000,EQUITY,ASXListedCompanies.csv
MNB,MNB.AX,MINBOS RESOURCES LIMITED,Materials,,2026-02-07T16:49:57Z,2026-02-08 00:49 AWST,Materials,15,Materials,15100000,EQUITY,ASXListedCompanies.csv
MNC,MNC.AX,MERINO & CO. LIMITED,Consumer Durables & Apparel,,2026-02-07T16:49:57Z,2026-02-08 00:49 AWST,Consumer Discretionary,25,Consumer Durables & Apparel,25200000,EQUITY,ASXListedCompanies.csv
MND,MND.AX,MONADELPHOUS GROUP LIMITED,Capital Goods,,2026-02-07T16:49:57Z,2026-02-08 00:49 AWST,Industrials,20,Capital Goods,20100000,EQUITY,ASXListedCompanies.csv
MNE,MNE.AX,MACALLUM NEW ENERGY LIMITED,Class Pend,,2026-02-07T16:49:57Z,2026-02-08 00:49 AWST,Classification Pending,99,Class Pend,99999999,EQUITY,ASXListedCompanies.csv
MNRS,MNRS.AX,Betashares Global Gold Miners ETF - Currency Hedged,ETF/ETP,Spotlight ETP List,2026-02-07T16:49:57Z,2026-02-08 00:49 AWST,,,,,ETF_ETP,ASX Investment Products Monthly Report
MOAT,MOAT.AX,VanEck Morningstar Wide Moat ETF,ETF/ETP,Spotlight ETP List,2026-02-07T16:49:57Z,2026-02-08 00:49 AWST,,,,,ETF_ETP,ASX Investment Products Monthly Report
MOGL,MOGL.AX,Montaka Global Fund - Active ETF,ETF/ETP,Spotlight ETP List,2026-02-07T16:49:57Z,2026-02-08 00:49 AWST,,,,,ETF_ETP,ASX Investment Products Monthly Report
MOH,MOH.AX,MOHO RESOURCES LIMITED,Materials,,2026-02-07T16:49:57Z,2026-02-08 00:49 AWST,Materials,15,Materials,15100000,EQUITY,ASXListedCompanies.csv
MOM,MOM.AX,MOAB MINERALS LIMITED,Materials,,2026-02-07T16:49:57Z,2026-02-08 00:49 AWST,Materials,15,Materials,15100000,EQUITY,ASXListedCompanies.csv
MOT,MOT.AX,METRICS INCOME OPPORTUNITIES TRUST,Not Applic,,2026-02-07T16:49:57Z,2026-02-08 00:49 AWST,Not Applicable,00,Not Applic,00000000,EQUITY,ASXListedCompanies.csv
MOV,MOV.AX,MOVE LOGISTICS GROUP LIMITED,Transportation,,2026-02-07T16:49:57Z,2026-02-08 00:49 AWST,Industrials,20,Transportation,20300000,EQUITY,ASXListedCompanies.csv
MP1,MP1.AX,MEGAPORT LIMITED,Software & Services,,2026-02-07T16:49:57Z,2026-02-08 00:49 AWST,Information Technology,45,Software & Services,45100000,EQUITY,ASXListedCompanies.csv
MPK,MPK.AX,MANY PEAKS MINERALS LTD,Materials,,2026-02-07T16:49:57Z,2026-02-08 00:49 AWST,Materials,15,Materials,15100000,EQUITY,ASXListedCompanies.csv
MPL,MPL.AX,MEDIBANK PRIVATE LIMITED,Insurance,,2026-02-07T16:49:57Z,2026-02-08 00:49 AWST,Financials,40,Insurance,40300000,EQUITY,ASXListedCompanies.csv
MPP,MPP.AX,METRO PERFORMANCE GLASS LIMITED,Capital Goods,,2026-02-07T16:49:57Z,2026-02-08 00:49 AWST,Industrials,20,Capital Goods,20100000,EQUITY,ASXListedCompanies.csv
MPR,MPR.AX,MPR AUSTRALIA LIMITED,Financial Services,,2026-02-07T16:49:57Z,2026-02-08 00:49 AWST,Financials,40,Financial Services,40200000,EQUITY,ASXListedCompanies.csv
MPW,MPW.AX,METAL POWDER WORKS LIMITED,Capital Goods,,2026-02-07T16:49:57Z,2026-02-08 00:49 AWST,Industrials,20,Capital Goods,20100000,EQUITY,ASXListedCompanies.csv
MPX,MPX.AX,MUSTERA PROPERTY GROUP LIMITED,Real Estate Management & Development,,2026-02-07T16:49:57Z,2026-02-08 00:49 AWST,Real Estate,60,Real Estate Management & Development,60200000,EQUITY,ASXListedCompanies.csv
MQAE,MQAE.AX,Macquarie Core Australian Equity Active ETF,ETF/ETP,Spotlight ETP List,2026-02-07T16:49:57Z,2026-02-08 00:49 AWST,,,,,ETF_ETP,ASX Investment Products Monthly Report
MQDB,MQDB.AX,Macquarie Dynamic Bond Active ETF,ETF/ETP,Spotlight ETP List,2026-02-07T16:49:57Z,2026-02-08 00:49 AWST,,,,,ETF_ETP,ASX Investment Products Monthly Report
MQEG,MQEG.AX,Macquarie Core Global Equity Active ETF,ETF/ETP,Spotlight ETP List,2026-02-07T16:49:57Z,2026-02-08 00:49 AWST,,,,,ETF_ETP,ASX Investment Products Monthly Report
MQG,MQG.AX,MACQUARIE GROUP LIMITED,Financial Services,,2026-02-07T16:49:57Z,2026-02-08 00:49 AWST,Financials,40,Financial Services,40200000,EQUITY,ASXListedCompanies.csv
MQHG,MQHG.AX,Macquarie Core Global Equity (Hedged) Active ETF,ETF/ETP,Spotlight ETP List,2026-02-07T16:49:57Z,2026-02-08 00:49 AWST,,,,,ETF_ETP,ASX Investment Products Monthly Report
MQIO,MQIO.AX,Macquarie Income Opportunities Active ETF,ETF/ETP,Spotlight ETP List,2026-02-07T16:49:57Z,2026-02-08 00:49 AWST,,,,,ETF_ETP,ASX Investment Products Monthly Report
MQR,MQR.AX,MARQUEE RESOURCES LIMITED,Materials,,2026-02-07T16:49:57Z,2026-02-08 00:49 AWST,Materials,15,Materials,15100000,EQUITY,ASXListedCompanies.csv
MQSD,MQSD.AX,Macquarie Subordinated Debt Active ETF,ETF/ETP,Spotlight ETP List,2026-02-07T16:49:57Z,2026-02-08 00:49 AWST,,,,,ETF_ETP,ASX Investment Products Monthly Report
MQWS,MQWS.AX,Macquarie Walter Scott Global Equity Active ETF,ETF/ETP,Spotlight ETP List,2026-02-07T16:49:57Z,2026-02-08 00:49 AWST,,,,,ETF_ETP,ASX Investment Products Monthly Report
MQYM,MQYM.AX,Macquarie Global Yield Maximiser Active ETF,ETF/ETP,Spotlight ETP List,2026-02-07T16:49:57Z,2026-02-08 00:49 AWST,,,,,ETF_ETP,ASX Investment Products Monthly Report
MRC,MRC.AX,MINERAL COMMODITIES LTD,Materials,,2026-02-07T16:49:57Z,2026-02-08 00:49 AWST,Materials,15,Materials,15100000,EQUITY,ASXListedCompanies.csv
MRD,MRD.AX,MOUNT RIDLEY MINES LIMITED,Materials,,2026-02-07T16:49:57Z,2026-02-08 00:49 AWST,Materials,15,Materials,15100000,EQUITY,ASXListedCompanies.csv
MRE,MRE.AX,METRICS REAL ESTATE MULTI-STRATEGY FUND,Not Applic,,2026-02-07T16:49:57Z,2026-02-08 00:49 AWST,Not Applicable,00,Not Applic,00000000,EQUITY,ASXListedCompanies.csv
MRQ,MRQ.AX,MRG METALS LIMITED,Materials,,2026-02-07T16:49:57Z,2026-02-08 00:49 AWST,Materials,15,Materials,15100000,EQUITY,ASXListedCompanies.csv
MRR,MRR.AX,MINREX RESOURCES LIMITED,Materials,,2026-02-07T16:49:57Z,2026-02-08 00:49 AWST,Materials,15,Materials,15100000,EQUITY,ASXListedCompanies.csv
MRZ,MRZ.AX,MONT ROYAL RESOURCES LIMITED,Materials,,2026-02-07T16:49:57Z,2026-02-08 00:49 AWST,Materials,15,Materials,15100000,EQUITY,ASXListedCompanies.csv
MSB,MSB.AX,MESOBLAST LIMITED,"Pharmaceuticals, Biotechnology & Life Sciences",,2026-02-07T16:49:57Z,2026-02-08 00:49 AWST,Health Care,35,"Pharmaceuticals, Biotechnology & Life Sciences",35200000,EQUITY,ASXListedCompanies.csv
MSG,MSG.AX,MCS SERVICES LIMITED,Commercial & Professional Services,,2026-02-07T16:49:57Z,2026-02-08 00:49 AWST,Industrials,20,Commercial & Professional Services,20200000,EQUITY,ASXListedCompanies.csv
MSI,MSI.AX,MULTISTACK INTERNATIONAL LIMITED,Capital Goods,,2026-02-07T16:49:57Z,2026-02-08 00:49 AWST,Industrials,20,Capital Goods,20100000,EQUITY,ASXListedCompanies.csv
MSTR,MSTR.AX,Morningstar International Shares Active ETF,ETF/ETP,Spotlight ETP List,2026-02-07T16:49:57Z,2026-02-08 00:49 AWST,,,,,ETF_ETP,ASX Investment Products Monthly Report
MSV,MSV.AX,MITCHELL SERVICES LIMITED,Materials,,2026-02-07T16:49:57Z,2026-02-08 00:49 AWST,Materials,15,Materials,15100000,EQUITY,ASXListedCompanies.csv
MTC,MTC.AX,METALSTECH LIMITED,Materials,,2026-02-07T16:49:57Z,2026-02-08 00:49 AWST,Materials,15,Materials,15100000,EQUITY,ASXListedCompanies.csv
MTH,MTH.AX,MITHRIL SILVER AND GOLD LIMITED,Materials,,2026-02-07T16:49:57Z,2026-02-08 00:49 AWST,Materials,15,Materials,15100000,EQUITY,ASXListedCompanies.csv
MTL,MTL.AX,MANTLE MINERALS LIMITED,Materials,,2026-02-07T16:49:57Z,2026-02-08 00:49 AWST,Materials,15,Materials,15100000,EQUITY,ASXListedCompanies.csv
MTM,MTM.AX,METALLIUM LIMITED,Materials,,2026-02-07T16:49:57Z,2026-02-08 00:49 AWST,Materials,15,Materials,15100000,EQUITY,ASXListedCompanies.csv
MTO,MTO.AX,MOTORCYCLE HOLDINGS LIMITED,Consumer Discretionary Distribution & Retail,,2026-02-07T16:49:57Z,2026-02-08 00:49 AWST,Consumer Discretionary,25,Consumer Discretionary Distribution & Retail,25500000,EQUITY,ASXListedCompanies.csv
MTS,MTS.AX,METCASH LIMITED,Consumer Staples Distribution & Retail,,2026-02-07T16:49:57Z,2026-02-08 00:49 AWST,Consumer Staples,30,Consumer Staples Distribution & Retail,30100000,EQUITY,ASXListedCompanies.csv
MTUM,MTUM.AX,Betashares Australian Momentum ETF,ETF/ETP,Spotlight ETP List,2026-02-07T16:49:57Z,2026-02-08 00:49 AWST,,,,,ETF_ETP,ASX Investment Products Monthly Report
MVA,MVA.AX,VanEck Australian Property ETF,ETF/ETP,Spotlight ETP List,2026-02-07T16:49:57Z,2026-02-08 00:49 AWST,,,,,ETF_ETP,ASX Investment Products Monthly Report
MVB,MVB.AX,VanEck Australian Banks ETF,ETF/ETP,Spotlight ETP List,2026-02-07T16:49:57Z,2026-02-08 00:49 AWST,,,,,ETF_ETP,ASX Investment Products Monthly Report
MVE,MVE.AX,VanEck S&P/ASX MidCap ETF,ETF/ETP,Spotlight ETP List,2026-02-07T16:49:57Z,2026-02-08 00:49 AWST,,,,,ETF_ETP,ASX Investment Products Monthly Report
MVF,MVF.AX,MONASH IVF GROUP LIMITED,Health Care Equipment & Services,,2026-02-07T16:49:57Z,2026-02-08 00:49 AWST,Health Care,35,Health Care Equipment & Services,35100000,EQUITY,ASXListedCompanies.csv
MVL,MVL.AX,MARVEL GOLD LIMITED,Materials,,2026-02-07T16:49:57Z,2026-02-08 00:49 AWST,Materials,15,Materials,15100000,EQUITY,ASXListedCompanies.csv
MVOL,MVOL.AX,iShares Edge MSCI Australia Minimum Volatility ETF,ETF/ETP,Spotlight ETP List,2026-02-07T16:49:57Z,2026-02-08 00:49 AWST,,,,,ETF_ETP,ASX Investment Products Monthly Report
MVP,MVP.AX,MEDICAL DEVELOPMENTS INTERNATIONAL LIMITED,"Pharmaceuticals, Biotechnology & Life Sciences",,2026-02-07T16:49:57Z,2026-02-08 00:49 AWST,Health Care,35,"Pharmaceuticals, Biotechnology & Life Sciences",35200000,EQUITY,ASXListedCompanies.csv
MVR,MVR.AX,VanEck Australian Resources ETF,ETF/ETP,Spotlight ETP List,2026-02-07T16:49:57Z,2026-02-08 00:49 AWST,,,,,ETF_ETP,ASX Investment Products Monthly Report
MVS,MVS.AX,VanEck Small Companies Masters ETF,ETF/ETP,Spotlight ETP List,2026-02-07T16:49:57Z,2026-02-08 00:49 AWST,,,,,ETF_ETP,ASX Investment Products Monthly Report
MVW,MVW.AX,VanEck Australian Equal Weight ETF,ETF/ETP,Spotlight ETP List,2026-02-07T16:49:57Z,2026-02-08 00:49 AWST,,,,,ETF_ETP,ASX Investment Products Monthly Report
MX1,MX1.AX,MICRO-X LIMITED,Health Care Equipment & Services,,2026-02-07T16:49:57Z,2026-02-08 00:49 AWST,Health Care,35,Health Care Equipment & Services,35100000,EQUITY,ASXListedCompanies.csv
MXI,MXI.AX,MAXIPARTS LIMITED,Capital Goods,,2026-02-07T16:49:57Z,2026-02-08 00:49 AWST,Industrials,20,Capital Goods,20100000,EQUITY,ASXListedCompanies.csv
MXO,MXO.AX,MOTIO LTD,Media & Entertainment,,2026-02-07T16:49:57Z,2026-02-08 00:49 AWST,Communication Services,50,Media & Entertainment,50200000,EQUITY,ASXListedCompanies.csv
MXT,MXT.AX,METRICS MASTER INCOME TRUST,Not Applic,,2026-02-07T16:49:57Z,2026-02-08 00:49 AWST,Not Applicable,00,Not Applic,00000000,EQUITY,ASXListedCompanies.csv
MYE,MYE.AX,MASTERMYNE GROUP LIMITED,Materials,,2026-02-07T16:49:57Z,2026-02-08 00:49 AWST,Materials,15,Materials,15100000,EQUITY,ASXListedCompanies.csv
MYG,MYG.AX,MAYFIELD GROUP HOLDINGS LIMITED,Capital Goods,,2026-02-07T16:49:57Z,2026-02-08 00:49 AWST,Industrials,20,Capital Goods,20100000,EQUITY,ASXListedCompanies.csv
MYR,MYR.AX,MYER HOLDINGS LIMITED,Consumer Discretionary Distribution & Retail,,2026-02-07T16:49:57Z,2026-02-08 00:49 AWST,Consumer Discretionary,25,Consumer Discretionary Distribution & Retail,25500000,EQUITY,ASXListedCompanies.csv
MYS,MYS.AX,MYSTATE LIMITED,Banks,,2026-02-07T16:49:57Z,2026-02-08 00:49 AWST,Financials,40,Banks,40100000,EQUITY,ASXListedCompanies.csv
MYX,MYX.AX,MAYNE PHARMA GROUP LIMITED,"Pharmaceuticals, Biotechnology & Life Sciences",,2026-02-07T16:49:57Z,2026-02-08 00:49 AWST,Health Care,35,"Pharmaceuticals, Biotechnology & Life Sciences",35200000,EQUITY,ASXListedCompanies.csv
MZ1,MZ1.AX,MEDALLION TRUST SERIES 2017-1,Not Applic,,2026-02-07T16:49:57Z,2026-02-08 00:49 AWST,Not Applicable,00,Not Applic,00000000,EQUITY,ASXListedCompanies.csv
MZ2,MZ2.AX,MEDALLION TRUST SERIES 2017-2,Not Applic,,2026-02-07T16:49:57Z,2026-02-08 00:49 AWST,Not Applicable,00,Not Applic,00000000,EQUITY,ASXListedCompanies.csv
MZF,MZF.AX,MEDALLION TRUST SERIES 2016-1,Not Applic,,2026-02-07T16:49:57Z,2026-02-08 00:49 AWST,Not Applicable,00,Not Applic,00000000,EQUITY,ASXListedCompanies.csv
MZT,MZT.AX,MEDALLION TRUST SERIES 2016-2,Not Applic,,2026-02-07T16:49:57Z,2026-02-08 00:49 AWST,Not Applicable,00,Not Applic,00000000,EQUITY,ASXListedCompanies.csv
N1H,N1H.AX,N1 HOLDINGS LIMITED,Financial Services,,2026-02-07T16:49:57Z,2026-02-08 00:49 AWST,Financials,40,Financial Services,40200000,EQUITY,ASXListedCompanies.csv
NAB,NAB.AX,NATIONAL AUSTRALIA BANK LIMITED,Banks,,2026-02-07T16:49:57Z,2026-02-08 00:49 AWST,Financials,40,Banks,40100000,EQUITY,ASXListedCompanies.csv
NAC,NAC.AX,NAOS EX-50 OPPORTUNITIES COMPANY LIMITED,Not Applic,,2026-02-07T16:49:57Z,2026-02-08 00:49 AWST,Not Applicable,00,Not Applic,00000000,EQUITY,ASXListedCompanies.csv
NAE,NAE.AX,NEW AGE EXPLORATION LIMITED,Energy,,2026-02-07T16:49:57Z,2026-02-08 00:49 AWST,Energy,10,Energy,10100000,EQUITY,ASXListedCompanies.csv
NAG,NAG.AX,NAGAMBIE RESOURCES LIMITED,Materials,,2026-02-07T16:49:57Z,2026-02-08 00:49 AWST,Materials,15,Materials,15100000,EQUITY,ASXListedCompanies.csv
NAN,NAN.AX,NANOSONICS LIMITED,Health Care Equipment & Services,,2026-02-07T16:49:57Z,2026-02-08 00:49 AWST,Health Care,35,Health Care Equipment & Services,35100000,EQUITY,ASXListedCompanies.csv
NBS,NBS.AX,NATIONWIDE BUILDING SOCIETY.,Not Applic,,2026-02-07T16:49:57Z,2026-02-08 00:49 AWST,Not Applicable,00,Not Applic,00000000,EQUITY,ASXListedCompanies.csv
NC1,NC1.AX,NICO RESOURCES LIMITED,Materials,,2026-02-07T16:49:57Z,2026-02-08 00:49 AWST,Materials,15,Materials,15100000,EQUITY,ASXListedCompanies.csv
NC6,NC6.AX,NANOLLOSE LIMITED,"Pharmaceuticals, Biotechnology & Life Sciences",,2026-02-07T16:49:57Z,2026-02-08 00:49 AWST,Health Care,35,"Pharmaceuticals, Biotechnology & Life Sciences",35200000,EQUITY,ASXListedCompanies.csv
NCC,NCC.AX,NAOS EMERGING OPPORTUNITIES COMPANY LIMITED,Not Applic,,2026-02-07T16:49:57Z,2026-02-08 00:49 AWST,Not Applicable,00,Not Applic,00000000,EQUITY,ASXListedCompanies.csv
NCK,NCK.AX,NICK SCALI LIMITED,Consumer Discretionary Distribution & Retail,,2026-02-07T16:49:57Z,2026-02-08 00:49 AWST,Consumer Discretionary,25,Consumer Discretionary Distribution & Retail,25500000,EQUITY,ASXListedCompanies.csv
NDIA,NDIA.AX,Global X India Nifty 50 ETF,ETF/ETP,Spotlight ETP List,2026-02-07T16:49:57Z,2026-02-08 00:49 AWST,,,,,ETF_ETP,ASX Investment Products Monthly Report
NDO,NDO.AX,NIDO EDUCATION LIMITED,Consumer Services,,2026-02-07T16:49:57Z,2026-02-08 00:49 AWST,Consumer Discretionary,25,Consumer Services,25300000,EQUITY,ASXListedCompanies.csv
NDQ,NDQ.AX,Betashares NASDAQ 100 ETF,ETF/ETP,Spotlight ETP List,2026-02-07T16:49:57Z,2026-02-08 00:49 AWST,,,,,ETF_ETP,ASX Investment Products Monthly Report
NEC,NEC.AX,NINE ENTERTAINMENT CO. HOLDINGS LIMITED,Media & Entertainment,,2026-02-07T16:49:57Z,2026-02-08 00:49 AWST,Communication Services,50,Media & Entertainment,50200000,EQUITY,ASXListedCompanies.csv
NEM,NEM.AX,NEWMONT CORPORATION,Materials,,2026-02-07T16:49:57Z,2026-02-08 00:49 AWST,Materials,15,Materials,15100000,EQUITY,ASXListedCompanies.csv
NES,NES.AX,NELSON RESOURCES LIMITED.,Materials,,2026-02-07T16:49:57Z,2026-02-08 00:49 AWST,Materials,15,Materials,15100000,EQUITY,ASXListedCompanies.csv
NEU,NEU.AX,NEUREN PHARMACEUTICALS LIMITED,"Pharmaceuticals, Biotechnology & Life Sciences",,2026-02-07T16:49:57Z,2026-02-08 00:49 AWST,Health Care,35,"Pharmaceuticals, Biotechnology & Life Sciences",35200000,EQUITY,ASXListedCompanies.csv
NFL,NFL.AX,NORFOLK METALS LIMITED,Materials,,2026-02-07T16:49:57Z,2026-02-08 00:49 AWST,Materials,15,Materials,15100000,EQUITY,ASXListedCompanies.csv
NFM,NFM.AX,NEW FRONTIER MINERALS LIMITED,Materials,,2026-02-07T16:49:57Z,2026-02-08 00:49 AWST,Materials,15,Materials,15100000,EQUITY,ASXListedCompanies.csv
NFN,NFN.AX,NUFARM FINANCE (NZ) LIMITED,Not Applic,,2026-02-07T16:49:57Z,2026-02-08 00:49 AWST,Not Applicable,00,Not Applic,00000000,EQUITY,ASXListedCompanies.csv
NGE,NGE.AX,NGE CAPITAL LIMITED,Not Applic,,2026-02-07T16:49:57Z,2026-02-08 00:49 AWST,Not Applicable,00,Not Applic,00000000,EQUITY,ASXListedCompanies.csv
NGI,NGI.AX,NAVIGATOR GLOBAL INVESTMENTS LIMITED,Financial Services,,2026-02-07T16:49:57Z,2026-02-08 00:49 AWST,Financials,40,Financial Services,40200000,EQUITY,ASXListedCompanies.csv
NGS,NGS.AX,NUTRITIONAL GROWTH SOLUTIONS LTD,Household & Personal Products,,2026-02-07T16:49:57Z,2026-02-08 00:49 AWST,Consumer Staples,30,Household & Personal Products,30300000,EQUITY,ASXListedCompanies.csv
NGX,NGX.AX,NGX LIMITED,Materials,,2026-02-07T16:49:57Z,2026-02-08 00:49 AWST,Materials,15,Materials,15100000,EQUITY,ASXListedCompanies.csv
NGY,NGY.AX,NUENERGY GAS LIMITED,Energy,,2026-02-07T16:49:57Z,2026-02-08 00:49 AWST,Energy,10,Energy,10100000,EQUITY,ASXListedCompanies.csv
NH3,NH3.AX,NH3 CLEAN ENERGY LIMITED,Materials,,2026-02-07T16:49:57Z,2026-02-08 00:49 AWST,Materials,15,Materials,15100000,EQUITY,ASXListedCompanies.csv
NHC,NHC.AX,NEW HOPE CORPORATION LIMITED,Energy,,2026-02-07T16:49:57Z,2026-02-08 00:49 AWST,Energy,10,Energy,10100000,EQUITY,ASXListedCompanies.csv
NHE,NHE.AX,NOBLE HELIUM LIMITED,Energy,,2026-02-07T16:49:57Z,2026-02-08 00:49 AWST,Energy,10,Energy,10100000,EQUITY,ASXListedCompanies.csv
NHF,NHF.AX,NIB HOLDINGS LIMITED,Insurance,,2026-02-07T16:49:57Z,2026-02-08 00:49 AWST,Financials,40,Insurance,40300000,EQUITY,ASXListedCompanies.csv
NIC,NIC.AX,NICKEL INDUSTRIES LIMITED,Materials,,2026-02-07T16:49:57Z,2026-02-08 00:49 AWST,Materials,15,Materials,15100000,EQUITY,ASXListedCompanies.csv
NIM,NIM.AX,NIMY RESOURCES LIMITED,Materials,,2026-02-07T16:49:57Z,2026-02-08 00:49 AWST,Materials,15,Materials,15100000,EQUITY,ASXListedCompanies.csv
NME,NME.AX,NEX METALS EXPLORATION LIMITED,Materials,,2026-02-07T16:49:57Z,2026-02-08 00:49 AWST,Materials,15,Materials,15100000,EQUITY,ASXListedCompanies.csv
NMG,NMG.AX,NEW MURCHISON GOLD LIMITED,Materials,,2026-02-07T16:49:57Z,2026-02-08 00:49 AWST,Materials,15,Materials,15100000,EQUITY,ASXListedCompanies.csv
NMR,NMR.AX,NATIVE MINERAL RESOURCES HOLDINGS LIMITED,Materials,,2026-02-07T16:49:57Z,2026-02-08 00:49 AWST,Materials,15,Materials,15100000,EQUITY,ASXListedCompanies.csv
NMT,NMT.AX,NEOMETALS LTD,Materials,,2026-02-07T16:49:57Z,2026-02-08 00:49 AWST,Materials,15,Materials,15100000,EQUITY,ASXListedCompanies.csv
NNG,NNG.AX,NEXION GROUP LTD,Software & Services,,2026-02-07T16:49:57Z,2026-02-08 00:49 AWST,Information Technology,45,Software & Services,45100000,EQUITY,ASXListedCompanies.csv
NNL,NNL.AX,NORDIC RESOURCES LTD,Materials,,2026-02-07T16:49:57Z,2026-02-08 00:49 AWST,Materials,15,Materials,15100000,EQUITY,ASXListedCompanies.csv
NNUK,NNUK.AX,Nanuk New World Fund Active ETF,ETF/ETP,Spotlight ETP List,2026-02-07T16:49:57Z,2026-02-08 00:49 AWST,,,,,ETF_ETP,ASX Investment Products Monthly Report
NNWH,NNWH.AX,Nanuk New World Fund (Currency Hedged) Active EFT,ETF/ETP,Spotlight ETP List,2026-02-07T16:49:57Z,2026-02-08 00:49 AWST,,,,,ETF_ETP,ASX Investment Products Monthly Report
NOL,NOL.AX,NOBLEOAK LIFE LIMITED,Insurance,,2026-02-07T16:49:57Z,2026-02-08 00:49 AWST,Financials,40,Insurance,40300000,EQUITY,ASXListedCompanies.csv
NOR,NOR.AX,NORWOOD SYSTEMS LIMITED,Software & Services,,2026-02-07T16:49:57Z,2026-02-08 00:49 AWST,Information Technology,45,Software & Services,45100000,EQUITY,ASXListedCompanies.csv
NOU,NOU.AX,NOUMI LIMITED,"Food, Beverage & Tobacco",,2026-02-07T16:49:57Z,2026-02-08 00:49 AWST,Consumer Staples,30,"Food, Beverage & Tobacco",30200000,EQUITY,ASXListedCompanies.csv
NOV,NOV.AX,NOVATTI GROUP LIMITED,Software & Services,,2026-02-07T16:49:57Z,2026-02-08 00:49 AWST,Information Technology,45,Software & Services,45100000,EQUITY,ASXListedCompanies.csv
NOX,NOX.AX,NOXOPHARM LIMITED,"Pharmaceuticals, Biotechnology & Life Sciences",,2026-02-07T16:49:57Z,2026-02-08 00:49 AWST,Health Care,35,"Pharmaceuticals, Biotechnology & Life Sciences",35200000,EQUITY,ASXListedCompanies.csv
NPM,NPM.AX,NEWPEAK METALS LIMITED,Materials,,2026-02-07T16:49:57Z,2026-02-08 00:49 AWST,Materials,15,Materials,15100000,EQUITY,ASXListedCompanies.csv
NRO,NRO.AX,NATIONAL RMBS TRUST 2018-1 IN RESPECT OF SERIES 2018-1,Not Applic,,2026-02-07T16:49:57Z,2026-02-08 00:49 AWST,Not Applicable,00,Not Applic,00000000,EQUITY,ASXListedCompanies.csv
NRP,NRP.AX,NATIONAL RMBS TRUST 2022-1 IN RESPECT OF SERIES 2022-1,Not Applic,,2026-02-07T16:49:57Z,2026-02-08 00:49 AWST,Not Applicable,00,Not Applic,00000000,EQUITY,ASXListedCompanies.csv
NRX,NRX.AX,NORONEX LIMITED,Materials,,2026-02-07T16:49:57Z,2026-02-08 00:49 AWST,Materials,15,Materials,15100000,EQUITY,ASXListedCompanies.csv
NRZ,NRZ.AX,NEURIZER LTD,Materials,,2026-02-07T16:49:57Z,2026-02-08 00:49 AWST,Materials,15,Materials,15100000,EQUITY,ASXListedCompanies.csv
NSB,NSB.AX,NEUROSCIENTIFIC BIOPHARMACEUTICALS LTD,"Pharmaceuticals, Biotechnology & Life Sciences",,2026-02-07T16:49:57Z,2026-02-08 00:49 AWST,Health Care,35,"Pharmaceuticals, Biotechnology & Life Sciences",35200000,EQUITY,ASXListedCompanies.csv
NSC,NSC.AX,NAOS SMALL CAP OPPORTUNITIES COMPANY LIMITED,Not Applic,,2026-02-07T16:49:57Z,2026-02-08 00:49 AWST,Not Applicable,00,Not Applic,00000000,EQUITY,ASXListedCompanies.csv
NSM,NSM.AX,NORTH STAWELL MINERALS LTD,Materials,,2026-02-07T16:49:57Z,2026-02-08 00:49 AWST,Materials,15,Materials,15100000,EQUITY,ASXListedCompanies.csv
NSR,NSR.AX,NATIONAL STORAGE REIT,Equity Real Estate Investment Trusts (REITs),,2026-02-07T16:49:57Z,2026-02-08 00:49 AWST,Real Estate,60,Equity Real Estate Investment Trusts (REITs),60100000,EQUITY,ASXListedCompanies.csv
NST,NST.AX,NORTHERN STAR RESOURCES LTD,Materials,,2026-02-07T16:49:57Z,2026-02-08 00:49 AWST,Materials,15,Materials,15100000,EQUITY,ASXListedCompanies.csv
NTD,NTD.AX,NTAW HOLDINGS LIMITED,Consumer Discretionary Distribution & Retail,,2026-02-07T16:49:57Z,2026-02-08 00:49 AWST,Consumer Discretionary,25,Consumer Discretionary Distribution & Retail,25500000,EQUITY,ASXListedCompanies.csv
NTI,NTI.AX,NEUROTECH INTERNATIONAL LIMITED,Health Care Equipment & Services,,2026-02-07T16:49:57Z,2026-02-08 00:49 AWST,Health Care,35,Health Care Equipment & Services,35100000,EQUITY,ASXListedCompanies.csv
NTM,NTM.AX,NT MINERALS LIMITED,Materials,,2026-02-07T16:49:57Z,2026-02-08 00:49 AWST,Materials,15,Materials,15100000,EQUITY,ASXListedCompanies.csv
NTU,NTU.AX,NORTHERN MINERALS LIMITED,Materials,,2026-02-07T16:49:57Z,2026-02-08 00:49 AWST,Materials,15,Materials,15100000,EQUITY,ASXListedCompanies.csv
NUC,NUC.AX,NUCHEV LIMITED,"Food, Beverage & Tobacco",,2026-02-07T16:49:57Z,2026-02-08 00:49 AWST,Consumer Staples,30,"Food, Beverage & Tobacco",30200000,EQUITY,ASXListedCompanies.csv
NUF,NUF.AX,NUFARM LIMITED,Materials,,2026-02-07T16:49:57Z,2026-02-08 00:49 AWST,Materials,15,Materials,15100000,EQUITY,ASXListedCompanies.csv
NUGG,NUGG.AX,VanEck Gold Bullion ETF,ETF/ETP,Spotlight ETP List,2026-02-07T16:49:57Z,2026-02-08 00:49 AWST,,,,,ETF_ETP,ASX Investment Products Monthly Report
NUZ,NUZ.AX,NEURIZON THERAPEUTICS LIMITED,"Pharmaceuticals, Biotechnology & Life Sciences",,2026-02-07T16:49:57Z,2026-02-08 00:49 AWST,Health Care,35,"Pharmaceuticals, Biotechnology & Life Sciences",35200000,EQUITY,ASXListedCompanies.csv
NVA,NVA.AX,NOVA MINERALS LIMITED,Materials,,2026-02-07T16:49:57Z,2026-02-08 00:49 AWST,Materials,15,Materials,15100000,EQUITY,ASXListedCompanies.csv
NVO,NVO.AX,NOVO RESOURCES CORP.,Materials,,2026-02-07T16:49:57Z,2026-02-08 00:49 AWST,Materials,15,Materials,15100000,EQUITY,ASXListedCompanies.csv
NVQ,NVQ.AX,NOVIQTECH LIMITED,Software & Services,,2026-02-07T16:49:57Z,2026-02-08 00:49 AWST,Information Technology,45,Software & Services,45100000,EQUITY,ASXListedCompanies.csv
NVU,NVU.AX,NANOVEU LIMITED,Technology Hardware & Equipment,,2026-02-07T16:49:57Z,2026-02-08 00:49 AWST,Information Technology,45,Technology Hardware & Equipment,45200000,EQUITY,ASXListedCompanies.csv
NVX,NVX.AX,NOVONIX LIMITED,Technology Hardware & Equipment,,2026-02-07T16:49:57Z,2026-02-08 00:49 AWST,Information Technology,45,Technology Hardware & Equipment,45200000,EQUITY,ASXListedCompanies.csv
NW1,NW1.AX,NOW TRUST 2024-1,Not Applic,,2026-02-07T16:49:57Z,2026-02-08 00:49 AWST,Not Applicable,00,Not Applic,00000000,EQUITY,ASXListedCompanies.csv
NWF,NWF.AX,NEWFIELD RESOURCES LIMITED,Materials,,2026-02-07T16:49:57Z,2026-02-08 00:49 AWST,Materials,15,Materials,15100000,EQUITY,ASXListedCompanies.csv
NWG01,NWG01.AX,Janus Henderson Global Natural Resources Fund,ETF/ETP,Spotlight mFund List,2026-02-07T16:49:57Z,2026-02-08 00:49 AWST,,,,,ETF_ETP,ASX Investment Products Monthly Report
NWH,NWH.AX,NRW HOLDINGS LIMITED,Capital Goods,,2026-02-07T16:49:57Z,2026-02-08 00:49 AWST,Industrials,20,Capital Goods,20100000,EQUITY,ASXListedCompanies.csv
NWL,NWL.AX,NETWEALTH GROUP LIMITED,Financial Services,,2026-02-07T16:49:57Z,2026-02-08 00:49 AWST,Financials,40,Financial Services,40200000,EQUITY,ASXListedCompanies.csv
NWM,NWM.AX,NORWEST MINERALS LIMITED,Materials,,2026-02-07T16:49:57Z,2026-02-08 00:49 AWST,Materials,15,Materials,15100000,EQUITY,ASXListedCompanies.csv
NWS,NWS.AX,NEWS CORPORATION..,Media & Entertainment,,2026-02-07T16:49:57Z,2026-02-08 00:49 AWST,Communication Services,50,Media & Entertainment,50200000,EQUITY,ASXListedCompanies.csv
NXD,NXD.AX,NEXTED GROUP LIMITED,Consumer Services,,2026-02-07T16:49:57Z,2026-02-08 00:49 AWST,Consumer Discretionary,25,Consumer Services,25300000,EQUITY,ASXListedCompanies.csv
NXG,NXG.AX,NEXGEN ENERGY (CANADA) LTD,Energy,,2026-02-07T16:49:57Z,2026-02-08 00:49 AWST,Energy,10,Energy,10100000,EQUITY,ASXListedCompanies.csv
NXL,NXL.AX,NUIX LIMITED,Software & Services,,2026-02-07T16:49:57Z,2026-02-08 00:49 AWST,Information Technology,45,Software & Services,45100000,EQUITY,ASXListedCompanies.csv
NXM,NXM.AX,NEXUS MINERALS LIMITED,Materials,,2026-02-07T16:49:57Z,2026-02-08 00:49 AWST,Materials,15,Materials,15100000,EQUITY,ASXListedCompanies.csv
NXN,NXN.AX,NEXSEN LIMITED,"Pharmaceuticals, Biotechnology & Life Sciences",,2026-02-07T16:49:57Z,2026-02-08 00:49 AWST,Health Care,35,"Pharmaceuticals, Biotechnology & Life Sciences",35200000,EQUITY,ASXListedCompanies.csv
NXS,NXS.AX,NEXT SCIENCE LIMITED,Health Care Equipment & Services,,2026-02-07T16:49:57Z,2026-02-08 00:49 AWST,Health Care,35,Health Care Equipment & Services,35100000,EQUITY,ASXListedCompanies.csv
NXT,NXT.AX,NEXTDC LIMITED,Software & Services,,2026-02-07T16:49:57Z,2026-02-08 00:49 AWST,Information Technology,45,Software & Services,45100000,EQUITY,ASXListedCompanies.csv
NYM,NYM.AX,NARRYER METALS LIMITED,Materials,,2026-02-07T16:49:57Z,2026-02-08 00:49 AWST,Materials,15,Materials,15100000,EQUITY,ASXListedCompanies.csv
NYR,NYR.AX,NYRADA INC.,"Pharmaceuticals, Biotechnology & Life Sciences",,2026-02-07T16:49:57Z,2026-02-08 00:49 AWST,Health Care,35,"Pharmaceuticals, Biotechnology & Life Sciences",35200000,EQUITY,ASXListedCompanies.csv
NZK,NZK.AX,NEW ZEALAND KING SALMON INVESTMENTS LIMITED,"Food, Beverage & Tobacco",,2026-02-07T16:49:57Z,2026-02-08 00:49 AWST,Consumer Staples,30,"Food, Beverage & Tobacco",30200000,EQUITY,ASXListedCompanies.csv
NZM,NZM.AX,NZME LIMITED,Media & Entertainment,,2026-02-07T16:49:57Z,2026-02-08 00:49 AWST,Communication Services,50,Media & Entertainment,50200000,EQUITY,ASXListedCompanies.csv
OAK,OAK.AX,OAKRIDGE INTERNATIONAL LIMITED,Software & Services,,2026-02-07T16:49:57Z,2026-02-08 00:49 AWST,Information Technology,45,Software & Services,45100000,EQUITY,ASXListedCompanies.csv
OB1,OB1.AX,ORBMINCO LIMITED,Materials,,2026-02-07T16:49:57Z,2026-02-08 00:49 AWST,Materials,15,Materials,15100000,EQUITY,ASXListedCompanies.csv
OBL,OBL.AX,OMNI BRIDGEWAY LIMITED,Financial Services,,2026-02-07T16:49:57Z,2026-02-08 00:49 AWST,Financials,40,Financial Services,40200000,EQUITY,ASXListedCompanies.csv
OBM,OBM.AX,ORA BANDA MINING LTD,Materials,,2026-02-07T16:49:57Z,2026-02-08 00:49 AWST,Materials,15,Materials,15100000,EQUITY,ASXListedCompanies.csv
OCA,OCA.AX,OCEANIA HEALTHCARE LIMITED,Health Care Equipment & Services,,2026-02-07T16:49:57Z,2026-02-08 00:49 AWST,Health Care,35,Health Care Equipment & Services,35100000,EQUITY,ASXListedCompanies.csv
OCC,OCC.AX,ORTHOCELL LIMITED,"Pharmaceuticals, Biotechnology & Life Sciences",,2026-02-07T16:49:57Z,2026-02-08 00:49 AWST,Health Care,35,"Pharmaceuticals, Biotechnology & Life Sciences",35200000,EQUITY,ASXListedCompanies.csv
OCL,OCL.AX,OBJECTIVE CORPORATION LIMITED,Software & Services,,2026-02-07T16:49:57Z,2026-02-08 00:49 AWST,Information Technology,45,Software & Services,45100000,EQUITY,ASXListedCompanies.csv
OCN,OCN.AX,OCEANA METALS LIMITED,Materials,,2026-02-07T16:49:57Z,2026-02-08 00:49 AWST,Materials,15,Materials,15100000,EQUITY,ASXListedCompanies.csv
OCT,OCT.AX,OCTAVA MINERALS LIMITED,Materials,,2026-02-07T16:49:57Z,2026-02-08 00:49 AWST,Materials,15,Materials,15100000,EQUITY,ASXListedCompanies.csv
OD6,OD6.AX,OD6 METALS LIMITED,Materials,,2026-02-07T16:49:57Z,2026-02-08 00:49 AWST,Materials,15,Materials,15100000,EQUITY,ASXListedCompanies.csv
ODA,ODA.AX,ORCODA LIMITED,Software & Services,,2026-02-07T16:49:57Z,2026-02-08 00:49 AWST,Information Technology,45,Software & Services,45100000,EQUITY,ASXListedCompanies.csv
ODE,ODE.AX,ODESSA MINERALS LIMITED,Materials,,2026-02-07T16:49:57Z,2026-02-08 00:49 AWST,Materials,15,Materials,15100000,EQUITY,ASXListedCompanies.csv
ODY,ODY.AX,ODYSSEY GOLD LTD,Materials,,2026-02-07T16:49:57Z,2026-02-08 00:49 AWST,Materials,15,Materials,15100000,EQUITY,ASXListedCompanies.csv
OEC,OEC.AX,ORBITAL CORPORATION LIMITED,Capital Goods,,2026-02-07T16:49:57Z,2026-02-08 00:49 AWST,Industrials,20,Capital Goods,20100000,EQUITY,ASXListedCompanies.csv
OEL,OEL.AX,OTTO ENERGY LIMITED,Energy,,2026-02-07T16:49:57Z,2026-02-08 00:49 AWST,Energy,10,Energy,10100000,EQUITY,ASXListedCompanies.csv
OEQ,OEQ.AX,ORION EQUITIES LIMITED,Financial Services,,2026-02-07T16:49:57Z,2026-02-08 00:49 AWST,Financials,40,Financial Services,40200000,EQUITY,ASXListedCompanies.csv
OFX,OFX.AX,OFX GROUP LIMITED,Financial Services,,2026-02-07T16:49:57Z,2026-02-08 00:49 AWST,Financials,40,Financial Services,40200000,EQUITY,ASXListedCompanies.csv
OIL,OIL.AX,OPTISCAN IMAGING LIMITED,Health Care Equipment & Services,,2026-02-07T16:49:57Z,2026-02-08 00:49 AWST,Health Care,35,Health Care Equipment & Services,35100000,EQUITY,ASXListedCompanies.csv
OKJ,OKJ.AX,OAKAJEE CORPORATION LIMITED,Materials,,2026-02-07T16:49:57Z,2026-02-08 00:49 AWST,Materials,15,Materials,15100000,EQUITY,ASXListedCompanies.csv
OLH,OLH.AX,OLDFIELDS HOLDINGS LIMITED,Capital Goods,,2026-02-07T16:49:57Z,2026-02-08 00:49 AWST,Industrials,20,Capital Goods,20100000,EQUITY,ASXListedCompanies.csv
OLI,OLI.AX,OLIVER'S REAL FOOD LIMITED,Consumer Services,,2026-02-07T16:49:57Z,2026-02-08 00:49 AWST,Consumer Discretionary,25,Consumer Services,25300000,EQUITY,ASXListedCompanies.csv
OLL,OLL.AX,OPENLEARNING LIMITED,Software & Services,,2026-02-07T16:49:57Z,2026-02-08 00:49 AWST,Information Technology,45,Software & Services,45100000,EQUITY,ASXListedCompanies.csv
OLY,OLY.AX,OLYMPIO METALS LIMITED,Materials,,2026-02-07T16:49:57Z,2026-02-08 00:49 AWST,Materials,15,Materials,15100000,EQUITY,ASXListedCompanies.csv
OM1,OM1.AX,OMNIA METALS GROUP LTD,Materials,,2026-02-07T16:49:57Z,2026-02-08 00:49 AWST,Materials,15,Materials,15100000,EQUITY,ASXListedCompanies.csv
OMA,OMA.AX,OMEGA OIL & GAS LIMITED,Energy,,2026-02-07T16:49:57Z,2026-02-08 00:49 AWST,Energy,10,Energy,10100000,EQUITY,ASXListedCompanies.csv
OMG,OMG.AX,OMG GROUP LIMITED,"Food, Beverage & Tobacco",,2026-02-07T16:49:57Z,2026-02-08 00:49 AWST,Consumer Staples,30,"Food, Beverage & Tobacco",30200000,EQUITY,ASXListedCompanies.csv
OMH,OMH.AX,OM HOLDINGS LIMITED,Materials,,2026-02-07T16:49:57Z,2026-02-08 00:49 AWST,Materials,15,Materials,15100000,EQUITY,ASXListedCompanies.csv
OML,OML.AX,OOH!MEDIA LIMITED,Media & Entertainment,,2026-02-07T16:49:57Z,2026-02-08 00:49 AWST,Communication Services,50,Media & Entertainment,50200000,EQUITY,ASXListedCompanies.csv
OMX,OMX.AX,ORANGE MINERALS NL,Materials,,2026-02-07T16:49:57Z,2026-02-08 00:49 AWST,Materials,15,Materials,15100000,EQUITY,ASXListedCompanies.csv
ONE,ONE.AX,ONEVIEW HEALTHCARE PLC,Health Care Equipment & Services,,2026-02-07T16:49:57Z,2026-02-08 00:49 AWST,Health Care,35,Health Care Equipment & Services,35100000,EQUITY,ASXListedCompanies.csv
OOO,OOO.AX,Betashares Crude Crude Oil Index Currncy Hdg Complex ETF,ETF/ETP,Spotlight ETP List,2026-02-07T16:49:57Z,2026-02-08 00:49 AWST,,,,,ETF_ETP,ASX Investment Products Monthly Report
OPH,OPH.AX,OPHIR HIGH CONVICTION FUND,Not Applic,,2026-02-07T16:49:57Z,2026-02-08 00:49 AWST,Not Applicable,00,Not Applic,00000000,EQUITY,ASXListedCompanies.csv
OPN,OPN.AX,OPENN NEGOTIATION LIMITED,Commercial & Professional Services,,2026-02-07T16:49:57Z,2026-02-08 00:49 AWST,Industrials,20,Commercial & Professional Services,20200000,EQUITY,ASXListedCompanies.csv
OPPT,OPPT.AX,Magellan Global Opportunities Fund - Active ETF,ETF/ETP,Spotlight ETP List,2026-02-07T16:49:57Z,2026-02-08 00:49 AWST,,,,,ETF_ETP,ASX Investment Products Monthly Report
OPT,OPT.AX,OPTHEA LIMITED,"Pharmaceuticals, Biotechnology & Life Sciences",,2026-02-07T16:49:57Z,2026-02-08 00:49 AWST,Health Care,35,"Pharmaceuticals, Biotechnology & Life Sciences",35200000,EQUITY,ASXListedCompanies.csv
OR2,OR2.AX,ORDE SERIES 2025-1 TRUST,Not Applic,,2026-02-07T16:49:57Z,2026-02-08 00:49 AWST,Not Applicable,00,Not Applic,00000000,EQUITY,ASXListedCompanies.csv
OR3,OR3.AX,ORE RESOURCES LIMITED,Materials,,2026-02-07T16:49:57Z,2026-02-08 00:49 AWST,Materials,15,Materials,15100000,EQUITY,ASXListedCompanies.csv
ORA,ORA.AX,ORORA LIMITED,Materials,,2026-02-07T16:49:57Z,2026-02-08 00:49 AWST,Materials,15,Materials,15100000,EQUITY,ASXListedCompanies.csv
ORB01,ORB01.AX,Orbis Global Equity Australia Registered Retail,ETF/ETP,Spotlight mFund List,2026-02-07T16:49:57Z,2026-02-08 00:49 AWST,,,,,ETF_ETP,ASX Investment Products Monthly Report
ORB03,ORB03.AX,Orbis Global Equity LE Fund,ETF/ETP,Spotlight mFund List,2026-02-07T16:49:57Z,2026-02-08 00:49 AWST,,,,,ETF_ETP,ASX Investment Products Monthly Report
ORD,ORD.AX,ORDELL MINERALS LIMITED,Materials,,2026-02-07T16:49:57Z,2026-02-08 00:49 AWST,Materials,15,Materials,15100000,EQUITY,ASXListedCompanies.csv
ORE,ORE.AX,OREZONE GOLD CORPORATION,Materials,,2026-02-07T16:49:57Z,2026-02-08 00:49 AWST,Materials,15,Materials,15100000,EQUITY,ASXListedCompanies.csv
ORG,ORG.AX,ORIGIN ENERGY LIMITED,Utilities,,2026-02-07T16:49:57Z,2026-02-08 00:49 AWST,Utilities,55,Utilities,55100000,EQUITY,ASXListedCompanies.csv
ORI,ORI.AX,ORICA LIMITED,Materials,,2026-02-07T16:49:57Z,2026-02-08 00:49 AWST,Materials,15,Materials,15100000,EQUITY,ASXListedCompanies.csv
ORN,ORN.AX,ORION MINERALS LTD,Materials,,2026-02-07T16:49:57Z,2026-02-08 00:49 AWST,Materials,15,Materials,15100000,EQUITY,ASXListedCompanies.csv
ORP,ORP.AX,ORPHEUS URANIUM LIMITED,Materials,,2026-02-07T16:49:57Z,2026-02-08 00:49 AWST,Materials,15,Materials,15100000,EQUITY,ASXListedCompanies.csv
OSL,OSL.AX,ONCOSIL MEDICAL LTD,"Pharmaceuticals, Biotechnology & Life Sciences",,2026-02-07T16:49:57Z,2026-02-08 00:49 AWST,Health Care,35,"Pharmaceuticals, Biotechnology & Life Sciences",35200000,EQUITY,ASXListedCompanies.csv
OSM,OSM.AX,OSMOND RESOURCES LIMITED,Materials,,2026-02-07T16:49:57Z,2026-02-08 00:49 AWST,Materials,15,Materials,15100000,EQUITY,ASXListedCompanies.csv
OSX,OSX.AX,OSTEOPORE LIMITED,Health Care Equipment & Services,,2026-02-07T16:49:57Z,2026-02-08 00:49 AWST,Health Care,35,Health Care Equipment & Services,35100000,EQUITY,ASXListedCompanies.csv
OVT,OVT.AX,OVANTI LIMITED,Media & Entertainment,,2026-02-07T16:49:57Z,2026-02-08 00:49 AWST,Communication Services,50,Media & Entertainment,50200000,EQUITY,ASXListedCompanies.csv
OY1,OY1.AX,OLYMPUS 2025-1 TRUST,Not Applic,,2026-02-07T16:49:57Z,2026-02-08 00:49 AWST,Not Applicable,00,Not Applic,00000000,EQUITY,ASXListedCompanies.csv
OYS,OYS.AX,OLYMPUS 2024-2 TRUST,Not Applic,,2026-02-07T16:49:57Z,2026-02-08 00:49 AWST,Not Applicable,00,Not Applic,00000000,EQUITY,ASXListedCompanies.csv
OZBD,OZBD.AX,Betashares Australian Composite Bond ETF,ETF/ETP,Spotlight ETP List,2026-02-07T16:49:57Z,2026-02-08 00:49 AWST,,,,,ETF_ETP,ASX Investment Products Monthly Report
OZF,OZF.AX,SPDR S&P/ASX 200 Financials ex AREIT ETF,ETF/ETP,Spotlight ETP List,2026-02-07T16:49:57Z,2026-02-08 00:49 AWST,,,,,ETF_ETP,ASX Investment Products Monthly Report
OZM,OZM.AX,OZAURUM RESOURCES LIMITED,Materials,,2026-02-07T16:49:57Z,2026-02-08 00:49 AWST,Materials,15,Materials,15100000,EQUITY,ASXListedCompanies.csv
OZR,OZR.AX,SPDR S&P/ASX 200 Resources ETF,ETF/ETP,Spotlight ETP List,2026-02-07T16:49:57Z,2026-02-08 00:49 AWST,,,,,ETF_ETP,ASX Investment Products Monthly Report
OZXX,OZXX.AX,Global X Australia Ex Financials & Resources ETF,ETF/ETP,Spotlight ETP List,2026-02-07T16:49:57Z,2026-02-08 00:49 AWST,,,,,ETF_ETP,ASX Investment Products Monthly Report
OZZ,OZZ.AX,OZZ RESOURCES LIMITED,Materials,,2026-02-07T16:49:57Z,2026-02-08 00:49 AWST,Materials,15,Materials,15100000,EQUITY,ASXListedCompanies.csv
P1E,P1E.AX,PURE ONE CORPORATION LIMITED,Energy,,2026-02-07T16:49:57Z,2026-02-08 00:49 AWST,Energy,10,Energy,10100000,EQUITY,ASXListedCompanies.csv
PA1,PA1.AX,PANORAMA AUTO TRUST 2023-1,Not Applic,,2026-02-07T16:49:57Z,2026-02-08 00:49 AWST,Not Applicable,00,Not Applic,00000000,EQUITY,ASXListedCompanies.csv
PA2,PA2.AX,PANORAMA AUTO TRUST 2024-1,Not Applic,,2026-02-07T16:49:57Z,2026-02-08 00:49 AWST,Not Applicable,00,Not Applic,00000000,EQUITY,ASXListedCompanies.csv
PA3,PA3.AX,PANORAMA AUTO TRUST 2023-3,Not Applic,,2026-02-07T16:49:57Z,2026-02-08 00:49 AWST,Not Applicable,00,Not Applic,00000000,EQUITY,ASXListedCompanies.csv
PA4,PA4.AX,PANORAMA AUTO TRUST 2024-3,Not Applic,,2026-02-07T16:49:57Z,2026-02-08 00:49 AWST,Not Applicable,00,Not Applic,00000000,EQUITY,ASXListedCompanies.csv
PA5,PA5.AX,PANORAMA AUTO TRUST 2025-1,Not Applic,,2026-02-07T16:49:57Z,2026-02-08 00:49 AWST,Not Applicable,00,Not Applic,00000000,EQUITY,ASXListedCompanies.csv
PAB,PAB.AX,PATRYS LIMITED,"Pharmaceuticals, Biotechnology & Life Sciences",,2026-02-07T16:49:57Z,2026-02-08 00:49 AWST,Health Care,35,"Pharmaceuticals, Biotechnology & Life Sciences",35200000,EQUITY,ASXListedCompanies.csv
PAC,PAC.AX,PACIFIC CURRENT GROUP LIMITED,Financial Services,,2026-02-07T16:49:57Z,2026-02-08 00:49 AWST,Financials,40,Financial Services,40200000,EQUITY,ASXListedCompanies.csv
PAR,PAR.AX,PARADIGM BIOPHARMACEUTICALS LIMITED..,"Pharmaceuticals, Biotechnology & Life Sciences",,2026-02-07T16:49:57Z,2026-02-08 00:49 AWST,Health Care,35,"Pharmaceuticals, Biotechnology & Life Sciences",35200000,EQUITY,ASXListedCompanies.csv
PAT,PAT.AX,PATRIOT RESOURCES LIMITED,Materials,,2026-02-07T16:49:57Z,2026-02-08 00:49 AWST,Materials,15,Materials,15100000,EQUITY,ASXListedCompanies.csv
PAVE,PAVE.AX,Global X US Infrastructure Development ETF,ETF/ETP,Spotlight ETP List,2026-02-07T16:49:57Z,2026-02-08 00:49 AWST,,,,,ETF_ETP,ASX Investment Products Monthly Report
PAXX,PAXX.AX,Platinum Asia Fund Complex ETF,ETF/ETP,Spotlight ETP List,2026-02-07T16:49:57Z,2026-02-08 00:49 AWST,,,,,ETF_ETP,ASX Investment Products Monthly Report
PBH,PBH.AX,POINTSBET HOLDINGS LIMITED,Consumer Services,,2026-02-07T16:49:57Z,2026-02-08 00:49 AWST,Consumer Discretionary,25,Consumer Services,25300000,EQUITY,ASXListedCompanies.csv
PBL,PBL.AX,PARABELLUM RESOURCES LIMITED,Materials,,2026-02-07T16:49:57Z,2026-02-08 00:49 AWST,Materials,15,Materials,15100000,EQUITY,ASXListedCompanies.csv
PC2,PC2.AX,PC GOLD LTD,Materials,,2026-02-07T16:49:57Z,2026-02-08 00:49 AWST,Materials,15,Materials,15100000,EQUITY,ASXListedCompanies.csv
PCG,PCG.AX,PENGANA CAPITAL GROUP LIMITED,Financial Services,,2026-02-07T16:49:57Z,2026-02-08 00:49 AWST,Financials,40,Financial Services,40200000,EQUITY,ASXListedCompanies.csv
PCI,PCI.AX,PERPETUAL CREDIT INCOME TRUST,Not Applic,,2026-02-07T16:49:57Z,2026-02-08 00:49 AWST,Not Applicable,00,Not Applic,00000000,EQUITY,ASXListedCompanies.csv
PCK,PCK.AX,PAINCHEK LTD,Health Care Equipment & Services,,2026-02-07T16:49:57Z,2026-02-08 00:49 AWST,Health Care,35,Health Care Equipment & Services,35100000,EQUITY,ASXListedCompanies.csv
PCL,PCL.AX,PANCONTINENTAL ENERGY NL,Energy,,2026-02-07T16:49:57Z,2026-02-08 00:49 AWST,Energy,10,Energy,10100000,EQUITY,ASXListedCompanies.csv
PCX,PCX.AX,PENGANA GLOBAL PRIVATE CREDIT TRUST,Not Applic,,2026-02-07T16:49:57Z,2026-02-08 00:49 AWST,Not Applicable,00,Not Applic,00000000,EQUITY,ASXListedCompanies.csv
PDI,PDI.AX,PREDICTIVE DISCOVERY LIMITED,Materials,,2026-02-07T16:49:57Z,2026-02-08 00:49 AWST,Materials,15,Materials,15100000,EQUITY,ASXListedCompanies.csv
PDN,PDN.AX,PALADIN ENERGY LTD,Energy,,2026-02-07T16:49:57Z,2026-02-08 00:49 AWST,Energy,10,Energy,10100000,EQUITY,ASXListedCompanies.csv
PE1,PE1.AX,PENGANA PRIVATE EQUITY TRUST,Not Applic,,2026-02-07T16:49:57Z,2026-02-08 00:49 AWST,Not Applicable,00,Not Applic,00000000,EQUITY,ASXListedCompanies.csv
PEB,PEB.AX,PACIFIC EDGE LIMITED,"Pharmaceuticals, Biotechnology & Life Sciences",,2026-02-07T16:49:57Z,2026-02-08 00:49 AWST,Health Care,35,"Pharmaceuticals, Biotechnology & Life Sciences",35200000,EQUITY,ASXListedCompanies.csv
PEC,PEC.AX,PERPETUAL RESOURCES LIMITED,Materials,,2026-02-07T16:49:57Z,2026-02-08 00:49 AWST,Materials,15,Materials,15100000,EQUITY,ASXListedCompanies.csv
PEN,PEN.AX,PENINSULA ENERGY LIMITED,Energy,,2026-02-07T16:49:57Z,2026-02-08 00:49 AWST,Energy,10,Energy,10100000,EQUITY,ASXListedCompanies.csv
PEP,PEP.AX,PEPPER RESIDENTIAL SECURITIES TRUST NO. 39,Not Applic,,2026-02-07T16:49:57Z,2026-02-08 00:49 AWST,Not Applicable,00,Not Applic,00000000,EQUITY,ASXListedCompanies.csv
PER,PER.AX,PERCHERON THERAPEUTICS LIMITED,"Pharmaceuticals, Biotechnology & Life Sciences",,2026-02-07T16:49:57Z,2026-02-08 00:49 AWST,Health Care,35,"Pharmaceuticals, Biotechnology & Life Sciences",35200000,EQUITY,ASXListedCompanies.csv
PET,PET.AX,PHOSLOCK ENVIRONMENTAL TECHNOLOGIES LIMITED,Commercial & Professional Services,,2026-02-07T16:49:57Z,2026-02-08 00:49 AWST,Industrials,20,Commercial & Professional Services,20200000,EQUITY,ASXListedCompanies.csv
PEX,PEX.AX,PEEL MINING LIMITED,Materials,,2026-02-07T16:49:57Z,2026-02-08 00:49 AWST,Materials,15,Materials,15100000,EQUITY,ASXListedCompanies.csv
PFE,PFE.AX,PANTERA MINERALS LIMITED,Materials,,2026-02-07T16:49:57Z,2026-02-08 00:49 AWST,Materials,15,Materials,15100000,EQUITY,ASXListedCompanies.csv
PFG,PFG.AX,PRIME FINANCIAL GROUP LIMITED,Financial Services,,2026-02-07T16:49:57Z,2026-02-08 00:49 AWST,Financials,40,Financial Services,40200000,EQUITY,ASXListedCompanies.csv
PFM,PFM.AX,PLATFORMO LTD,Software & Services,,2026-02-07T16:49:57Z,2026-02-08 00:49 AWST,Information Technology,45,Software & Services,45100000,EQUITY,ASXListedCompanies.csv
PFP,PFP.AX,PROPEL FUNERAL PARTNERS LIMITED,Consumer Services,,2026-02-07T16:49:57Z,2026-02-08 00:49 AWST,Consumer Discretionary,25,Consumer Services,25300000,EQUITY,ASXListedCompanies.csv
PFT,PFT.AX,PURE FOODS TASMANIA LIMITED,"Food, Beverage & Tobacco",,2026-02-07T16:49:57Z,2026-02-08 00:49 AWST,Consumer Staples,30,"Food, Beverage & Tobacco",30200000,EQUITY,ASXListedCompanies.csv
PGA1,PGA1.AX,Plato Global Alpha Fund Complex ETF,ETF/ETP,Spotlight ETP List,2026-02-07T16:49:57Z,2026-02-08 00:49 AWST,,,,,ETF_ETP,ASX Investment Products Monthly Report
PGC,PGC.AX,PARAGON CARE LIMITED,Health Care Equipment & Services,,2026-02-07T16:49:57Z,2026-02-08 00:49 AWST,Health Care,35,Health Care Equipment & Services,35100000,EQUITY,ASXListedCompanies.csv
PGD,PGD.AX,PEREGRINE GOLD LTD,Materials,,2026-02-07T16:49:57Z,2026-02-08 00:49 AWST,Materials,15,Materials,15100000,EQUITY,ASXListedCompanies.csv
PGF,PGF.AX,PM CAPITAL GLOBAL OPPORTUNITIES FUND LIMITED,Not Applic,,2026-02-07T16:49:57Z,2026-02-08 00:49 AWST,Not Applicable,00,Not Applic,00000000,EQUITY,ASXListedCompanies.csv
PGM,PGM.AX,PLATINA RESOURCES LIMITED,Materials,,2026-02-07T16:49:57Z,2026-02-08 00:49 AWST,Materials,15,Materials,15100000,EQUITY,ASXListedCompanies.csv
PGO,PGO.AX,PACGOLD LIMITED,Materials,,2026-02-07T16:49:57Z,2026-02-08 00:49 AWST,Materials,15,Materials,15100000,EQUITY,ASXListedCompanies.csv
PGS,PGS.AX,PROGRESS 2024-2 TRUST,Not Applic,,2026-02-07T16:49:57Z,2026-02-08 00:49 AWST,Not Applicable,00,Not Applic,00000000,EQUITY,ASXListedCompanies.csv
PGY,PGY.AX,PILOT ENERGY LIMITED,Energy,,2026-02-07T16:49:57Z,2026-02-08 00:49 AWST,Energy,10,Energy,10100000,EQUITY,ASXListedCompanies.csv
PHO,PHO.AX,PHOSCO LTD,Materials,,2026-02-07T16:49:57Z,2026-02-08 00:49 AWST,Materials,15,Materials,15100000,EQUITY,ASXListedCompanies.csv
PHX,PHX.AX,PHARMX TECHNOLOGIES LIMITED,Software & Services,,2026-02-07T16:49:57Z,2026-02-08 00:49 AWST,Information Technology,45,Software & Services,45100000,EQUITY,ASXListedCompanies.csv
PIA,PIA.AX,PENGANA INTERNATIONAL EQUITIES LIMITED,Not Applic,,2026-02-07T16:49:57Z,2026-02-08 00:49 AWST,Not Applicable,00,Not Applic,00000000,EQUITY,ASXListedCompanies.csv
PIC,PIC.AX,PERPETUAL EQUITY INVESTMENT COMPANY LIMITED,Not Applic,,2026-02-07T16:49:57Z,2026-02-08 00:49 AWST,Not Applicable,00,Not Applic,00000000,EQUITY,ASXListedCompanies.csv
PIL,PIL.AX,PEPPERMINT INNOVATION LIMITED,Software & Services,,2026-02-07T16:49:57Z,2026-02-08 00:49 AWST,Information Technology,45,Software & Services,45100000,EQUITY,ASXListedCompanies.csv
PIM,PIM.AX,PINNACLE MINERALS LIMITED,Materials,,2026-02-07T16:49:57Z,2026-02-08 00:49 AWST,Materials,15,Materials,15100000,EQUITY,ASXListedCompanies.csv
PIQ,PIQ.AX,PROTEOMICS INTERNATIONAL LABORATORIES LTD,"Pharmaceuticals, Biotechnology & Life Sciences",,2026-02-07T16:49:57Z,2026-02-08 00:49 AWST,Health Care,35,"Pharmaceuticals, Biotechnology & Life Sciences",35200000,EQUITY,ASXListedCompanies.csv
PIXX,PIXX.AX,Platinum International Fund Complex ETF,ETF/ETP,Spotlight ETP List,2026-02-07T16:49:57Z,2026-02-08 00:49 AWST,,,,,ETF_ETP,ASX Investment Products Monthly Report
PKD,PKD.AX,PARKD LTD,Commercial & Professional Services,,2026-02-07T16:49:57Z,2026-02-08 00:49 AWST,Industrials,20,Commercial & Professional Services,20200000,EQUITY,ASXListedCompanies.csv
PKO,PKO.AX,PEAKO LIMITED,Materials,,2026-02-07T16:49:57Z,2026-02-08 00:49 AWST,Materials,15,Materials,15100000,EQUITY,ASXListedCompanies.csv
PKP,PKP.AX,PEAK PROCESSING LIMITED,"Pharmaceuticals, Biotechnology & Life Sciences",,2026-02-07T16:49:57Z,2026-02-08 00:49 AWST,Health Care,35,"Pharmaceuticals, Biotechnology & Life Sciences",35200000,EQUITY,ASXListedCompanies.csv
PKY,PKY.AX,PATHKEY.AI LTD,Software & Services,,2026-02-07T16:49:57Z,2026-02-08 00:49 AWST,Information Technology,45,Software & Services,45100000,EQUITY,ASXListedCompanies.csv
PL3,PL3.AX,PATAGONIA LITHIUM LTD,Materials,,2026-02-07T16:49:57Z,2026-02-08 00:49 AWST,Materials,15,Materials,15100000,EQUITY,ASXListedCompanies.csv
PL8,PL8.AX,PLATO INCOME MAXIMISER LIMITED.,Not Applic,,2026-02-07T16:49:57Z,2026-02-08 00:49 AWST,Not Applicable,00,Not Applic,00000000,EQUITY,ASXListedCompanies.csv
PL9,PL9.AX,PRAIRIE LITHIUM LIMITED,Materials,,2026-02-07T16:49:57Z,2026-02-08 00:49 AWST,Materials,15,Materials,15100000,EQUITY,ASXListedCompanies.csv
PLA,PLA.AX,PACIFIC LIME AND CEMENT LIMITED,Materials,,2026-02-07T16:49:57Z,2026-02-08 00:49 AWST,Materials,15,Materials,15100000,EQUITY,ASXListedCompanies.csv
PLC,PLC.AX,PREMIER1 LITHIUM LIMITED,Materials,,2026-02-07T16:49:57Z,2026-02-08 00:49 AWST,Materials,15,Materials,15100000,EQUITY,ASXListedCompanies.csv
PLG,PLG.AX,PEARL GULL IRON LIMITED,Materials,,2026-02-07T16:49:57Z,2026-02-08 00:49 AWST,Materials,15,Materials,15100000,EQUITY,ASXListedCompanies.csv
PLM01,PLM01.AX,Platinum Global Fund,ETF/ETP,Spotlight mFund List,2026-02-07T16:49:57Z,2026-02-08 00:49 AWST,,,,,ETF_ETP,ASX Investment Products Monthly Report
PLS,PLS.AX,PLS GROUP LIMITED,Materials,,2026-02-07T16:49:57Z,2026-02-08 00:49 AWST,Materials,15,Materials,15100000,EQUITY,ASXListedCompanies.csv
PLT,PLT.AX,PLENTI GROUP LIMITED,Financial Services,,2026-02-07T16:49:57Z,2026-02-08 00:49 AWST,Financials,40,Financial Services,40200000,EQUITY,ASXListedCompanies.csv
PLUS,PLUS.AX,VanEck Australian Corporate Bond Plus ETF,ETF/ETP,Spotlight ETP List,2026-02-07T16:49:57Z,2026-02-08 00:49 AWST,,,,,ETF_ETP,ASX Investment Products Monthly Report
PLY,PLY.AX,PLAYSIDE STUDIOS LIMITED,Media & Entertainment,,2026-02-07T16:49:57Z,2026-02-08 00:49 AWST,Communication Services,50,Media & Entertainment,50200000,EQUITY,ASXListedCompanies.csv
PME,PME.AX,PRO MEDICUS LIMITED,Health Care Equipment & Services,,2026-02-07T16:49:57Z,2026-02-08 00:49 AWST,Health Care,35,Health Care Equipment & Services,35100000,EQUITY,ASXListedCompanies.csv
PMF01,PMF01.AX,PIMCO Global Credit Fund Wholesale Class,ETF/ETP,Spotlight mFund List,2026-02-07T16:49:57Z,2026-02-08 00:49 AWST,,,,,ETF_ETP,ASX Investment Products Monthly Report
PMF02,PMF02.AX,PIMCO Diversified Fixed Interest Fund Wholesale Class,ETF/ETP,Spotlight mFund List,2026-02-07T16:49:57Z,2026-02-08 00:49 AWST,,,,,ETF_ETP,ASX Investment Products Monthly Report
PMF03,PMF03.AX,PIMCO Global Bond Fund Wholesale Class,ETF/ETP,Spotlight mFund List,2026-02-07T16:49:57Z,2026-02-08 00:49 AWST,,,,,ETF_ETP,ASX Investment Products Monthly Report
PMF04,PMF04.AX,PIMCO Australian Bond Fund Wholesale Class,ETF/ETP,Spotlight mFund List,2026-02-07T16:49:57Z,2026-02-08 00:49 AWST,,,,,ETF_ETP,ASX Investment Products Monthly Report
PMF05,PMF05.AX,PIMCO Australian Focus Fund Wholesale Class,ETF/ETP,Spotlight mFund List,2026-02-07T16:49:57Z,2026-02-08 00:49 AWST,,,,,ETF_ETP,ASX Investment Products Monthly Report
PMF07,PMF07.AX,PIMCO Capital Securities Fund Wholesale Class,ETF/ETP,Spotlight mFund List,2026-02-07T16:49:57Z,2026-02-08 00:49 AWST,,,,,ETF_ETP,ASX Investment Products Monthly Report
PMF08,PMF08.AX,PIMCO Income Fund Wholesale Class,ETF/ETP,Spotlight mFund List,2026-02-07T16:49:57Z,2026-02-08 00:49 AWST,,,,,ETF_ETP,ASX Investment Products Monthly Report
PMF09,PMF09.AX,PIMCO ESG Global Bond Fund Wholesale Class,ETF/ETP,Spotlight mFund List,2026-02-07T16:49:57Z,2026-02-08 00:49 AWST,,,,,ETF_ETP,ASX Investment Products Monthly Report
PMGOLD,PMGOLD.AX,Perth Mint Gold,ETF/ETP,Spotlight ETP List,2026-02-07T16:49:57Z,2026-02-08 00:49 AWST,,,,,ETF_ETP,ASX Investment Products Monthly Report
PMM,PMM.AX,PIONEER MINERALS LIMITED,Materials,,2026-02-07T16:49:57Z,2026-02-08 00:49 AWST,Materials,15,Materials,15100000,EQUITY,ASXListedCompanies.csv
PMT,PMT.AX,PMET RESOURCES INC.,Materials,,2026-02-07T16:49:57Z,2026-02-08 00:49 AWST,Materials,15,Materials,15100000,EQUITY,ASXListedCompanies.csv
PMV,PMV.AX,PREMIER INVESTMENTS LIMITED,Consumer Discretionary Distribution & Retail,,2026-02-07T16:49:57Z,2026-02-08 00:49 AWST,Consumer Discretionary,25,Consumer Discretionary Distribution & Retail,25500000,EQUITY,ASXListedCompanies.csv
PNC,PNC.AX,PIONEER CREDIT LIMITED,Financial Services,,2026-02-07T16:49:57Z,2026-02-08 00:49 AWST,Financials,40,Financial Services,40200000,EQUITY,ASXListedCompanies.csv
PNI,PNI.AX,PINNACLE INVESTMENT MANAGEMENT GROUP LIMITED,Financial Services,,2026-02-07T16:49:57Z,2026-02-08 00:49 AWST,Financials,40,Financial Services,40200000,EQUITY,ASXListedCompanies.csv
PNM,PNM.AX,PACIFIC NICKEL MINES LIMITED,Materials,,2026-02-07T16:49:57Z,2026-02-08 00:49 AWST,Materials,15,Materials,15100000,EQUITY,ASXListedCompanies.csv
PNN,PNN.AX,POWER MINERALS LIMITED,Materials,,2026-02-07T16:49:57Z,2026-02-08 00:49 AWST,Materials,15,Materials,15100000,EQUITY,ASXListedCompanies.csv
PNR,PNR.AX,PANTORO GOLD LIMITED,Materials,,2026-02-07T16:49:57Z,2026-02-08 00:49 AWST,Materials,15,Materials,15100000,EQUITY,ASXListedCompanies.csv
PNT,PNT.AX,PANTHER METALS LTD,Materials,,2026-02-07T16:49:57Z,2026-02-08 00:49 AWST,Materials,15,Materials,15100000,EQUITY,ASXListedCompanies.csv
PNV,PNV.AX,POLYNOVO LIMITED,Health Care Equipment & Services,,2026-02-07T16:49:57Z,2026-02-08 00:49 AWST,Health Care,35,Health Care Equipment & Services,35100000,EQUITY,ASXListedCompanies.csv
POB,POB.AX,PROGRESS 2021-1 TRUST,Not Applic,,2026-02-07T16:49:57Z,2026-02-08 00:49 AWST,Not Applicable,00,Not Applic,00000000,EQUITY,ASXListedCompanies.csv
POC,POC.AX,PROGRESS 2022-1 TRUST,Not Applic,,2026-02-07T16:49:57Z,2026-02-08 00:49 AWST,Not Applicable,00,Not Applic,00000000,EQUITY,ASXListedCompanies.csv
POD,POD.AX,PODIUM MINERALS LIMITED,Materials,,2026-02-07T16:49:57Z,2026-02-08 00:49 AWST,Materials,15,Materials,15100000,EQUITY,ASXListedCompanies.csv
POE,POE.AX,PROGRESS 2023-1 TRUST,Not Applic,,2026-02-07T16:49:57Z,2026-02-08 00:49 AWST,Not Applicable,00,Not Applic,00000000,EQUITY,ASXListedCompanies.csv
POF,POF.AX,PROGRESS 2022-2 TRUST,Not Applic,,2026-02-07T16:49:57Z,2026-02-08 00:49 AWST,Not Applicable,00,Not Applic,00000000,EQUITY,ASXListedCompanies.csv
POG,POG.AX,PROGRESS 2024-1 TRUST,Not Applic,,2026-02-07T16:49:57Z,2026-02-08 00:49 AWST,Not Applicable,00,Not Applic,00000000,EQUITY,ASXListedCompanies.csv
POH,POH.AX,PROGRESS 2023-2 TRUST,Not Applic,,2026-02-07T16:49:57Z,2026-02-08 00:49 AWST,Not Applicable,00,Not Applic,00000000,EQUITY,ASXListedCompanies.csv
POI,POI.AX,PROGRESS 2025-1 TRUST,Not Applic,,2026-02-07T16:49:57Z,2026-02-08 00:49 AWST,Not Applicable,00,Not Applic,00000000,EQUITY,ASXListedCompanies.csv
POL,POL.AX,POLYMETALS RESOURCES LTD,Materials,,2026-02-07T16:49:57Z,2026-02-08 00:49 AWST,Materials,15,Materials,15100000,EQUITY,ASXListedCompanies.csv
POT,POT.AX,PROGRESS 2017-2 TRUST,Not Applic,,2026-02-07T16:49:57Z,2026-02-08 00:49 AWST,Not Applicable,00,Not Applic,00000000,EQUITY,ASXListedCompanies.csv
PPC,PPC.AX,PEET LIMITED,Real Estate Management & Development,,2026-02-07T16:49:57Z,2026-02-08 00:49 AWST,Real Estate,60,Real Estate Management & Development,60200000,EQUITY,ASXListedCompanies.csv
PPE,PPE.AX,PEOPLEIN LIMITED,Commercial & Professional Services,,2026-02-07T16:49:57Z,2026-02-08 00:49 AWST,Industrials,20,Commercial & Professional Services,20200000,EQUITY,ASXListedCompanies.csv
PPG,PPG.AX,PRO-PAC PACKAGING LIMITED,Materials,,2026-02-07T16:49:57Z,2026-02-08 00:49 AWST,Materials,15,Materials,15100000,EQUITY,ASXListedCompanies.csv
PPK,PPK.AX,PPK GROUP LIMITED,Materials,,2026-02-07T16:49:57Z,2026-02-08 00:49 AWST,Materials,15,Materials,15100000,EQUITY,ASXListedCompanies.csv
PPL,PPL.AX,PUREPROFILE LTD,Media & Entertainment,,2026-02-07T16:49:57Z,2026-02-08 00:49 AWST,Communication Services,50,Media & Entertainment,50200000,EQUITY,ASXListedCompanies.csv
PPM,PPM.AX,PEPPER MONEY LIMITED,Financial Services,,2026-02-07T16:49:57Z,2026-02-08 00:49 AWST,Financials,40,Financial Services,40200000,EQUITY,ASXListedCompanies.csv
PPS,PPS.AX,PRAEMIUM LIMITED,Software & Services,,2026-02-07T16:49:57Z,2026-02-08 00:49 AWST,Information Technology,45,Software & Services,45100000,EQUITY,ASXListedCompanies.csv
PPT,PPT.AX,PERPETUAL LIMITED,Financial Services,,2026-02-07T16:49:57Z,2026-02-08 00:49 AWST,Financials,40,Financial Services,40200000,EQUITY,ASXListedCompanies.csv
PPY,PPY.AX,PAPYRUS AUSTRALIA LIMITED,Materials,,2026-02-07T16:49:57Z,2026-02-08 00:49 AWST,Materials,15,Materials,15100000,EQUITY,ASXListedCompanies.csv
PR1,PR1.AX,PURE RESOURCES LIMITED,Materials,,2026-02-07T16:49:57Z,2026-02-08 00:49 AWST,Materials,15,Materials,15100000,EQUITY,ASXListedCompanies.csv
PR2,PR2.AX,PICHE RESOURCES LIMITED,Not Applic,,2026-02-07T16:49:57Z,2026-02-08 00:49 AWST,Not Applicable,00,Not Applic,00000000,EQUITY,ASXListedCompanies.csv
PR4,PR4.AX,PEPPER RESIDENTIAL SECURITIES TRUST NO. 40,Not Applic,,2026-02-07T16:49:57Z,2026-02-08 00:49 AWST,Not Applicable,00,Not Applic,00000000,EQUITY,ASXListedCompanies.csv
PRG,PRG.AX,PRL GLOBAL LTD,Materials,,2026-02-07T16:49:57Z,2026-02-08 00:49 AWST,Materials,15,Materials,15100000,EQUITY,ASXListedCompanies.csv
PRM,PRM.AX,PROMINENCE ENERGY LIMITED,Energy,,2026-02-07T16:49:57Z,2026-02-08 00:49 AWST,Energy,10,Energy,10100000,EQUITY,ASXListedCompanies.csv
PRN,PRN.AX,PERENTI LIMITED,Materials,,2026-02-07T16:49:57Z,2026-02-08 00:49 AWST,Materials,15,Materials,15100000,EQUITY,ASXListedCompanies.csv
PRO,PRO.AX,PROPHECY INTERNATIONAL HOLDINGS LIMITED,Software & Services,,2026-02-07T16:49:57Z,2026-02-08 00:49 AWST,Information Technology,45,Software & Services,45100000,EQUITY,ASXListedCompanies.csv
PRU,PRU.AX,PERSEUS MINING LIMITED,Materials,,2026-02-07T16:49:57Z,2026-02-08 00:49 AWST,Materials,15,Materials,15100000,EQUITY,ASXListedCompanies.csv
PRX,PRX.AX,PRODIGY GOLD NL,Materials,,2026-02-07T16:49:57Z,2026-02-08 00:49 AWST,Materials,15,Materials,15100000,EQUITY,ASXListedCompanies.csv
PS2,PS2.AX,PUMA SERIES 2024-2 TRUST,Not Applic,,2026-02-07T16:49:57Z,2026-02-08 00:49 AWST,Not Applicable,00,Not Applic,00000000,EQUITY,ASXListedCompanies.csv
PSC,PSC.AX,PROSPECT RESOURCES LIMITED,Materials,,2026-02-07T16:49:57Z,2026-02-08 00:49 AWST,Materials,15,Materials,15100000,EQUITY,ASXListedCompanies.csv
PSL,PSL.AX,PATERSON RESOURCES LTD,Materials,,2026-02-07T16:49:57Z,2026-02-08 00:49 AWST,Materials,15,Materials,15100000,EQUITY,ASXListedCompanies.csv
PTL,PTL.AX,PRESTAL HOLDINGS LIMITED,Household & Personal Products,,2026-02-07T16:49:57Z,2026-02-08 00:49 AWST,Consumer Staples,30,Household & Personal Products,30300000,EQUITY,ASXListedCompanies.csv
PTN,PTN.AX,PATRONUS RESOURCES LIMITED,Materials,,2026-02-07T16:49:57Z,2026-02-08 00:49 AWST,Materials,15,Materials,15100000,EQUITY,ASXListedCompanies.csv
PTR,PTR.AX,PTR MINERALS LTD,Materials,,2026-02-07T16:49:57Z,2026-02-08 00:49 AWST,Materials,15,Materials,15100000,EQUITY,ASXListedCompanies.csv
PTX,PTX.AX,PRESCIENT THERAPEUTICS LIMITED,"Pharmaceuticals, Biotechnology & Life Sciences",,2026-02-07T16:49:57Z,2026-02-08 00:49 AWST,Health Care,35,"Pharmaceuticals, Biotechnology & Life Sciences",35200000,EQUITY,ASXListedCompanies.csv
PU6,PU6.AX,PEPPER SPARKZ TRUST NO.6,Not Applic,,2026-02-07T16:49:57Z,2026-02-08 00:49 AWST,Not Applicable,00,Not Applic,00000000,EQUITY,ASXListedCompanies.csv
PU8,PU8.AX,PEPPER SPARKZ TRUST NO.8,Not Applic,,2026-02-07T16:49:57Z,2026-02-08 00:49 AWST,Not Applicable,00,Not Applic,00000000,EQUITY,ASXListedCompanies.csv
PU9,PU9.AX,PEPPER SPARKZ TRUST NO.9,Not Applic,,2026-02-07T16:49:57Z,2026-02-08 00:49 AWST,Not Applicable,00,Not Applic,00000000,EQUITY,ASXListedCompanies.csv
PUR,PUR.AX,PURSUIT MINERALS LTD,Materials,,2026-02-07T16:49:57Z,2026-02-08 00:49 AWST,Materials,15,Materials,15100000,EQUITY,ASXListedCompanies.csv
PUT,PUT.AX,PUMA SERIES 2023-1 TRUST,Not Applic,,2026-02-07T16:49:57Z,2026-02-08 00:49 AWST,Not Applicable,00,Not Applic,00000000,EQUITY,ASXListedCompanies.csv
PUU,PUU.AX,PUMA SERIES 2024-1 TRUST,Not Applic,,2026-02-07T16:49:57Z,2026-02-08 00:49 AWST,Not Applicable,00,Not Applic,00000000,EQUITY,ASXListedCompanies.csv
PV1,PV1.AX,PROVARIS ENERGY LTD,Energy,,2026-02-07T16:49:57Z,2026-02-08 00:49 AWST,Energy,10,Energy,10100000,EQUITY,ASXListedCompanies.csv
PVE,PVE.AX,PO VALLEY ENERGY LIMITED,Energy,,2026-02-07T16:49:57Z,2026-02-08 00:49 AWST,Energy,10,Energy,10100000,EQUITY,ASXListedCompanies.csv
PVL,PVL.AX,POWERHOUSE VENTURES LIMITED,Financial Services,,2026-02-07T16:49:57Z,2026-02-08 00:49 AWST,Financials,40,Financial Services,40200000,EQUITY,ASXListedCompanies.csv
PVT,PVT.AX,PIVOTAL METALS LIMITED,Materials,,2026-02-07T16:49:57Z,2026-02-08 00:49 AWST,Materials,15,Materials,15100000,EQUITY,ASXListedCompanies.csv
PVW,PVW.AX,PVW RESOURCES LIMITED,Materials,,2026-02-07T16:49:57Z,2026-02-08 00:49 AWST,Materials,15,Materials,15100000,EQUITY,ASXListedCompanies.csv
PWH,PWH.AX,PWR HOLDINGS LIMITED,Automobiles & Components,,2026-02-07T16:49:57Z,2026-02-08 00:49 AWST,Consumer Discretionary,25,Automobiles & Components,25100000,EQUITY,ASXListedCompanies.csv
PWN,PWN.AX,PARKWAY CORPORATE LIMITED,Materials,,2026-02-07T16:49:57Z,2026-02-08 00:49 AWST,Materials,15,Materials,15100000,EQUITY,ASXListedCompanies.csv
PWR,PWR.AX,PETER WARREN AUTOMOTIVE HOLDINGS LIMITED,Consumer Discretionary Distribution & Retail,,2026-02-07T16:49:57Z,2026-02-08 00:49 AWST,Consumer Discretionary,25,Consumer Discretionary Distribution & Retail,25500000,EQUITY,ASXListedCompanies.csv
PXA,PXA.AX,PEXA GROUP LIMITED,Real Estate Management & Development,,2026-02-07T16:49:57Z,2026-02-08 00:49 AWST,Real Estate,60,Real Estate Management & Development,60200000,EQUITY,ASXListedCompanies.csv
PXR,PXR.AX,PACIFIC RESOURCES LIMITED,Energy,,2026-02-07T16:49:57Z,2026-02-08 00:49 AWST,Energy,10,Energy,10100000,EQUITY,ASXListedCompanies.csv
PXX,PXX.AX,POLARX LIMITED,Materials,,2026-02-07T16:49:57Z,2026-02-08 00:49 AWST,Materials,15,Materials,15100000,EQUITY,ASXListedCompanies.csv
PYC,PYC.AX,PYC THERAPEUTICS LIMITED,"Pharmaceuticals, Biotechnology & Life Sciences",,2026-02-07T16:49:57Z,2026-02-08 00:49 AWST,Health Care,35,"Pharmaceuticals, Biotechnology & Life Sciences",35200000,EQUITY,ASXListedCompanies.csv
QAL,QAL.AX,QUALITAS LIMITED,Real Estate Management & Development,,2026-02-07T16:49:57Z,2026-02-08 00:49 AWST,Real Estate,60,Real Estate Management & Development,60200000,EQUITY,ASXListedCompanies.csv
QAN,QAN.AX,QANTAS AIRWAYS LIMITED,Transportation,,2026-02-07T16:49:57Z,2026-02-08 00:49 AWST,Industrials,20,Transportation,20300000,EQUITY,ASXListedCompanies.csv
QAU,QAU.AX,Betashares Gold Bullion ETF (Currency Hedged),ETF/ETP,Spotlight ETP List,2026-02-07T16:49:57Z,2026-02-08 00:49 AWST,,,,,ETF_ETP,ASX Investment Products Monthly Report
QBE,QBE.AX,QBE INSURANCE GROUP LIMITED,Insurance,,2026-02-07T16:49:57Z,2026-02-08 00:49 AWST,Financials,40,Insurance,40300000,EQUITY,ASXListedCompanies.csv
QBTC,QBTC.AX,Betashares Bitcoin ETF,ETF/ETP,Spotlight ETP List,2026-02-07T16:49:57Z,2026-02-08 00:49 AWST,,,,,ETF_ETP,ASX Investment Products Monthly Report
QEM,QEM.AX,QEM LIMITED,Materials,,2026-02-07T16:49:57Z,2026-02-08 00:49 AWST,Materials,15,Materials,15100000,EQUITY,ASXListedCompanies.csv
QETH,QETH.AX,Betashares Ethereum ETF,ETF/ETP,Spotlight ETP List,2026-02-07T16:49:57Z,2026-02-08 00:49 AWST,,,,,ETF_ETP,ASX Investment Products Monthly Report
QFE,QFE.AX,QUICKFEE LIMITED,Financial Services,,2026-02-07T16:49:57Z,2026-02-08 00:49 AWST,Financials,40,Financial Services,40200000,EQUITY,ASXListedCompanies.csv
QFN,QFN.AX,Betashares Financials Sector ETF,ETF/ETP,Spotlight ETP List,2026-02-07T16:49:57Z,2026-02-08 00:49 AWST,,,,,ETF_ETP,ASX Investment Products Monthly Report
QGFH,QGFH.AX,Quay Global Real Estate Fund (AUD Hedged) Active ETF,ETF/ETP,Spotlight ETP List,2026-02-07T16:49:57Z,2026-02-08 00:49 AWST,,,,,ETF_ETP,ASX Investment Products Monthly Report
QGL,QGL.AX,QUANTUM GRAPHITE LIMITED,Materials,,2026-02-07T16:49:57Z,2026-02-08 00:49 AWST,Materials,15,Materials,15100000,EQUITY,ASXListedCompanies.csv
QGRU,QGRU.AX,Quay Global Real Estate Fund (Unhedged) Active ETF,ETF/ETP,Spotlight ETP List,2026-02-07T16:49:57Z,2026-02-08 00:49 AWST,,,,,ETF_ETP,ASX Investment Products Monthly Report
QHAL,QHAL.AX,VanEck MSCI International Quality (AUD Hedged) ETF,ETF/ETP,Spotlight ETP List,2026-02-07T16:49:57Z,2026-02-08 00:49 AWST,,,,,ETF_ETP,ASX Investment Products Monthly Report
QHSM,QHSM.AX,VanEck MSCI International Small Companies Quality (AUD Hedged) ETF,ETF/ETP,Spotlight ETP List,2026-02-07T16:49:57Z,2026-02-08 00:49 AWST,,,,,ETF_ETP,ASX Investment Products Monthly Report
QLTY,QLTY.AX,Betashares Global Quality Leaders ETF,ETF/ETP,Spotlight ETP List,2026-02-07T16:49:57Z,2026-02-08 00:49 AWST,,,,,ETF_ETP,ASX Investment Products Monthly Report
QMAX,QMAX.AX,Betashares Nasdaq 100 Yield Maximiser Complex ETF,ETF/ETP,Spotlight ETP List,2026-02-07T16:49:57Z,2026-02-08 00:49 AWST,,,,,ETF_ETP,ASX Investment Products Monthly Report
QMIX,QMIX.AX,SPDR MSCI World Quality Mix ETF,ETF/ETP,Spotlight ETP List,2026-02-07T16:49:57Z,2026-02-08 00:49 AWST,,,,,ETF_ETP,ASX Investment Products Monthly Report
QML,QML.AX,QMINES LIMITED,Materials,,2026-02-07T16:49:57Z,2026-02-08 00:49 AWST,Materials,15,Materials,15100000,EQUITY,ASXListedCompanies.csv
QNB,QNB.AX,QNB FINANCE LTD,Not Applic,,2026-02-07T16:49:57Z,2026-02-08 00:49 AWST,Not Applicable,00,Not Applic,00000000,EQUITY,ASXListedCompanies.csv
QNDQ,QNDQ.AX,BetaShares NASDAQ 100 Equal Weight ETF,ETF/ETP,Spotlight ETP List,2026-02-07T16:49:57Z,2026-02-08 00:49 AWST,,,,,ETF_ETP,ASX Investment Products Monthly Report
QOR,QOR.AX,QORIA LIMITED,Software & Services,,2026-02-07T16:49:57Z,2026-02-08 00:49 AWST,Information Technology,45,Software & Services,45100000,EQUITY,ASXListedCompanies.csv
QOZ,QOZ.AX,Betashares FTSE RAFI Australia 200 ETF,ETF/ETP,Spotlight ETP List,2026-02-07T16:49:57Z,2026-02-08 00:49 AWST,,,,,ETF_ETP,ASX Investment Products Monthly Report
QPM,QPM.AX,QPM ENERGY LIMITED,Materials,,2026-02-07T16:49:57Z,2026-02-08 00:49 AWST,Materials,15,Materials,15100000,EQUITY,ASXListedCompanies.csv
QPON,QPON.AX,Betashares Australian Bank Senior Floating Rate Bond ETF,ETF/ETP,Spotlight ETP List,2026-02-07T16:49:57Z,2026-02-08 00:49 AWST,,,,,ETF_ETP,ASX Investment Products Monthly Report
QRE,QRE.AX,Betashares Resources Sector ETF,ETF/ETP,Spotlight ETP List,2026-02-07T16:49:57Z,2026-02-08 00:49 AWST,,,,,ETF_ETP,ASX Investment Products Monthly Report
QRI,QRI.AX,QUALITAS REAL ESTATE INCOME FUND,Financial Services,,2026-02-07T16:49:57Z,2026-02-08 00:49 AWST,Financials,40,Financial Services,40200000,EQUITY,ASXListedCompanies.csv
QSML,QSML.AX,VanEck MSCI International Small Companies Quality ETF,ETF/ETP,Spotlight ETP List,2026-02-07T16:49:57Z,2026-02-08 00:49 AWST,,,,,ETF_ETP,ASX Investment Products Monthly Report
QUAL,QUAL.AX,VanEck MSCI International Quality ETF,ETF/ETP,Spotlight ETP List,2026-02-07T16:49:57Z,2026-02-08 00:49 AWST,,,,,ETF_ETP,ASX Investment Products Monthly Report
QUB,QUB.AX,QUBE HOLDINGS LIMITED,Transportation,,2026-02-07T16:49:57Z,2026-02-08 00:49 AWST,Industrials,20,Transportation,20300000,EQUITY,ASXListedCompanies.csv
QUE,QUE.AX,QUESTE COMMUNICATIONS LIMITED,Financial Services,,2026-02-07T16:49:57Z,2026-02-08 00:49 AWST,Financials,40,Financial Services,40200000,EQUITY,ASXListedCompanies.csv
QUS,QUS.AX,Betashares S&P 500 Equal Weight ETF,ETF/ETP,Spotlight ETP List,2026-02-07T16:49:57Z,2026-02-08 00:49 AWST,,,,,ETF_ETP,ASX Investment Products Monthly Report
QXR,QXR.AX,QX RESOURCES LIMITED,Materials,,2026-02-07T16:49:57Z,2026-02-08 00:49 AWST,Materials,15,Materials,15100000,EQUITY,ASXListedCompanies.csv
QYLD,QYLD.AX,Global X Nasdaq 100 Covered Call ETF,ETF/ETP,Spotlight ETP List,2026-02-07T16:49:57Z,2026-02-08 00:49 AWST,,,,,ETF_ETP,ASX Investment Products Monthly Report
R3AL,R3AL.AX,Martin Currie Real Income Fund – Active ETF,ETF/ETP,Spotlight ETP List,2026-02-07T16:49:57Z,2026-02-08 00:49 AWST,,,,,ETF_ETP,ASX Investment Products Monthly Report
R8R,R8R.AX,REGENER8 RESOURCES NL,Materials,,2026-02-07T16:49:57Z,2026-02-08 00:49 AWST,Materials,15,Materials,15100000,EQUITY,ASXListedCompanies.csv
RA2,RA2.AX,RESIMAC PREMIER SERIES 2020-1,Not Applic,,2026-02-07T16:49:57Z,2026-02-08 00:49 AWST,Not Applicable,00,Not Applic,00000000,EQUITY,ASXListedCompanies.csv
RA3,RA3.AX,RESIMAC SERIES 2024-1NC,Not Applic,,2026-02-07T16:49:57Z,2026-02-08 00:49 AWST,Not Applicable,00,Not Applic,00000000,EQUITY,ASXListedCompanies.csv
RAC,RAC.AX,RACURA ONCOLOGY LTD,"Pharmaceuticals, Biotechnology & Life Sciences",,2026-02-07T16:49:57Z,2026-02-08 00:49 AWST,Health Care,35,"Pharmaceuticals, Biotechnology & Life Sciences",35200000,EQUITY,ASXListedCompanies.csv
RAD,RAD.AX,RADIOPHARM THERANOSTICS LIMITED,"Pharmaceuticals, Biotechnology & Life Sciences",,2026-02-07T16:49:57Z,2026-02-08 00:49 AWST,Health Care,35,"Pharmaceuticals, Biotechnology & Life Sciences",35200000,EQUITY,ASXListedCompanies.csv
RAG,RAG.AX,RAGNAR METALS LIMITED,Materials,,2026-02-07T16:49:57Z,2026-02-08 00:49 AWST,Materials,15,Materials,15100000,EQUITY,ASXListedCompanies.csv
RAM,RAM.AX,RAM INCOME CAPITAL LTD,Not Applic,,2026-02-07T16:49:57Z,2026-02-08 00:49 AWST,Not Applicable,00,Not Applic,00000000,EQUITY,ASXListedCompanies.csv
RAN,RAN.AX,RANGE INTERNATIONAL LIMITED,Materials,,2026-02-07T16:49:57Z,2026-02-08 00:49 AWST,Materials,15,Materials,15100000,EQUITY,ASXListedCompanies.csv
RAP,RAP.AX,RAPTOR METALS LTD,Materials,,2026-02-07T16:49:57Z,2026-02-08 00:49 AWST,Materials,15,Materials,15100000,EQUITY,ASXListedCompanies.csv
RARI,RARI.AX,Russell Investments Australian Responsible Investment ETF,ETF/ETP,Spotlight ETP List,2026-02-07T16:49:57Z,2026-02-08 00:49 AWST,,,,,ETF_ETP,ASX Investment Products Monthly Report
RAS,RAS.AX,RAGUSA MINERALS LTD,Materials,,2026-02-07T16:49:57Z,2026-02-08 00:49 AWST,Materials,15,Materials,15100000,EQUITY,ASXListedCompanies.csv
RAU,RAU.AX,RESOURO STRATEGIC METALS INC.,Materials,,2026-02-07T16:49:57Z,2026-02-08 00:49 AWST,Materials,15,Materials,15100000,EQUITY,ASXListedCompanies.csv
RB6,RB6.AX,RUBIX RESOURCES LIMITED,Materials,,2026-02-07T16:49:57Z,2026-02-08 00:49 AWST,Materials,15,Materials,15100000,EQUITY,ASXListedCompanies.csv
RBR,RBR.AX,RBR GROUP LIMITED,Materials,,2026-02-07T16:49:57Z,2026-02-08 00:49 AWST,Materials,15,Materials,15100000,EQUITY,ASXListedCompanies.csv
RBTZ,RBTZ.AX,Betashares Global Robotics and Artificial Intelligence ETF,ETF/ETP,Spotlight ETP List,2026-02-07T16:49:57Z,2026-02-08 00:49 AWST,,,,,ETF_ETP,ASX Investment Products Monthly Report
RBX,RBX.AX,RESOURCE BASE LIMITED.,Materials,,2026-02-07T16:49:57Z,2026-02-08 00:49 AWST,Materials,15,Materials,15100000,EQUITY,ASXListedCompanies.csv
RC1,RC1.AX,REDCASTLE RESOURCES LIMITED,Materials,,2026-02-07T16:49:57Z,2026-02-08 00:49 AWST,Materials,15,Materials,15100000,EQUITY,ASXListedCompanies.csv
RCAP,RCAP.AX,Resolution Capital Global Property Securities Fund - Active ETF,ETF/ETP,Spotlight ETP List,2026-02-07T16:49:57Z,2026-02-08 00:49 AWST,,,,,ETF_ETP,ASX Investment Products Monthly Report
RCB,RCB.AX,Russell Investments Australian Select Corporate Bond ETF,ETF/ETP,Spotlight ETP List,2026-02-07T16:49:57Z,2026-02-08 00:49 AWST,,,,,ETF_ETP,ASX Investment Products Monthly Report
RCE,RCE.AX,RECCE PHARMACEUTICALS LTD,"Pharmaceuticals, Biotechnology & Life Sciences",,2026-02-07T16:49:57Z,2026-02-08 00:49 AWST,Health Care,35,"Pharmaceuticals, Biotechnology & Life Sciences",35200000,EQUITY,ASXListedCompanies.csv
RCL,RCL.AX,READCLOUD LIMITED,Software & Services,,2026-02-07T16:49:57Z,2026-02-08 00:49 AWST,Information Technology,45,Software & Services,45100000,EQUITY,ASXListedCompanies.csv
RCM,RCM.AX,RAPID CRITICAL METALS LIMITED,Materials,,2026-02-07T16:49:57Z,2026-02-08 00:49 AWST,Materials,15,Materials,15100000,EQUITY,ASXListedCompanies.csv
RCR,RCR.AX,RINCON RESOURCES LIMITED,Materials,,2026-02-07T16:49:57Z,2026-02-08 00:49 AWST,Materials,15,Materials,15100000,EQUITY,ASXListedCompanies.csv
RCT,RCT.AX,REEF CASINO TRUST,Consumer Services,,2026-02-07T16:49:57Z,2026-02-08 00:49 AWST,Consumer Discretionary,25,Consumer Services,25300000,EQUITY,ASXListedCompanies.csv
RDM,RDM.AX,RED METAL LIMITED,Materials,,2026-02-07T16:49:57Z,2026-02-08 00:49 AWST,Materials,15,Materials,15100000,EQUITY,ASXListedCompanies.csv
RDN,RDN.AX,RAIDEN RESOURCES LIMITED,Materials,,2026-02-07T16:49:57Z,2026-02-08 00:49 AWST,Materials,15,Materials,15100000,EQUITY,ASXListedCompanies.csv
RDS,RDS.AX,REDSTONE RESOURCES LIMITED,Materials,,2026-02-07T16:49:57Z,2026-02-08 00:49 AWST,Materials,15,Materials,15100000,EQUITY,ASXListedCompanies.csv
RDV,RDV.AX,Russell Investments High Dividend Australian Shares ETF,ETF/ETP,Spotlight ETP List,2026-02-07T16:49:57Z,2026-02-08 00:49 AWST,,,,,ETF_ETP,ASX Investment Products Monthly Report
RDX,RDX.AX,REDOX LIMITED,Capital Goods,,2026-02-07T16:49:57Z,2026-02-08 00:49 AWST,Industrials,20,Capital Goods,20100000,EQUITY,ASXListedCompanies.csv
RDY,RDY.AX,READYTECH HOLDINGS LIMITED,Software & Services,,2026-02-07T16:49:57Z,2026-02-08 00:49 AWST,Information Technology,45,Software & Services,45100000,EQUITY,ASXListedCompanies.csv
REA,REA.AX,REA GROUP LTD,Media & Entertainment,,2026-02-07T16:49:57Z,2026-02-08 00:49 AWST,Communication Services,50,Media & Entertainment,50200000,EQUITY,ASXListedCompanies.csv
REC,REC.AX,RECHARGE METALS LIMITED,Materials,,2026-02-07T16:49:57Z,2026-02-08 00:49 AWST,Materials,15,Materials,15100000,EQUITY,ASXListedCompanies.csv
REE,REE.AX,RAREX LIMITED,Materials,,2026-02-07T16:49:57Z,2026-02-08 00:49 AWST,Materials,15,Materials,15100000,EQUITY,ASXListedCompanies.csv
REG,REG.AX,REGIS HEALTHCARE LIMITED,Health Care Equipment & Services,,2026-02-07T16:49:57Z,2026-02-08 00:49 AWST,Health Care,35,Health Care Equipment & Services,35100000,EQUITY,ASXListedCompanies.csv
REH,REH.AX,REECE LIMITED,Capital Goods,,2026-02-07T16:49:57Z,2026-02-08 00:49 AWST,Industrials,20,Capital Goods,20100000,EQUITY,ASXListedCompanies.csv
REIT,REIT.AX,VanEck FTSE International Property (Hedged) ETF,ETF/ETP,Spotlight ETP List,2026-02-07T16:49:57Z,2026-02-08 00:49 AWST,,,,,ETF_ETP,ASX Investment Products Monthly Report
REM,REM.AX,REMSENSE TECHNOLOGIES LIMITED,Capital Goods,,2026-02-07T16:49:57Z,2026-02-08 00:49 AWST,Industrials,20,Capital Goods,20100000,EQUITY,ASXListedCompanies.csv
REP,REP.AX,RAM ESSENTIAL SERVICES PROPERTY FUND,Equity Real Estate Investment Trusts (REITs),,2026-02-07T16:49:57Z,2026-02-08 00:49 AWST,Real Estate,60,Equity Real Estate Investment Trusts (REITs),60100000,EQUITY,ASXListedCompanies.csv
REV,REV.AX,REVOLUTION PRIVATE CREDIT INCOME TRUST,Not Applic,,2026-02-07T16:49:57Z,2026-02-08 00:49 AWST,Not Applicable,00,Not Applic,00000000,EQUITY,ASXListedCompanies.csv
REZ,REZ.AX,RESOURCES & ENERGY GROUP LIMITED,Materials,,2026-02-07T16:49:57Z,2026-02-08 00:49 AWST,Materials,15,Materials,15100000,EQUITY,ASXListedCompanies.csv
RF1,RF1.AX,REGAL INVESTMENT FUND,Not Applic,,2026-02-07T16:49:57Z,2026-02-08 00:49 AWST,Not Applicable,00,Not Applic,00000000,EQUITY,ASXListedCompanies.csv
RFF,RFF.AX,RURAL FUNDS GROUP,Equity Real Estate Investment Trusts (REITs),,2026-02-07T16:49:57Z,2026-02-08 00:49 AWST,Real Estate,60,Equity Real Estate Investment Trusts (REITs),60100000,EQUITY,ASXListedCompanies.csv
RFG,RFG.AX,RETAIL FOOD GROUP LIMITED,Consumer Services,,2026-02-07T16:49:57Z,2026-02-08 00:49 AWST,Consumer Discretionary,25,Consumer Services,25300000,EQUITY,ASXListedCompanies.csv
RFT,RFT.AX,RECTIFIER TECHNOLOGIES LTD,Capital Goods,,2026-02-07T16:49:57Z,2026-02-08 00:49 AWST,Industrials,20,Capital Goods,20100000,EQUITY,ASXListedCompanies.csv
RG1,RG1.AX,REGAL PARTNERS GLOBAL INVESTMENTS LIMITED,Not Applic,,2026-02-07T16:49:57Z,2026-02-08 00:49 AWST,Not Applicable,00,Not Applic,00000000,EQUITY,ASXListedCompanies.csv
RG8,RG8.AX,REGAL ASIAN INVESTMENTS LIMITED,Not Applic,,2026-02-07T16:49:57Z,2026-02-08 00:49 AWST,Not Applicable,00,Not Applic,00000000,EQUITY,ASXListedCompanies.csv
RGB,RGB.AX,Russell Investments Australian Government Bond ETF,ETF/ETP,Spotlight ETP List,2026-02-07T16:49:57Z,2026-02-08 00:49 AWST,,,,,ETF_ETP,ASX Investment Products Monthly Report
RGL,RGL.AX,RIVERSGOLD LIMITED,Materials,,2026-02-07T16:49:57Z,2026-02-08 00:49 AWST,Materials,15,Materials,15100000,EQUITY,ASXListedCompanies.csv
RGN,RGN.AX,REGION GROUP,Equity Real Estate Investment Trusts (REITs),,2026-02-07T16:49:57Z,2026-02-08 00:49 AWST,Real Estate,60,Equity Real Estate Investment Trusts (REITs),60100000,EQUITY,ASXListedCompanies.csv
RGOS,RGOS.AX,Russell Sust Global Opportunities Complex ETF,ETF/ETP,Spotlight ETP List,2026-02-07T16:49:57Z,2026-02-08 00:49 AWST,,,,,ETF_ETP,ASX Investment Products Monthly Report
RGT,RGT.AX,ARGENT BIOPHARMA LIMITED,"Pharmaceuticals, Biotechnology & Life Sciences",,2026-02-07T16:49:57Z,2026-02-08 00:49 AWST,Health Care,35,"Pharmaceuticals, Biotechnology & Life Sciences",35200000,EQUITY,ASXListedCompanies.csv
RHC,RHC.AX,RAMSAY HEALTH CARE LIMITED,Health Care Equipment & Services,,2026-02-07T16:49:57Z,2026-02-08 00:49 AWST,Health Care,35,Health Care Equipment & Services,35100000,EQUITY,ASXListedCompanies.csv
RHI,RHI.AX,RED HILL MINERALS LIMITED,Materials,,2026-02-07T16:49:57Z,2026-02-08 00:49 AWST,Materials,15,Materials,15100000,EQUITY,ASXListedCompanies.csv
RHT,RHT.AX,RESONANCE HEALTH LIMITED,Health Care Equipment & Services,,2026-02-07T16:49:57Z,2026-02-08 00:49 AWST,Health Care,35,Health Care Equipment & Services,35100000,EQUITY,ASXListedCompanies.csv
RHY,RHY.AX,RHYTHM BIOSCIENCES LIMITED,Health Care Equipment & Services,,2026-02-07T16:49:57Z,2026-02-08 00:49 AWST,Health Care,35,Health Care Equipment & Services,35100000,EQUITY,ASXListedCompanies.csv
RIC,RIC.AX,RIDLEY CORPORATION LIMITED,"Food, Beverage & Tobacco",,2026-02-07T16:49:57Z,2026-02-08 00:49 AWST,Consumer Staples,30,"Food, Beverage & Tobacco",30200000,EQUITY,ASXListedCompanies.csv
RIE,RIE.AX,RIEDEL RESOURCES LIMITED,Materials,,2026-02-07T16:49:57Z,2026-02-08 00:49 AWST,Materials,15,Materials,15100000,EQUITY,ASXListedCompanies.csv
RIIF,RIIF.AX,Resolution Capital Global Listed Infrastructure Fund – Active ETF,ETF/ETP,Spotlight ETP List,2026-02-07T16:49:57Z,2026-02-08 00:49 AWST,,,,,ETF_ETP,ASX Investment Products Monthly Report
RIL,RIL.AX,REDIVIUM LIMITED,Materials,,2026-02-07T16:49:57Z,2026-02-08 00:49 AWST,Materials,15,Materials,15100000,EQUITY,ASXListedCompanies.csv
RIM,RIM.AX,RIMFIRE PACIFIC MINING LIMITED,Materials,,2026-02-07T16:49:57Z,2026-02-08 00:49 AWST,Materials,15,Materials,15100000,EQUITY,ASXListedCompanies.csv
RIO,RIO.AX,RIO TINTO LIMITED,Materials,,2026-02-07T16:49:57Z,2026-02-08 00:49 AWST,Materials,15,Materials,15100000,EQUITY,ASXListedCompanies.csv
RIV,RIV.AX,RIVCO AUSTRALIA LTD,Utilities,,2026-02-07T16:49:57Z,2026-02-08 00:49 AWST,Utilities,55,Utilities,55100000,EQUITY,ASXListedCompanies.csv
RKB,RKB.AX,ROKEBY RESOURCES LIMITED,Materials,,2026-02-07T16:49:57Z,2026-02-08 00:49 AWST,Materials,15,Materials,15100000,EQUITY,ASXListedCompanies.csv
RKN,RKN.AX,RECKON LIMITED,Software & Services,,2026-02-07T16:49:57Z,2026-02-08 00:49 AWST,Information Technology,45,Software & Services,45100000,EQUITY,ASXListedCompanies.csv
RKT,RKT.AX,ROCKETDNA LTD.,Technology Hardware & Equipment,,2026-02-07T16:49:57Z,2026-02-08 00:49 AWST,Information Technology,45,Technology Hardware & Equipment,45200000,EQUITY,ASXListedCompanies.csv
RLC,RLC.AX,REEDY LAGOON CORPORATION LIMITED,Materials,,2026-02-07T16:49:57Z,2026-02-08 00:49 AWST,Materials,15,Materials,15100000,EQUITY,ASXListedCompanies.csv
RLF,RLF.AX,RLF AGTECH LTD,Materials,,2026-02-07T16:49:57Z,2026-02-08 00:49 AWST,Materials,15,Materials,15100000,EQUITY,ASXListedCompanies.csv
RLG,RLG.AX,ROOLIFE GROUP LTD,Media & Entertainment,,2026-02-07T16:49:57Z,2026-02-08 00:49 AWST,Communication Services,50,Media & Entertainment,50200000,EQUITY,ASXListedCompanies.csv
RLM02,RLM02.AX,Realm Cash Plus Fund - mFund Units,ETF/ETP,Spotlight mFund List,2026-02-07T16:49:57Z,2026-02-08 00:49 AWST,,,,,ETF_ETP,ASX Investment Products Monthly Report
RLM03,RLM03.AX,Realm High Income Fund - mFund Units,ETF/ETP,Spotlight mFund List,2026-02-07T16:49:57Z,2026-02-08 00:49 AWST,,,,,ETF_ETP,ASX Investment Products Monthly Report
RM1,RM1.AX,NATIONAL RMBS TRUST 2024-1,Not Applic,,2026-02-07T16:49:57Z,2026-02-08 00:49 AWST,Not Applicable,00,Not Applic,00000000,EQUITY,ASXListedCompanies.csv
RMBS,RMBS.AX,VanEck Australian RMBS ETF,ETF/ETP,Spotlight ETP List,2026-02-07T16:49:57Z,2026-02-08 00:49 AWST,,,,,ETF_ETP,ASX Investment Products Monthly Report
RMC,RMC.AX,RESIMAC GROUP LTD,Financial Services,,2026-02-07T16:49:57Z,2026-02-08 00:49 AWST,Financials,40,Financial Services,40200000,EQUITY,ASXListedCompanies.csv
RMD,RMD.AX,RESMED INC,Health Care Equipment & Services,,2026-02-07T16:49:57Z,2026-02-08 00:49 AWST,Health Care,35,Health Care Equipment & Services,35100000,EQUITY,ASXListedCompanies.csv
RMI,RMI.AX,RESOURCE MINERALS INTERNATIONAL LTD,Materials,,2026-02-07T16:49:57Z,2026-02-08 00:49 AWST,Materials,15,Materials,15100000,EQUITY,ASXListedCompanies.csv
RML,RML.AX,RESOLUTION MINERALS LTD,Materials,,2026-02-07T16:49:57Z,2026-02-08 00:49 AWST,Materials,15,Materials,15100000,EQUITY,ASXListedCompanies.csv
RMS,RMS.AX,RAMELIUS RESOURCES LIMITED,Materials,,2026-02-07T16:49:57Z,2026-02-08 00:49 AWST,Materials,15,Materials,15100000,EQUITY,ASXListedCompanies.csv
RMX,RMX.AX,RED MOUNTAIN MINING LIMITED,Materials,,2026-02-07T16:49:57Z,2026-02-08 00:49 AWST,Materials,15,Materials,15100000,EQUITY,ASXListedCompanies.csv
RMY,RMY.AX,RMA GLOBAL LIMITED,Media & Entertainment,,2026-02-07T16:49:57Z,2026-02-08 00:49 AWST,Communication Services,50,Media & Entertainment,50200000,EQUITY,ASXListedCompanies.csv
RND,RND.AX,RAND MINING LIMITED,Materials,,2026-02-07T16:49:57Z,2026-02-08 00:49 AWST,Materials,15,Materials,15100000,EQUITY,ASXListedCompanies.csv
RNT,RNT.AX,RENT.COM.AU LIMITED,Media & Entertainment,,2026-02-07T16:49:57Z,2026-02-08 00:49 AWST,Communication Services,50,Media & Entertainment,50200000,EQUITY,ASXListedCompanies.csv
RNU,RNU.AX,RENASCOR RESOURCES LIMITED,Materials,,2026-02-07T16:49:57Z,2026-02-08 00:49 AWST,Materials,15,Materials,15100000,EQUITY,ASXListedCompanies.csv
RNV,RNV.AX,RENERVE LIMITED,Health Care Equipment & Services,,2026-02-07T16:49:57Z,2026-02-08 00:49 AWST,Health Care,35,Health Care Equipment & Services,35100000,EQUITY,ASXListedCompanies.csv
RNX,RNX.AX,RENEGADE EXPLORATION LIMITED,Materials,,2026-02-07T16:49:57Z,2026-02-08 00:49 AWST,Materials,15,Materials,15100000,EQUITY,ASXListedCompanies.csv
ROBO,ROBO.AX,Global X ROBO Global Robotics & Automation ETF,ETF/ETP,Spotlight ETP List,2026-02-07T16:49:57Z,2026-02-08 00:49 AWST,,,,,ETF_ETP,ASX Investment Products Monthly Report
ROC,ROC.AX,ROCKETBOOTS LIMITED,Software & Services,,2026-02-07T16:49:57Z,2026-02-08 00:49 AWST,Information Technology,45,Software & Services,45100000,EQUITY,ASXListedCompanies.csv
ROG,ROG.AX,RED SKY ENERGY LIMITED.,Energy,,2026-02-07T16:49:57Z,2026-02-08 00:49 AWST,Energy,10,Energy,10100000,EQUITY,ASXListedCompanies.csv
RON,RON.AX,RONIN RESOURCES LTD,Materials,,2026-02-07T16:49:57Z,2026-02-08 00:49 AWST,Materials,15,Materials,15100000,EQUITY,ASXListedCompanies.csv
ROYL,ROYL.AX,Betashares Global Royalties ETF,ETF/ETP,Spotlight ETP List,2026-02-07T16:49:57Z,2026-02-08 00:49 AWST,,,,,ETF_ETP,ASX Investment Products Monthly Report
RPL,RPL.AX,REGAL PARTNERS LIMITED,Financial Services,,2026-02-07T16:49:57Z,2026-02-08 00:49 AWST,Financials,40,Financial Services,40200000,EQUITY,ASXListedCompanies.csv
RPM,RPM.AX,RPM AUTOMOTIVE GROUP LIMITED,Automobiles & Components,,2026-02-07T16:49:57Z,2026-02-08 00:49 AWST,Consumer Discretionary,25,Automobiles & Components,25100000,EQUITY,ASXListedCompanies.csv
RR1,RR1.AX,REACH RESOURCES LIMITED,Materials,,2026-02-07T16:49:57Z,2026-02-08 00:49 AWST,Materials,15,Materials,15100000,EQUITY,ASXListedCompanies.csv
RRE,RRE.AX,RIGHT RESOURCES LIMITED,Materials,,2026-02-07T16:49:57Z,2026-02-08 00:49 AWST,Materials,15,Materials,15100000,EQUITY,ASXListedCompanies.csv
RRL,RRL.AX,REGIS RESOURCES LIMITED,Materials,,2026-02-07T16:49:57Z,2026-02-08 00:49 AWST,Materials,15,Materials,15100000,EQUITY,ASXListedCompanies.csv
RRR,RRR.AX,REVOLVER RESOURCES HOLDINGS LTD,Materials,,2026-02-07T16:49:57Z,2026-02-08 00:49 AWST,Materials,15,Materials,15100000,EQUITY,ASXListedCompanies.csv
RSG,RSG.AX,RESOLUTE MINING LIMITED,Materials,,2026-02-07T16:49:57Z,2026-02-08 00:49 AWST,Materials,15,Materials,15100000,EQUITY,ASXListedCompanies.csv
RSM,RSM.AX,Russell Investments Australian Semi-Government Bond ETF,ETF/ETP,Spotlight ETP List,2026-02-07T16:49:57Z,2026-02-08 00:49 AWST,,,,,ETF_ETP,ASX Investment Products Monthly Report
RSSL,RSSL.AX,Global X Russell 2000 ETF,ETF/ETP,Spotlight ETP List,2026-02-07T16:49:57Z,2026-02-08 00:49 AWST,,,,,ETF_ETP,ASX Investment Products Monthly Report
RTG,RTG.AX,RTG MINING INC.,Materials,,2026-02-07T16:49:57Z,2026-02-08 00:49 AWST,Materials,15,Materials,15100000,EQUITY,ASXListedCompanies.csv
RTH,RTH.AX,RAS TECHNOLOGY HOLDINGS LIMITED,Commercial & Professional Services,,2026-02-07T16:49:57Z,2026-02-08 00:49 AWST,Industrials,20,Commercial & Professional Services,20200000,EQUITY,ASXListedCompanies.csv
RTR,RTR.AX,RUMBLE RESOURCES LIMITED,Materials,,2026-02-07T16:49:57Z,2026-02-08 00:49 AWST,Materials,15,Materials,15100000,EQUITY,ASXListedCompanies.csv
RUL,RUL.AX,RPMGLOBAL HOLDINGS LIMITED,Software & Services,,2026-02-07T16:49:57Z,2026-02-08 00:49 AWST,Information Technology,45,Software & Services,45100000,EQUITY,ASXListedCompanies.csv
RVT,RVT.AX,RICHMOND VANADIUM TECHNOLOGY LIMITED,Materials,,2026-02-07T16:49:57Z,2026-02-08 00:49 AWST,Materials,15,Materials,15100000,EQUITY,ASXListedCompanies.csv
RWC,RWC.AX,RELIANCE WORLDWIDE CORPORATION LIMITED,Capital Goods,,2026-02-07T16:49:57Z,2026-02-08 00:49 AWST,Industrials,20,Capital Goods,20100000,EQUITY,ASXListedCompanies.csv
RWD,RWD.AX,REWARD MINERALS LTD,Materials,,2026-02-07T16:49:57Z,2026-02-08 00:49 AWST,Materials,15,Materials,15100000,EQUITY,ASXListedCompanies.csv
RWL,RWL.AX,RUBICON WATER LIMITED,Technology Hardware & Equipment,,2026-02-07T16:49:57Z,2026-02-08 00:49 AWST,Information Technology,45,Technology Hardware & Equipment,45200000,EQUITY,ASXListedCompanies.csv
RXL,RXL.AX,ROX RESOURCES LIMITED,Materials,,2026-02-07T16:49:57Z,2026-02-08 00:49 AWST,Materials,15,Materials,15100000,EQUITY,ASXListedCompanies.csv
RXR,RXR.AX,ROBEX RESOURCES INC.,Materials,,2026-02-07T16:49:57Z,2026-02-08 00:49 AWST,Materials,15,Materials,15100000,EQUITY,ASXListedCompanies.csv
RYD,RYD.AX,RYDER CAPITAL LIMITED,Not Applic,,2026-02-07T16:49:57Z,2026-02-08 00:49 AWST,Not Applicable,00,Not Applic,00000000,EQUITY,ASXListedCompanies.csv
RYM,RYM.AX,RYMAN HEALTHCARE LIMITED,Health Care Equipment & Services,,2026-02-07T16:49:57Z,2026-02-08 00:49 AWST,Health Care,35,Health Care Equipment & Services,35100000,EQUITY,ASXListedCompanies.csv
RZI,RZI.AX,RAIZ INVEST LIMITED,Financial Services,,2026-02-07T16:49:57Z,2026-02-08 00:49 AWST,Financials,40,Financial Services,40200000,EQUITY,ASXListedCompanies.csv
S2R,S2R.AX,S2 RESOURCES LTD,Materials,,2026-02-07T16:49:57Z,2026-02-08 00:49 AWST,Materials,15,Materials,15100000,EQUITY,ASXListedCompanies.csv
S32,S32.AX,SOUTH32 LIMITED,Materials,,2026-02-07T16:49:57Z,2026-02-08 00:49 AWST,Materials,15,Materials,15100000,EQUITY,ASXListedCompanies.csv
S3GO,S3GO.AX,Firetrail S3 Global Opportunities Fund - Active ETF,ETF/ETP,Spotlight ETP List,2026-02-07T16:49:57Z,2026-02-08 00:49 AWST,,,,,ETF_ETP,ASX Investment Products Monthly Report
S66,S66.AX,STAR COMBO PHARMA LIMITED,Household & Personal Products,,2026-02-07T16:49:57Z,2026-02-08 00:49 AWST,Consumer Staples,30,Household & Personal Products,30300000,EQUITY,ASXListedCompanies.csv
SAN,SAN.AX,SAGALIO ENERGY LIMITED,Energy,,2026-02-07T16:49:57Z,2026-02-08 00:49 AWST,Energy,10,Energy,10100000,EQUITY,ASXListedCompanies.csv
SB2,SB2.AX,SALTER BROTHERS EMERGING COMPANIES LIMITED,Not Applic,,2026-02-07T16:49:57Z,2026-02-08 00:49 AWST,Not Applicable,00,Not Applic,00000000,EQUITY,ASXListedCompanies.csv
SBM,SBM.AX,ST BARBARA LIMITED,Materials,,2026-02-07T16:49:57Z,2026-02-08 00:49 AWST,Materials,15,Materials,15100000,EQUITY,ASXListedCompanies.csv
SBR,SBR.AX,SABRE RESOURCES LIMITED,Materials,,2026-02-07T16:49:57Z,2026-02-08 00:49 AWST,Materials,15,Materials,15100000,EQUITY,ASXListedCompanies.csv
SC1,SC1.AX,"SHINHAN CARD CO., LTD.",Not Applic,,2026-02-07T16:49:57Z,2026-02-08 00:49 AWST,Not Applicable,00,Not Applic,00000000,EQUITY,ASXListedCompanies.csv
SCA,SCA.AX,SCENTRE GROUP TRUST 1 AND SCENTRE GROUP TRUST 2,Not Applic,,2026-02-07T16:49:57Z,2026-02-08 00:49 AWST,Not Applicable,00,Not Applic,00000000,EQUITY,ASXListedCompanies.csv
SCG,SCG.AX,SCENTRE GROUP,Equity Real Estate Investment Trusts (REITs),,2026-02-07T16:49:57Z,2026-02-08 00:49 AWST,Real Estate,60,Equity Real Estate Investment Trusts (REITs),60100000,EQUITY,ASXListedCompanies.csv
SCN,SCN.AX,SCORPION MINERALS LIMITED,Materials,,2026-02-07T16:49:57Z,2026-02-08 00:49 AWST,Materials,15,Materials,15100000,EQUITY,ASXListedCompanies.csv
SCP,SCP.AX,SCALARE PARTNERS HOLDINGS LIMITED,Financial Services,,2026-02-07T16:49:57Z,2026-02-08 00:49 AWST,Financials,40,Financial Services,40200000,EQUITY,ASXListedCompanies.csv
SCT,SCT.AX,SCOUT SECURITY LIMITED,Consumer Services,,2026-02-07T16:49:57Z,2026-02-08 00:49 AWST,Consumer Discretionary,25,Consumer Services,25300000,EQUITY,ASXListedCompanies.csv
SCW,SCW.AX,SCENTRE GROUP TRUST 1,Equity Real Estate Investment Trusts (REITs),,2026-02-07T16:49:57Z,2026-02-08 00:49 AWST,Real Estate,60,Equity Real Estate Investment Trusts (REITs),60100000,EQUITY,ASXListedCompanies.csv
SDF,SDF.AX,STEADFAST GROUP LIMITED,Insurance,,2026-02-07T16:49:57Z,2026-02-08 00:49 AWST,Financials,40,Insurance,40300000,EQUITY,ASXListedCompanies.csv
SDI,SDI.AX,SDI LIMITED,Health Care Equipment & Services,,2026-02-07T16:49:57Z,2026-02-08 00:49 AWST,Health Care,35,Health Care Equipment & Services,35100000,EQUITY,ASXListedCompanies.csv
SDR,SDR.AX,SITEMINDER LIMITED,Software & Services,,2026-02-07T16:49:57Z,2026-02-08 00:49 AWST,Information Technology,45,Software & Services,45100000,EQUITY,ASXListedCompanies.csv
SDV,SDV.AX,SCIDEV LTD,Materials,,2026-02-07T16:49:57Z,2026-02-08 00:49 AWST,Materials,15,Materials,15100000,EQUITY,ASXListedCompanies.csv
SEA,SEA.AX,SEA FOREST LIMITED,"Food, Beverage & Tobacco",,2026-02-07T16:49:57Z,2026-02-08 00:49 AWST,Consumer Staples,30,"Food, Beverage & Tobacco",30200000,EQUITY,ASXListedCompanies.csv
SEC,SEC.AX,SPHERIA EMERGING COMPANIES LIMITED,Not Applic,,2026-02-07T16:49:57Z,2026-02-08 00:49 AWST,Not Applicable,00,Not Applic,00000000,EQUITY,ASXListedCompanies.csv
SEG,SEG.AX,SPORTS ENTERTAINMENT GROUP LIMITED,Media & Entertainment,,2026-02-07T16:49:57Z,2026-02-08 00:49 AWST,Communication Services,50,Media & Entertainment,50200000,EQUITY,ASXListedCompanies.csv
SEK,SEK.AX,SEEK LIMITED,Media & Entertainment,,2026-02-07T16:49:57Z,2026-02-08 00:49 AWST,Communication Services,50,Media & Entertainment,50200000,EQUITY,ASXListedCompanies.csv
SEMI,SEMI.AX,Global X Semiconductor ETF,ETF/ETP,Spotlight ETP List,2026-02-07T16:49:57Z,2026-02-08 00:49 AWST,,,,,ETF_ETP,ASX Investment Products Monthly Report
SEN,SEN.AX,SENETAS CORPORATION LIMITED,Technology Hardware & Equipment,,2026-02-07T16:49:57Z,2026-02-08 00:49 AWST,Information Technology,45,Technology Hardware & Equipment,45200000,EQUITY,ASXListedCompanies.csv
SEQ,SEQ.AX,SEQUOIA FINANCIAL GROUP LTD,Financial Services,,2026-02-07T16:49:57Z,2026-02-08 00:49 AWST,Financials,40,Financial Services,40200000,EQUITY,ASXListedCompanies.csv
SER,SER.AX,STRATEGIC ENERGY RESOURCES LIMITED,Materials,,2026-02-07T16:49:57Z,2026-02-08 00:49 AWST,Materials,15,Materials,15100000,EQUITY,ASXListedCompanies.csv
SFC,SFC.AX,SCHAFFER CORPORATION LIMITED,Automobiles & Components,,2026-02-07T16:49:57Z,2026-02-08 00:49 AWST,Consumer Discretionary,25,Automobiles & Components,25100000,EQUITY,ASXListedCompanies.csv
SFG,SFG.AX,SEAFARMS GROUP LIMITED,"Food, Beverage & Tobacco",,2026-02-07T16:49:57Z,2026-02-08 00:49 AWST,Consumer Staples,30,"Food, Beverage & Tobacco",30200000,EQUITY,ASXListedCompanies.csv
SFIF,SFIF.AX,Seed Financial Income Fund Active ETF,ETF/ETP,Spotlight ETP List,2026-02-07T16:49:57Z,2026-02-08 00:49 AWST,,,,,ETF_ETP,ASX Investment Products Monthly Report
SFM,SFM.AX,SANTA FE MINERALS LTD,Materials,,2026-02-07T16:49:57Z,2026-02-08 00:49 AWST,Materials,15,Materials,15100000,EQUITY,ASXListedCompanies.csv
SFR,SFR.AX,SANDFIRE RESOURCES LIMITED,Materials,,2026-02-07T16:49:57Z,2026-02-08 00:49 AWST,Materials,15,Materials,15100000,EQUITY,ASXListedCompanies.csv
SFV,SFV.AX,SANTOS FINANCE LIMITED,Not Applic,,2026-02-07T16:49:57Z,2026-02-08 00:49 AWST,Not Applicable,00,Not Applic,00000000,EQUITY,ASXListedCompanies.csv
SFX,SFX.AX,SHEFFIELD RESOURCES LIMITED,Materials,,2026-02-07T16:49:57Z,2026-02-08 00:49 AWST,Materials,15,Materials,15100000,EQUITY,ASXListedCompanies.csv
SFY,SFY.AX,STATE STREET SPDR S&P/ASX 50 ETF,Not Applic,,2026-02-07T16:49:57Z,2026-02-08 00:49 AWST,Not Applicable,00,Not Applic,00000000,EQUITY,ASXListedCompanies.csv
SGA,SGA.AX,SARYTOGAN GRAPHITE LIMITED,Materials,,2026-02-07T16:49:57Z,2026-02-08 00:49 AWST,Materials,15,Materials,15100000,EQUITY,ASXListedCompanies.csv
SGH,SGH.AX,SGH LIMITED,Capital Goods,,2026-02-07T16:49:57Z,2026-02-08 00:49 AWST,Industrials,20,Capital Goods,20100000,EQUITY,ASXListedCompanies.csv
SGI,SGI.AX,STEALTH GROUP HOLDINGS LTD,Capital Goods,,2026-02-07T16:49:57Z,2026-02-08 00:49 AWST,Industrials,20,Capital Goods,20100000,EQUITY,ASXListedCompanies.csv
SGL,SGL.AX,RICEGROWERS LIMITED,"Food, Beverage & Tobacco",,2026-02-07T16:49:57Z,2026-02-08 00:49 AWST,Consumer Staples,30,"Food, Beverage & Tobacco",30200000,EQUITY,ASXListedCompanies.csv
SGM,SGM.AX,SIMS LIMITED,Materials,,2026-02-07T16:49:57Z,2026-02-08 00:49 AWST,Materials,15,Materials,15100000,EQUITY,ASXListedCompanies.csv
SGP,SGP.AX,STOCKLAND,Equity Real Estate Investment Trusts (REITs),,2026-02-07T16:49:57Z,2026-02-08 00:49 AWST,Real Estate,60,Equity Real Estate Investment Trusts (REITs),60100000,EQUITY,ASXListedCompanies.csv
SGQ,SGQ.AX,ST GEORGE MINING LIMITED,Materials,,2026-02-07T16:49:57Z,2026-02-08 00:49 AWST,Materials,15,Materials,15100000,EQUITY,ASXListedCompanies.csv
SGR,SGR.AX,THE STAR ENTERTAINMENT GROUP LIMITED,Consumer Services,,2026-02-07T16:49:57Z,2026-02-08 00:49 AWST,Consumer Discretionary,25,Consumer Services,25300000,EQUITY,ASXListedCompanies.csv
SHA,SHA.AX,SHAPE AUSTRALIA CORPORATION LIMITED,Capital Goods,,2026-02-07T16:49:57Z,2026-02-08 00:49 AWST,Industrials,20,Capital Goods,20100000,EQUITY,ASXListedCompanies.csv
SHE,SHE.AX,STONEHORSE ENERGY LIMITED,Energy,,2026-02-07T16:49:57Z,2026-02-08 00:49 AWST,Energy,10,Energy,10100000,EQUITY,ASXListedCompanies.csv
SHF02,SHF02.AX,SGH ICE,ETF/ETP,Spotlight mFund List,2026-02-07T16:49:57Z,2026-02-08 00:49 AWST,,,,,ETF_ETP,ASX Investment Products Monthly Report
SHF05,SHF05.AX,SGH LaSalle Global Listed Property Securities,ETF/ETP,Spotlight mFund List,2026-02-07T16:49:57Z,2026-02-08 00:49 AWST,,,,,ETF_ETP,ASX Investment Products Monthly Report
SHF06,SHF06.AX,SGH LaSalle Global Property Rich,ETF/ETP,Spotlight mFund List,2026-02-07T16:49:57Z,2026-02-08 00:49 AWST,,,,,ETF_ETP,ASX Investment Products Monthly Report
SHG,SHG.AX,SINGULAR HEALTH GROUP LTD,Health Care Equipment & Services,,2026-02-07T16:49:57Z,2026-02-08 00:49 AWST,Health Care,35,Health Care Equipment & Services,35100000,EQUITY,ASXListedCompanies.csv
SHJ,SHJ.AX,SHINE JUSTICE LTD,Consumer Services,,2026-02-07T16:49:57Z,2026-02-08 00:49 AWST,Consumer Discretionary,25,Consumer Services,25300000,EQUITY,ASXListedCompanies.csv
SHL,SHL.AX,SONIC HEALTHCARE LIMITED,Health Care Equipment & Services,,2026-02-07T16:49:57Z,2026-02-08 00:49 AWST,Health Care,35,Health Care Equipment & Services,35100000,EQUITY,ASXListedCompanies.csv
SHM,SHM.AX,SHRIRO HOLDINGS LIMITED,Consumer Durables & Apparel,,2026-02-07T16:49:57Z,2026-02-08 00:49 AWST,Consumer Discretionary,25,Consumer Durables & Apparel,25200000,EQUITY,ASXListedCompanies.csv
SHN,SHN.AX,SUNSHINE METALS LIMITED,Materials,,2026-02-07T16:49:57Z,2026-02-08 00:49 AWST,Materials,15,Materials,15100000,EQUITY,ASXListedCompanies.csv
SHO,SHO.AX,SPORTSHERO LIMITED,Media & Entertainment,,2026-02-07T16:49:57Z,2026-02-08 00:49 AWST,Communication Services,50,Media & Entertainment,50200000,EQUITY,ASXListedCompanies.csv
SHP,SHP.AX,SOUTH HARZ POTASH LTD,Materials,,2026-02-07T16:49:57Z,2026-02-08 00:49 AWST,Materials,15,Materials,15100000,EQUITY,ASXListedCompanies.csv
SHV,SHV.AX,SELECT HARVESTS LIMITED,"Food, Beverage & Tobacco",,2026-02-07T16:49:57Z,2026-02-08 00:49 AWST,Consumer Staples,30,"Food, Beverage & Tobacco",30200000,EQUITY,ASXListedCompanies.csv
SHZ,SHZ.AX,SHINHAN BANK.,Not Applic,,2026-02-07T16:49:57Z,2026-02-08 00:49 AWST,Not Applicable,00,Not Applic,00000000,EQUITY,ASXListedCompanies.csv
SIG,SIG.AX,SIGMA HEALTHCARE LIMITED,Health Care Equipment & Services,,2026-02-07T16:49:57Z,2026-02-08 00:49 AWST,Health Care,35,Health Care Equipment & Services,35100000,EQUITY,ASXListedCompanies.csv
SIO,SIO.AX,SIMONDS GROUP LIMITED,Consumer Durables & Apparel,,2026-02-07T16:49:57Z,2026-02-08 00:49 AWST,Consumer Discretionary,25,Consumer Durables & Apparel,25200000,EQUITY,ASXListedCompanies.csv
SIQ,SIQ.AX,SMARTGROUP CORPORATION LTD,Commercial & Professional Services,,2026-02-07T16:49:57Z,2026-02-08 00:49 AWST,Industrials,20,Commercial & Professional Services,20200000,EQUITY,ASXListedCompanies.csv
SIS,SIS.AX,SIMBLE SOLUTIONS LIMITED,Software & Services,,2026-02-07T16:49:57Z,2026-02-08 00:49 AWST,Information Technology,45,Software & Services,45100000,EQUITY,ASXListedCompanies.csv
SIV,SIV.AX,SIV CAPITAL LIMITED,Capital Goods,,2026-02-07T16:49:57Z,2026-02-08 00:49 AWST,Industrials,20,Capital Goods,20100000,EQUITY,ASXListedCompanies.csv
SIX,SIX.AX,SPRINTEX LIMITED,Automobiles & Components,,2026-02-07T16:49:57Z,2026-02-08 00:49 AWST,Consumer Discretionary,25,Automobiles & Components,25100000,EQUITY,ASXListedCompanies.csv
SKC,SKC.AX,SKYCITY ENTERTAINMENT GROUP LIMITED,Consumer Services,,2026-02-07T16:49:57Z,2026-02-08 00:49 AWST,Consumer Discretionary,25,Consumer Services,25300000,EQUITY,ASXListedCompanies.csv
SKE01,SKE01.AX,Skerryvore Global Emerging Marekts All-Cap Equity Fund,ETF/ETP,Spotlight mFund List,2026-02-07T16:49:57Z,2026-02-08 00:49 AWST,,,,,ETF_ETP,ASX Investment Products Monthly Report
SKK,SKK.AX,STAKK LIMITED,Telecommunication Services,,2026-02-07T16:49:57Z,2026-02-08 00:49 AWST,Communication Services,50,Telecommunication Services,50100000,EQUITY,ASXListedCompanies.csv
SKM,SKM.AX,SKYLARK MINERALS LIMITED,Materials,,2026-02-07T16:49:57Z,2026-02-08 00:49 AWST,Materials,15,Materials,15100000,EQUITY,ASXListedCompanies.csv
SKN,SKN.AX,SKIN ELEMENTS LIMITED,Household & Personal Products,,2026-02-07T16:49:57Z,2026-02-08 00:49 AWST,Consumer Staples,30,Household & Personal Products,30300000,EQUITY,ASXListedCompanies.csv
SKO,SKO.AX,SERKO LIMITED,Software & Services,,2026-02-07T16:49:57Z,2026-02-08 00:49 AWST,Information Technology,45,Software & Services,45100000,EQUITY,ASXListedCompanies.csv
SKS,SKS.AX,SKS TECHNOLOGIES GROUP LIMITED,Capital Goods,,2026-02-07T16:49:57Z,2026-02-08 00:49 AWST,Industrials,20,Capital Goods,20100000,EQUITY,ASXListedCompanies.csv
SKT,SKT.AX,SKY NETWORK TELEVISION LIMITED.,Media & Entertainment,,2026-02-07T16:49:57Z,2026-02-08 00:49 AWST,Communication Services,50,Media & Entertainment,50200000,EQUITY,ASXListedCompanies.csv
SKUK,SKUK.AX,Hejaz Sukuk Active ETF,ETF/ETP,Spotlight ETP List,2026-02-07T16:49:57Z,2026-02-08 00:49 AWST,,,,,ETF_ETP,ASX Investment Products Monthly Report
SKY,SKY.AX,SKY METALS LIMITED,Materials,,2026-02-07T16:49:57Z,2026-02-08 00:49 AWST,Materials,15,Materials,15100000,EQUITY,ASXListedCompanies.csv
SLA,SLA.AX,SOLARA MINERALS LTD,Materials,,2026-02-07T16:49:57Z,2026-02-08 00:49 AWST,Materials,15,Materials,15100000,EQUITY,ASXListedCompanies.csv
SLB,SLB.AX,STELAR METALS LIMITED,Materials,,2026-02-07T16:49:57Z,2026-02-08 00:49 AWST,Materials,15,Materials,15100000,EQUITY,ASXListedCompanies.csv
SLC,SLC.AX,SUPERLOOP LIMITED,Telecommunication Services,,2026-02-07T16:49:57Z,2026-02-08 00:49 AWST,Communication Services,50,Telecommunication Services,50100000,EQUITY,ASXListedCompanies.csv
SLD,SLD.AX,"SALUDA MEDICAL, INC.",Health Care Equipment & Services,,2026-02-07T16:49:57Z,2026-02-08 00:49 AWST,Health Care,35,Health Care Equipment & Services,35100000,EQUITY,ASXListedCompanies.csv
SLF,SLF.AX,STATE STREET SPDR S&P/ASX 200 LISTED PROPERTY ETF,Not Applic,,2026-02-07T16:49:57Z,2026-02-08 00:49 AWST,Not Applicable,00,Not Applic,00000000,EQUITY,ASXListedCompanies.csv
SLM,SLM.AX,SOLIS MINERALS LIMITED,Materials,,2026-02-07T16:49:57Z,2026-02-08 00:49 AWST,Materials,15,Materials,15100000,EQUITY,ASXListedCompanies.csv
SLS,SLS.AX,SOLSTICE MINERALS LIMITED,Materials,,2026-02-07T16:49:57Z,2026-02-08 00:49 AWST,Materials,15,Materials,15100000,EQUITY,ASXListedCompanies.csv
SLX,SLX.AX,SILEX SYSTEMS LIMITED,Capital Goods,,2026-02-07T16:49:57Z,2026-02-08 00:49 AWST,Industrials,20,Capital Goods,20100000,EQUITY,ASXListedCompanies.csv
SLZ,SLZ.AX,SULTAN RESOURCES LTD,Materials,,2026-02-07T16:49:57Z,2026-02-08 00:49 AWST,Materials,15,Materials,15100000,EQUITY,ASXListedCompanies.csv
SM1,SM1.AX,SYNLAIT MILK LIMITED,"Food, Beverage & Tobacco",,2026-02-07T16:49:57Z,2026-02-08 00:49 AWST,Consumer Staples,30,"Food, Beverage & Tobacco",30200000,EQUITY,ASXListedCompanies.csv
SMI,SMI.AX,SANTANA MINERALS LIMITED,Materials,,2026-02-07T16:49:57Z,2026-02-08 00:49 AWST,Materials,15,Materials,15100000,EQUITY,ASXListedCompanies.csv
SMLL,SMLL.AX,Betashares Australian Small Companies Select ETF,ETF/ETP,Spotlight ETP List,2026-02-07T16:49:57Z,2026-02-08 00:49 AWST,,,,,ETF_ETP,ASX Investment Products Monthly Report
SMM,SMM.AX,SOMERSET MINERALS LIMITED,Materials,,2026-02-07T16:49:57Z,2026-02-08 00:49 AWST,Materials,15,Materials,15100000,EQUITY,ASXListedCompanies.csv
SMN,SMN.AX,STRUCTURAL MONITORING SYSTEMS PLC,Technology Hardware & Equipment,,2026-02-07T16:49:57Z,2026-02-08 00:49 AWST,Information Technology,45,Technology Hardware & Equipment,45200000,EQUITY,ASXListedCompanies.csv
SMR,SMR.AX,STANMORE RESOURCES LIMITED,Materials,,2026-02-07T16:49:57Z,2026-02-08 00:49 AWST,Materials,15,Materials,15100000,EQUITY,ASXListedCompanies.csv
SMS,SMS.AX,STAR MINERALS LIMITED,Materials,,2026-02-07T16:49:57Z,2026-02-08 00:49 AWST,Materials,15,Materials,15100000,EQUITY,ASXListedCompanies.csv
SMX,SMX.AX,STRATA MINERALS LIMITED.,Materials,,2026-02-07T16:49:57Z,2026-02-08 00:49 AWST,Materials,15,Materials,15100000,EQUITY,ASXListedCompanies.csv
SN8,SN8.AX,SECURELINK NETWORKS LIMITED,Software & Services,,2026-02-07T16:49:57Z,2026-02-08 00:49 AWST,Information Technology,45,Software & Services,45100000,EQUITY,ASXListedCompanies.csv
SNAS,SNAS.AX,Global X Ultra Short Nasdaq 100 Complex ETF,ETF/ETP,Spotlight ETP List,2026-02-07T16:49:57Z,2026-02-08 00:49 AWST,,,,,ETF_ETP,ASX Investment Products Monthly Report
SNC,SNC.AX,SANDON CAPITAL INVESTMENTS LIMITED,Not Applic,,2026-02-07T16:49:57Z,2026-02-08 00:49 AWST,Not Applicable,00,Not Applic,00000000,EQUITY,ASXListedCompanies.csv
SND,SND.AX,SAUNDERS INTERNATIONAL LIMITED,Capital Goods,,2026-02-07T16:49:57Z,2026-02-08 00:49 AWST,Industrials,20,Capital Goods,20100000,EQUITY,ASXListedCompanies.csv
SNG,SNG.AX,SIREN GOLD LIMITED,Materials,,2026-02-07T16:49:57Z,2026-02-08 00:49 AWST,Materials,15,Materials,15100000,EQUITY,ASXListedCompanies.csv
SNL,SNL.AX,SUPPLY NETWORK LIMITED,Consumer Discretionary Distribution & Retail,,2026-02-07T16:49:57Z,2026-02-08 00:49 AWST,Consumer Discretionary,25,Consumer Discretionary Distribution & Retail,25500000,EQUITY,ASXListedCompanies.csv
SNM,SNM.AX,SENTINEL METALS LIMITED,Materials,,2026-02-07T16:49:57Z,2026-02-08 00:49 AWST,Materials,15,Materials,15100000,EQUITY,ASXListedCompanies.csv
SNS,SNS.AX,SENSEN NETWORKS LIMITED,Software & Services,,2026-02-07T16:49:57Z,2026-02-08 00:49 AWST,Information Technology,45,Software & Services,45100000,EQUITY,ASXListedCompanies.csv
SNT,SNT.AX,SYNTARA LIMITED,"Pharmaceuticals, Biotechnology & Life Sciences",,2026-02-07T16:49:57Z,2026-02-08 00:49 AWST,Health Care,35,"Pharmaceuticals, Biotechnology & Life Sciences",35200000,EQUITY,ASXListedCompanies.csv
SNX,SNX.AX,SIERRA NEVADA GOLD INC.,Materials,,2026-02-07T16:49:57Z,2026-02-08 00:49 AWST,Materials,15,Materials,15100000,EQUITY,ASXListedCompanies.csv
SNZ,SNZ.AX,SUMMERSET GROUP HOLDINGS LIMITED,Health Care Equipment & Services,,2026-02-07T16:49:57Z,2026-02-08 00:49 AWST,Health Care,35,Health Care Equipment & Services,35100000,EQUITY,ASXListedCompanies.csv
SOC,SOC.AX,SOCO CORPORATION LTD,Software & Services,,2026-02-07T16:49:57Z,2026-02-08 00:49 AWST,Information Technology,45,Software & Services,45100000,EQUITY,ASXListedCompanies.csv
SOL,SOL.AX,WASHINGTON H. SOUL PATTINSON AND COMPANY LIMITED,Financial Services,,2026-02-07T16:49:57Z,2026-02-08 00:49 AWST,Financials,40,Financial Services,40200000,EQUITY,ASXListedCompanies.csv
SOM,SOM.AX,SOMNOMED LIMITED,Health Care Equipment & Services,,2026-02-07T16:49:57Z,2026-02-08 00:49 AWST,Health Care,35,Health Care Equipment & Services,35100000,EQUITY,ASXListedCompanies.csv
SOP,SOP.AX,SYNERTEC CORPORATION LIMITED,Commercial & Professional Services,,2026-02-07T16:49:57Z,2026-02-08 00:49 AWST,Industrials,20,Commercial & Professional Services,20200000,EQUITY,ASXListedCompanies.csv
SOR,SOR.AX,STRATEGIC ELEMENTS LIMITED,Financial Services,,2026-02-07T16:49:57Z,2026-02-08 00:49 AWST,Financials,40,Financial Services,40200000,EQUITY,ASXListedCompanies.csv
SP3,SP3.AX,SPECTUR LIMITED,Technology Hardware & Equipment,,2026-02-07T16:49:57Z,2026-02-08 00:49 AWST,Information Technology,45,Technology Hardware & Equipment,45200000,EQUITY,ASXListedCompanies.csv
SP4,SP4.AX,SAPPHIRE XXIX SERIES 2024-1 TRUST,Not Applic,,2026-02-07T16:49:57Z,2026-02-08 00:49 AWST,Not Applicable,00,Not Applic,00000000,EQUITY,ASXListedCompanies.csv
SP5,SP5.AX,SAPPHIRE XXX SERIES 2024-2 TRUST,Not Applic,,2026-02-07T16:49:57Z,2026-02-08 00:49 AWST,Not Applicable,00,Not Applic,00000000,EQUITY,ASXListedCompanies.csv
SP6,SP6.AX,SAPPHIRE XXXI SERIES 2024-3 TRUST,Not Applic,,2026-02-07T16:49:57Z,2026-02-08 00:49 AWST,Not Applicable,00,Not Applic,00000000,EQUITY,ASXListedCompanies.csv
SP8,SP8.AX,STREAMPLAY STUDIO LIMITED,Media & Entertainment,,2026-02-07T16:49:57Z,2026-02-08 00:49 AWST,Communication Services,50,Media & Entertainment,50200000,EQUITY,ASXListedCompanies.csv
SPA,SPA.AX,SPACETALK LTD,Software & Services,,2026-02-07T16:49:57Z,2026-02-08 00:49 AWST,Information Technology,45,Software & Services,45100000,EQUITY,ASXListedCompanies.csv
SPD,SPD.AX,SOUTHERN PALLADIUM LIMITED,Materials,,2026-02-07T16:49:57Z,2026-02-08 00:49 AWST,Materials,15,Materials,15100000,EQUITY,ASXListedCompanies.csv
SPG,SPG.AX,SPC GLOBAL HOLDINGS LTD,"Food, Beverage & Tobacco",,2026-02-07T16:49:57Z,2026-02-08 00:49 AWST,Consumer Staples,30,"Food, Beverage & Tobacco",30200000,EQUITY,ASXListedCompanies.csv
SPK,SPK.AX,SPARK NEW ZEALAND LIMITED,Telecommunication Services,,2026-02-07T16:49:57Z,2026-02-08 00:49 AWST,Communication Services,50,Telecommunication Services,50100000,EQUITY,ASXListedCompanies.csv
SPL,SPL.AX,STARPHARMA HOLDINGS LIMITED,"Pharmaceuticals, Biotechnology & Life Sciences",,2026-02-07T16:49:57Z,2026-02-08 00:49 AWST,Health Care,35,"Pharmaceuticals, Biotechnology & Life Sciences",35200000,EQUITY,ASXListedCompanies.csv
SPM02,SPM02.AX,Spheria Australian Smaller Companies Fund,ETF/ETP,Spotlight mFund List,2026-02-07T16:49:57Z,2026-02-08 00:49 AWST,,,,,ETF_ETP,ASX Investment Products Monthly Report
SPN,SPN.AX,SPARC TECHNOLOGIES LIMITED,Materials,,2026-02-07T16:49:57Z,2026-02-08 00:49 AWST,Materials,15,Materials,15100000,EQUITY,ASXListedCompanies.csv
SPP,SPP.AX,STONEPEAK-PLUS INFRA DEBT LIMITED,Not Applic,,2026-02-07T16:49:57Z,2026-02-08 00:49 AWST,Not Applicable,00,Not Applic,00000000,EQUITY,ASXListedCompanies.csv
SPQ,SPQ.AX,SUPERIOR RESOURCES LIMITED,Materials,,2026-02-07T16:49:57Z,2026-02-08 00:49 AWST,Materials,15,Materials,15100000,EQUITY,ASXListedCompanies.csv
SPX,SPX.AX,SPENDA LIMITED,Software & Services,,2026-02-07T16:49:57Z,2026-02-08 00:49 AWST,Information Technology,45,Software & Services,45100000,EQUITY,ASXListedCompanies.csv
SPY,SPY.AX,SPDR S&P 500 ETF,ETF/ETP,Spotlight ETP List,2026-02-07T16:49:57Z,2026-02-08 00:49 AWST,,,,,ETF_ETP,ASX Investment Products Monthly Report
SPZ,SPZ.AX,SMART PARKING LIMITED,Commercial & Professional Services,,2026-02-07T16:49:57Z,2026-02-08 00:49 AWST,Industrials,20,Commercial & Professional Services,20200000,EQUITY,ASXListedCompanies.csv
SQX,SQX.AX,SQX RESOURCES LIMITED,Materials,,2026-02-07T16:49:57Z,2026-02-08 00:49 AWST,Materials,15,Materials,15100000,EQUITY,ASXListedCompanies.csv
SRG,SRG.AX,SRG GLOBAL LIMITED,Capital Goods,,2026-02-07T16:49:57Z,2026-02-08 00:49 AWST,Industrials,20,Capital Goods,20100000,EQUITY,ASXListedCompanies.csv
SRH,SRH.AX,SAFEROADS HOLDINGS LIMITED,Transportation,,2026-02-07T16:49:57Z,2026-02-08 00:49 AWST,Industrials,20,Transportation,20300000,EQUITY,ASXListedCompanies.csv
SRJ,SRJ.AX,SRJ TECHNOLOGIES GROUP PLC,Energy,,2026-02-07T16:49:57Z,2026-02-08 00:49 AWST,Energy,10,Energy,10100000,EQUITY,ASXListedCompanies.csv
SRK,SRK.AX,STRIKE RESOURCES LIMITED,Materials,,2026-02-07T16:49:57Z,2026-02-08 00:49 AWST,Materials,15,Materials,15100000,EQUITY,ASXListedCompanies.csv
SRL,SRL.AX,SUNRISE ENERGY METALS LIMITED,Materials,,2026-02-07T16:49:57Z,2026-02-08 00:49 AWST,Materials,15,Materials,15100000,EQUITY,ASXListedCompanies.csv
SRN,SRN.AX,SUREFIRE RESOURCES NL,Materials,,2026-02-07T16:49:57Z,2026-02-08 00:49 AWST,Materials,15,Materials,15100000,EQUITY,ASXListedCompanies.csv
SRR,SRR.AX,SARAMA RESOURCES LTD,Materials,,2026-02-07T16:49:57Z,2026-02-08 00:49 AWST,Materials,15,Materials,15100000,EQUITY,ASXListedCompanies.csv
SRT,SRT.AX,STRATA INVESTMENT HOLDINGS PLC,Materials,,2026-02-07T16:49:57Z,2026-02-08 00:49 AWST,Materials,15,Materials,15100000,EQUITY,ASXListedCompanies.csv
SRV,SRV.AX,SERVCORP LIMITED,Real Estate Management & Development,,2026-02-07T16:49:57Z,2026-02-08 00:49 AWST,Real Estate,60,Real Estate Management & Development,60200000,EQUITY,ASXListedCompanies.csv
SRZ,SRZ.AX,STELLAR RESOURCES LIMITED,Materials,,2026-02-07T16:49:57Z,2026-02-08 00:49 AWST,Materials,15,Materials,15100000,EQUITY,ASXListedCompanies.csv
SS1,SS1.AX,SUN SILVER LIMITED,Materials,,2026-02-07T16:49:57Z,2026-02-08 00:49 AWST,Materials,15,Materials,15100000,EQUITY,ASXListedCompanies.csv
SSG,SSG.AX,SHAVER SHOP GROUP LIMITED,Consumer Discretionary Distribution & Retail,,2026-02-07T16:49:57Z,2026-02-08 00:49 AWST,Consumer Discretionary,25,Consumer Discretionary Distribution & Retail,25500000,EQUITY,ASXListedCompanies.csv
SSH,SSH.AX,SSH GROUP LTD,Energy,,2026-02-07T16:49:57Z,2026-02-08 00:49 AWST,Energy,10,Energy,10100000,EQUITY,ASXListedCompanies.csv
SSL,SSL.AX,SIETEL LIMITED,Real Estate Management & Development,,2026-02-07T16:49:57Z,2026-02-08 00:49 AWST,Real Estate,60,Real Estate Management & Development,60200000,EQUITY,ASXListedCompanies.csv
SSM,SSM.AX,SERVICE STREAM LIMITED,Capital Goods,,2026-02-07T16:49:57Z,2026-02-08 00:49 AWST,Industrials,20,Capital Goods,20100000,EQUITY,ASXListedCompanies.csv
SSO,SSO.AX,SPDR S&P/ASX Small Ordinaries ETF,ETF/ETP,Spotlight ETP List,2026-02-07T16:49:57Z,2026-02-08 00:49 AWST,,,,,ETF_ETP,ASX Investment Products Monthly Report
SST,SST.AX,STEAMSHIPS TRADING COMPANY LIMITED,Capital Goods,,2026-02-07T16:49:57Z,2026-02-08 00:49 AWST,Industrials,20,Capital Goods,20100000,EQUITY,ASXListedCompanies.csv
STG,STG.AX,STRAKER LIMITED,Media & Entertainment,,2026-02-07T16:49:57Z,2026-02-08 00:49 AWST,Communication Services,50,Media & Entertainment,50200000,EQUITY,ASXListedCompanies.csv
STH,STH.AX,STEPCHANGE HOLDINGS LIMITED,Software & Services,,2026-02-07T16:49:57Z,2026-02-08 00:49 AWST,Information Technology,45,Software & Services,45100000,EQUITY,ASXListedCompanies.csv
STK,STK.AX,STRICKLAND METALS LIMITED,Materials,,2026-02-07T16:49:57Z,2026-02-08 00:49 AWST,Materials,15,Materials,15100000,EQUITY,ASXListedCompanies.csv
STM,STM.AX,SUNSTONE METALS LTD,Materials,,2026-02-07T16:49:57Z,2026-02-08 00:49 AWST,Materials,15,Materials,15100000,EQUITY,ASXListedCompanies.csv
STN,STN.AX,SATURN METALS LIMITED,Materials,,2026-02-07T16:49:57Z,2026-02-08 00:49 AWST,Materials,15,Materials,15100000,EQUITY,ASXListedCompanies.csv
STO,STO.AX,SANTOS LIMITED,Energy,,2026-02-07T16:49:57Z,2026-02-08 00:49 AWST,Energy,10,Energy,10100000,EQUITY,ASXListedCompanies.csv
STP,STP.AX,STEP ONE CLOTHING LIMITED,Consumer Discretionary Distribution & Retail,,2026-02-07T16:49:57Z,2026-02-08 00:49 AWST,Consumer Discretionary,25,Consumer Discretionary Distribution & Retail,25500000,EQUITY,ASXListedCompanies.csv
STV,STV.AX,SWIFT TV LTD,Media & Entertainment,,2026-02-07T16:49:57Z,2026-02-08 00:49 AWST,Communication Services,50,Media & Entertainment,50200000,EQUITY,ASXListedCompanies.csv
STW,STW.AX,STATE STREET SPDR S&P/ASX 200 ETF,Not Applic,,2026-02-07T16:49:57Z,2026-02-08 00:49 AWST,Not Applicable,00,Not Applic,00000000,EQUITY,ASXListedCompanies.csv
STX,STX.AX,STRIKE ENERGY LIMITED,Energy,,2026-02-07T16:49:57Z,2026-02-08 00:49 AWST,Energy,10,Energy,10100000,EQUITY,ASXListedCompanies.csv
SUBD,SUBD.AX,VanEck Australian Subordinated Debt ETF,ETF/ETP,Spotlight ETP List,2026-02-07T16:49:57Z,2026-02-08 00:49 AWST,,,,,ETF_ETP,ASX Investment Products Monthly Report
SUH,SUH.AX,SOUTHERN HEMISPHERE MINING LIMITED,Materials,,2026-02-07T16:49:57Z,2026-02-08 00:49 AWST,Materials,15,Materials,15100000,EQUITY,ASXListedCompanies.csv
SUL,SUL.AX,SUPER RETAIL GROUP LIMITED,Consumer Discretionary Distribution & Retail,,2026-02-07T16:49:57Z,2026-02-08 00:49 AWST,Consumer Discretionary,25,Consumer Discretionary Distribution & Retail,25500000,EQUITY,ASXListedCompanies.csv
SUM,SUM.AX,SUMMIT MINERALS LIMITED,Materials,,2026-02-07T16:49:57Z,2026-02-08 00:49 AWST,Materials,15,Materials,15100000,EQUITY,ASXListedCompanies.csv
SUN,SUN.AX,SUNCORP GROUP LIMITED,Insurance,,2026-02-07T16:49:57Z,2026-02-08 00:49 AWST,Financials,40,Insurance,40300000,EQUITY,ASXListedCompanies.csv
SVG,SVG.AX,SAVANNAH GOLDFIELDS LIMITED,Materials,,2026-02-07T16:49:57Z,2026-02-08 00:49 AWST,Materials,15,Materials,15100000,EQUITY,ASXListedCompanies.csv
SVL,SVL.AX,SILVER MINES LIMITED,Materials,,2026-02-07T16:49:57Z,2026-02-08 00:49 AWST,Materials,15,Materials,15100000,EQUITY,ASXListedCompanies.csv
SVM,SVM.AX,SOVEREIGN METALS LIMITED,Materials,,2026-02-07T16:49:57Z,2026-02-08 00:49 AWST,Materials,15,Materials,15100000,EQUITY,ASXListedCompanies.csv
SVNP,SVNP.AX,Savana US Small Caps Active ETF,ETF/ETP,Spotlight ETP List,2026-02-07T16:49:57Z,2026-02-08 00:49 AWST,,,,,ETF_ETP,ASX Investment Products Monthly Report
SVR,SVR.AX,SOLVAR LIMITED,Financial Services,,2026-02-07T16:49:57Z,2026-02-08 00:49 AWST,Financials,40,Financial Services,40200000,EQUITY,ASXListedCompanies.csv
SVY,SVY.AX,STAVELY MINERALS LIMITED,Materials,,2026-02-07T16:49:57Z,2026-02-08 00:49 AWST,Materials,15,Materials,15100000,EQUITY,ASXListedCompanies.csv
SWP,SWP.AX,SWOOP HOLDINGS LIMITED,Telecommunication Services,,2026-02-07T16:49:57Z,2026-02-08 00:49 AWST,Communication Services,50,Telecommunication Services,50100000,EQUITY,ASXListedCompanies.csv
SWTZ,SWTZ.AX,Switzer Dividend Growth Fund - Active ETF,ETF/ETP,Spotlight ETP List,2026-02-07T16:49:57Z,2026-02-08 00:49 AWST,,,,,ETF_ETP,ASX Investment Products Monthly Report
SX2,SX2.AX,SOUTHERN CROSS GOLD CONSOLIDATED LTD.,Materials,,2026-02-07T16:49:57Z,2026-02-08 00:49 AWST,Materials,15,Materials,15100000,EQUITY,ASXListedCompanies.csv
SXE,SXE.AX,SOUTHERN CROSS ELECTRICAL ENGINEERING LTD,Capital Goods,,2026-02-07T16:49:57Z,2026-02-08 00:49 AWST,Industrials,20,Capital Goods,20100000,EQUITY,ASXListedCompanies.csv
SXL,SXL.AX,SOUTHERN CROSS MEDIA GROUP LIMITED,Media & Entertainment,,2026-02-07T16:49:57Z,2026-02-08 00:49 AWST,Communication Services,50,Media & Entertainment,50200000,EQUITY,ASXListedCompanies.csv
SYI,SYI.AX,SPDR MSCI Australia Select High Dividend Yield ETF,ETF/ETP,Spotlight ETP List,2026-02-07T16:49:57Z,2026-02-08 00:49 AWST,,,,,ETF_ETP,ASX Investment Products Monthly Report
SYL,SYL.AX,SYMAL GROUP LIMITED,Capital Goods,,2026-02-07T16:49:57Z,2026-02-08 00:49 AWST,Industrials,20,Capital Goods,20100000,EQUITY,ASXListedCompanies.csv
SYR,SYR.AX,SYRAH RESOURCES LIMITED,Materials,,2026-02-07T16:49:57Z,2026-02-08 00:49 AWST,Materials,15,Materials,15100000,EQUITY,ASXListedCompanies.csv
T3D,T3D.AX,333D LIMITED,Commercial & Professional Services,,2026-02-07T16:49:57Z,2026-02-08 00:49 AWST,Industrials,20,Commercial & Professional Services,20200000,EQUITY,ASXListedCompanies.csv
T3MP,T3MP.AX,JPMorgan Climate Change Solutions Active ETF,ETF/ETP,Spotlight ETP List,2026-02-07T16:49:57Z,2026-02-08 00:49 AWST,,,,,ETF_ETP,ASX Investment Products Monthly Report
T88,T88.AX,TAITON RESOURCES LIMITED,Materials,,2026-02-07T16:49:57Z,2026-02-08 00:49 AWST,Materials,15,Materials,15100000,EQUITY,ASXListedCompanies.csv
T92,T92.AX,TERRA CRITICAL MINERALS LIMITED,Energy,,2026-02-07T16:49:57Z,2026-02-08 00:49 AWST,Energy,10,Energy,10100000,EQUITY,ASXListedCompanies.csv
TA1,TA1.AX,TRANSURBAN FINANCE COMPANY PTY LTD,Not Applic,,2026-02-07T16:49:57Z,2026-02-08 00:49 AWST,Not Applicable,00,Not Applic,00000000,EQUITY,ASXListedCompanies.csv
TAH,TAH.AX,TABCORP HOLDINGS LIMITED,Consumer Services,,2026-02-07T16:49:57Z,2026-02-08 00:49 AWST,Consumer Discretionary,25,Consumer Services,25300000,EQUITY,ASXListedCompanies.csv
TAL,TAL.AX,TALIUS GROUP LIMITED,Software & Services,,2026-02-07T16:49:57Z,2026-02-08 00:49 AWST,Information Technology,45,Software & Services,45100000,EQUITY,ASXListedCompanies.csv
TAM,TAM.AX,TANAMI GOLD NL,Materials,,2026-02-07T16:49:57Z,2026-02-08 00:49 AWST,Materials,15,Materials,15100000,EQUITY,ASXListedCompanies.csv
TAR,TAR.AX,TARUGA MINERALS LIMITED,Materials,,2026-02-07T16:49:57Z,2026-02-08 00:49 AWST,Materials,15,Materials,15100000,EQUITY,ASXListedCompanies.csv
TAS,TAS.AX,TASMAN RESOURCES LTD,Materials,,2026-02-07T16:49:57Z,2026-02-08 00:49 AWST,Materials,15,Materials,15100000,EQUITY,ASXListedCompanies.csv
TAT,TAT.AX,TARTANA MINERALS LIMITED,Materials,,2026-02-07T16:49:57Z,2026-02-08 00:49 AWST,Materials,15,Materials,15100000,EQUITY,ASXListedCompanies.csv
TBIL,TBIL.AX,VanEck 1-3 Month US Treasury Bond ETF,ETF/ETP,Spotlight ETP List,2026-02-07T16:49:57Z,2026-02-08 00:49 AWST,,,,,ETF_ETP,ASX Investment Products Monthly Report
TBN,TBN.AX,TAMBORAN RESOURCES CORPORATION,Energy,,2026-02-07T16:49:57Z,2026-02-08 00:49 AWST,Energy,10,Energy,10100000,EQUITY,ASXListedCompanies.csv
TBR,TBR.AX,TRIBUNE RESOURCES LIMITED,Materials,,2026-02-07T16:49:57Z,2026-02-08 00:49 AWST,Materials,15,Materials,15100000,EQUITY,ASXListedCompanies.csv
TCAP,TCAP.AX,Ten Cap Alpha Plus Complex ETF,ETF/ETP,Spotlight ETP List,2026-02-07T16:49:57Z,2026-02-08 00:49 AWST,,,,,ETF_ETP,ASX Investment Products Monthly Report
TCF,TCF.AX,360 CAPITAL MORTGAGE REIT,Not Applic,,2026-02-07T16:49:57Z,2026-02-08 00:49 AWST,Not Applicable,00,Not Applic,00000000,EQUITY,ASXListedCompanies.csv
TCG,TCG.AX,TURACO GOLD LIMITED,Materials,,2026-02-07T16:49:57Z,2026-02-08 00:49 AWST,Materials,15,Materials,15100000,EQUITY,ASXListedCompanies.csv
TCL,TCL.AX,TRANSURBAN GROUP,Transportation,,2026-02-07T16:49:57Z,2026-02-08 00:49 AWST,Industrials,20,Transportation,20300000,EQUITY,ASXListedCompanies.csv
TCO,TCO.AX,TRANSMETRO CORPORATION LIMITED,Consumer Services,,2026-02-07T16:49:57Z,2026-02-08 00:49 AWST,Consumer Discretionary,25,Consumer Services,25300000,EQUITY,ASXListedCompanies.csv
TD1,TD1.AX,TALI DIGITAL LIMITED,Health Care Equipment & Services,,2026-02-07T16:49:57Z,2026-02-08 00:49 AWST,Health Care,35,Health Care Equipment & Services,35100000,EQUITY,ASXListedCompanies.csv
TDO,TDO.AX,3D ENERGI LIMITED,Energy,,2026-02-07T16:49:57Z,2026-02-08 00:49 AWST,Energy,10,Energy,10100000,EQUITY,ASXListedCompanies.csv
TEA,TEA.AX,TASMEA LIMITED,Capital Goods,,2026-02-07T16:49:57Z,2026-02-08 00:49 AWST,Industrials,20,Capital Goods,20100000,EQUITY,ASXListedCompanies.csv
TECH,TECH.AX,Global X Morningstar Global Technology ETF,ETF/ETP,Spotlight ETP List,2026-02-07T16:49:57Z,2026-02-08 00:49 AWST,,,,,ETF_ETP,ASX Investment Products Monthly Report
TEE,TEE.AX,TOP END ENERGY LIMITED,Energy,,2026-02-07T16:49:57Z,2026-02-08 00:49 AWST,Energy,10,Energy,10100000,EQUITY,ASXListedCompanies.csv
TEG,TEG.AX,TRIANGLE ENERGY (GLOBAL) LIMITED,Energy,,2026-02-07T16:49:57Z,2026-02-08 00:49 AWST,Energy,10,Energy,10100000,EQUITY,ASXListedCompanies.csv
TEK,TEK.AX,THORNEY TECHNOLOGIES LTD,Not Applic,,2026-02-07T16:49:57Z,2026-02-08 00:49 AWST,Not Applicable,00,Not Applic,00000000,EQUITY,ASXListedCompanies.csv
TEM,TEM.AX,TEMPEST MINERALS LIMITED,Materials,,2026-02-07T16:49:57Z,2026-02-08 00:49 AWST,Materials,15,Materials,15100000,EQUITY,ASXListedCompanies.csv
TER,TER.AX,TERRACOM LIMITED,Energy,,2026-02-07T16:49:57Z,2026-02-08 00:49 AWST,Energy,10,Energy,10100000,EQUITY,ASXListedCompanies.csv
TES,TES.AX,TEST SECURITY,Class Pend,,2026-02-07T16:49:57Z,2026-02-08 00:49 AWST,Classification Pending,99,Class Pend,99999999,EQUITY,ASXListedCompanies.csv
TFL,TFL.AX,TASFOODS LIMITED,"Food, Beverage & Tobacco",,2026-02-07T16:49:57Z,2026-02-08 00:49 AWST,Consumer Staples,30,"Food, Beverage & Tobacco",30200000,EQUITY,ASXListedCompanies.csv
TG1,TG1.AX,TECHGEN METALS LTD,Materials,,2026-02-07T16:49:57Z,2026-02-08 00:49 AWST,Materials,15,Materials,15100000,EQUITY,ASXListedCompanies.csv
TG6,TG6.AX,TG METALS LIMITED,Materials,,2026-02-07T16:49:57Z,2026-02-08 00:49 AWST,Materials,15,Materials,15100000,EQUITY,ASXListedCompanies.csv
TGF,TGF.AX,TRIBECA GLOBAL NATURAL RESOURCES LIMITED,Not Applic,,2026-02-07T16:49:57Z,2026-02-08 00:49 AWST,Not Applicable,00,Not Applic,00000000,EQUITY,ASXListedCompanies.csv
TGH,TGH.AX,TERRAGEN HOLDINGS LIMITED,Materials,,2026-02-07T16:49:57Z,2026-02-08 00:49 AWST,Materials,15,Materials,15100000,EQUITY,ASXListedCompanies.csv
TGM,TGM.AX,THETA GOLD MINES LIMITED,Materials,,2026-02-07T16:49:57Z,2026-02-08 00:49 AWST,Materials,15,Materials,15100000,EQUITY,ASXListedCompanies.csv
TGN,TGN.AX,TUNGSTEN MINING NL,Materials,,2026-02-07T16:49:57Z,2026-02-08 00:49 AWST,Materials,15,Materials,15100000,EQUITY,ASXListedCompanies.csv
TGP,TGP.AX,360 CAPITAL GROUP,Financial Services,,2026-02-07T16:49:57Z,2026-02-08 00:49 AWST,Financials,40,Financial Services,40200000,EQUITY,ASXListedCompanies.csv
THL,THL.AX,TOURISM HOLDINGS RENTALS LIMITED,Transportation,,2026-02-07T16:49:57Z,2026-02-08 00:49 AWST,Industrials,20,Transportation,20300000,EQUITY,ASXListedCompanies.csv
THR,THR.AX,THOR ENERGY PLC,Materials,,2026-02-07T16:49:57Z,2026-02-08 00:49 AWST,Materials,15,Materials,15100000,EQUITY,ASXListedCompanies.csv
TIA,TIA.AX,TIAN AN AUSTRALIA LIMITED,Real Estate Management & Development,,2026-02-07T16:49:57Z,2026-02-08 00:49 AWST,Real Estate,60,Real Estate Management & Development,60200000,EQUITY,ASXListedCompanies.csv
TIG,TIG.AX,TIGERS REALM COAL LIMITED,Materials,,2026-02-07T16:49:57Z,2026-02-08 00:49 AWST,Materials,15,Materials,15100000,EQUITY,ASXListedCompanies.csv
TIO,TIO.AX,TEMAS RESOURCES CORP.,Materials,,2026-02-07T16:49:57Z,2026-02-08 00:49 AWST,Materials,15,Materials,15100000,EQUITY,ASXListedCompanies.csv
TIP,TIP.AX,TEAMINVEST PRIVATE GROUP LIMITED,Financial Services,,2026-02-07T16:49:57Z,2026-02-08 00:49 AWST,Financials,40,Financial Services,40200000,EQUITY,ASXListedCompanies.csv
TKM,TKM.AX,TREK METALS LIMITED,Materials,,2026-02-07T16:49:57Z,2026-02-08 00:49 AWST,Materials,15,Materials,15100000,EQUITY,ASXListedCompanies.csv
TLC,TLC.AX,THE LOTTERY CORPORATION LIMITED,Consumer Services,,2026-02-07T16:49:57Z,2026-02-08 00:49 AWST,Consumer Discretionary,25,Consumer Services,25300000,EQUITY,ASXListedCompanies.csv
TLG,TLG.AX,TALGA GROUP LTD,Materials,,2026-02-07T16:49:57Z,2026-02-08 00:49 AWST,Materials,15,Materials,15100000,EQUITY,ASXListedCompanies.csv
TLM,TLM.AX,TALISMAN MINING LIMITED,Materials,,2026-02-07T16:49:57Z,2026-02-08 00:49 AWST,Materials,15,Materials,15100000,EQUITY,ASXListedCompanies.csv
TLS,TLS.AX,TELSTRA GROUP LIMITED,Telecommunication Services,,2026-02-07T16:49:57Z,2026-02-08 00:49 AWST,Communication Services,50,Telecommunication Services,50100000,EQUITY,ASXListedCompanies.csv
TLX,TLX.AX,TELIX PHARMACEUTICALS LIMITED,"Pharmaceuticals, Biotechnology & Life Sciences",,2026-02-07T16:49:57Z,2026-02-08 00:49 AWST,Health Care,35,"Pharmaceuticals, Biotechnology & Life Sciences",35200000,EQUITY,ASXListedCompanies.csv
TM1,TM1.AX,TERRA METALS LIMITED,Energy,,2026-02-07T16:49:57Z,2026-02-08 00:49 AWST,Energy,10,Energy,10100000,EQUITY,ASXListedCompanies.csv
TMB,TMB.AX,TAMBOURAH METALS LTD,Materials,,2026-02-07T16:49:57Z,2026-02-08 00:49 AWST,Materials,15,Materials,15100000,EQUITY,ASXListedCompanies.csv
TMK,TMK.AX,TMK ENERGY LIMITED,Energy,,2026-02-07T16:49:57Z,2026-02-08 00:49 AWST,Energy,10,Energy,10100000,EQUITY,ASXListedCompanies.csv
TML,TML.AX,TIMAH RESOURCES LIMITED,Utilities,,2026-02-07T16:49:57Z,2026-02-08 00:49 AWST,Utilities,55,Utilities,55100000,EQUITY,ASXListedCompanies.csv
TMS,TMS.AX,TENNANT MINERALS LIMITED,Materials,,2026-02-07T16:49:57Z,2026-02-08 00:49 AWST,Materials,15,Materials,15100000,EQUITY,ASXListedCompanies.csv
TMX,TMX.AX,TERRAIN MINERALS LIMITED,Materials,,2026-02-07T16:49:57Z,2026-02-08 00:49 AWST,Materials,15,Materials,15100000,EQUITY,ASXListedCompanies.csv
TNC,TNC.AX,TRUE NORTH COPPER LIMITED,Materials,,2026-02-07T16:49:57Z,2026-02-08 00:49 AWST,Materials,15,Materials,15100000,EQUITY,ASXListedCompanies.csv
TNE,TNE.AX,TECHNOLOGY ONE LIMITED,Software & Services,,2026-02-07T16:49:57Z,2026-02-08 00:49 AWST,Information Technology,45,Software & Services,45100000,EQUITY,ASXListedCompanies.csv
TNY,TNY.AX,TINYBEANS GROUP LTD,Media & Entertainment,,2026-02-07T16:49:57Z,2026-02-08 00:49 AWST,Communication Services,50,Media & Entertainment,50200000,EQUITY,ASXListedCompanies.csv
TOE,TOE.AX,TORO ENERGY LIMITED,Energy,,2026-02-07T16:49:57Z,2026-02-08 00:49 AWST,Energy,10,Energy,10100000,EQUITY,ASXListedCompanies.csv
TOK,TOK.AX,TOLU MINERALS LIMITED.,Materials,,2026-02-07T16:49:57Z,2026-02-08 00:49 AWST,Materials,15,Materials,15100000,EQUITY,ASXListedCompanies.csv
TOLL,TOLL.AX,Betashares FTSE Global Infrastructure Shares Currency Hedged ETF,ETF/ETP,Spotlight ETP List,2026-02-07T16:49:57Z,2026-02-08 00:49 AWST,,,,,ETF_ETP,ASX Investment Products Monthly Report
TON,TON.AX,TRITON MINERALS LTD,Materials,,2026-02-07T16:49:57Z,2026-02-08 00:49 AWST,Materials,15,Materials,15100000,EQUITY,ASXListedCompanies.csv
TOP,TOP.AX,THORNEY OPPORTUNITIES LTD,Not Applic,,2026-02-07T16:49:57Z,2026-02-08 00:49 AWST,Not Applicable,00,Not Applic,00000000,EQUITY,ASXListedCompanies.csv
TOR,TOR.AX,TORQUE METALS LIMITED..,Materials,,2026-02-07T16:49:57Z,2026-02-08 00:49 AWST,Materials,15,Materials,15100000,EQUITY,ASXListedCompanies.csv
TOT,TOT.AX,360 CAPITAL REIT,Equity Real Estate Investment Trusts (REITs),,2026-02-07T16:49:57Z,2026-02-08 00:49 AWST,Real Estate,60,Equity Real Estate Investment Trusts (REITs),60100000,EQUITY,ASXListedCompanies.csv
TOU,TOU.AX,TLOU ENERGY LIMITED,Energy,,2026-02-07T16:49:57Z,2026-02-08 00:49 AWST,Energy,10,Energy,10100000,EQUITY,ASXListedCompanies.csv
TPC,TPC.AX,TPC CONSOLIDATED LIMITED,Utilities,,2026-02-07T16:49:57Z,2026-02-08 00:49 AWST,Utilities,55,Utilities,55100000,EQUITY,ASXListedCompanies.csv
TPG,TPG.AX,TPG TELECOM LIMITED.,Telecommunication Services,,2026-02-07T16:49:57Z,2026-02-08 00:49 AWST,Communication Services,50,Telecommunication Services,50100000,EQUITY,ASXListedCompanies.csv
TPW,TPW.AX,TEMPLE & WEBSTER GROUP LTD,Consumer Discretionary Distribution & Retail,,2026-02-07T16:49:57Z,2026-02-08 00:49 AWST,Consumer Discretionary,25,Consumer Discretionary Distribution & Retail,25500000,EQUITY,ASXListedCompanies.csv
TR2,TR2.AX,TALI RESOURCES LTD,Materials,,2026-02-07T16:49:57Z,2026-02-08 00:49 AWST,Materials,15,Materials,15100000,EQUITY,ASXListedCompanies.csv
TR8,TR8.AX,TARRINA RESOURCES LIMITED,Consumer Staples Distribution & Retail,,2026-02-07T16:49:57Z,2026-02-08 00:49 AWST,Consumer Staples,30,Consumer Staples Distribution & Retail,30100000,EQUITY,ASXListedCompanies.csv
TRA,TRA.AX,TURNERS AUTOMOTIVE GROUP LIMITED,Consumer Discretionary Distribution & Retail,,2026-02-07T16:49:57Z,2026-02-08 00:49 AWST,Consumer Discretionary,25,Consumer Discretionary Distribution & Retail,25500000,EQUITY,ASXListedCompanies.csv
TRE,TRE.AX,TOUBANI RESOURCES LIMITED,Materials,,2026-02-07T16:49:57Z,2026-02-08 00:49 AWST,Materials,15,Materials,15100000,EQUITY,ASXListedCompanies.csv
TRI,TRI.AX,TRIVARX LTD,Health Care Equipment & Services,,2026-02-07T16:49:57Z,2026-02-08 00:49 AWST,Health Care,35,Health Care Equipment & Services,35100000,EQUITY,ASXListedCompanies.csv
TRJ,TRJ.AX,TRAJAN GROUP HOLDINGS LIMITED,"Pharmaceuticals, Biotechnology & Life Sciences",,2026-02-07T16:49:57Z,2026-02-08 00:49 AWST,Health Care,35,"Pharmaceuticals, Biotechnology & Life Sciences",35200000,EQUITY,ASXListedCompanies.csv
TRM,TRM.AX,TRUSCOTT MINING CORPORATION LIMITED,Materials,,2026-02-07T16:49:57Z,2026-02-08 00:49 AWST,Materials,15,Materials,15100000,EQUITY,ASXListedCompanies.csv
TRP,TRP.AX,TISSUE REPAIR LTD,"Pharmaceuticals, Biotechnology & Life Sciences",,2026-02-07T16:49:57Z,2026-02-08 00:49 AWST,Health Care,35,"Pharmaceuticals, Biotechnology & Life Sciences",35200000,EQUITY,ASXListedCompanies.csv
TRU,TRU.AX,TRUSCREEN GROUP LIMITED,Health Care Equipment & Services,,2026-02-07T16:49:57Z,2026-02-08 00:49 AWST,Health Care,35,Health Care Equipment & Services,35100000,EQUITY,ASXListedCompanies.csv
TSK,TSK.AX,TUSKER MINERALS LTD,Materials,,2026-02-07T16:49:57Z,2026-02-08 00:49 AWST,Materials,15,Materials,15100000,EQUITY,ASXListedCompanies.csv
TSL,TSL.AX,TITANIUM SANDS LIMITED,Materials,,2026-02-07T16:49:57Z,2026-02-08 00:49 AWST,Materials,15,Materials,15100000,EQUITY,ASXListedCompanies.csv
TSO,TSO.AX,TESORO GOLD LTD,Materials,,2026-02-07T16:49:57Z,2026-02-08 00:49 AWST,Materials,15,Materials,15100000,EQUITY,ASXListedCompanies.csv
TT1,TT1.AX,THINK TANK RESIDENTIAL SERIES 2024-1 TRUST,Not Applic,,2026-02-07T16:49:57Z,2026-02-08 00:49 AWST,Not Applicable,00,Not Applic,00000000,EQUITY,ASXListedCompanies.csv
TT2,TT2.AX,THINK TANK RESIDENTIAL SERIES 2025-2 TRUST,Not Applic,,2026-02-07T16:49:57Z,2026-02-08 00:49 AWST,Not Applicable,00,Not Applic,00000000,EQUITY,ASXListedCompanies.csv
TT6,TT6.AX,TRITON BOND TRUST 2021-1 IN RESPECT OF SERIES 1,Not Applic,,2026-02-07T16:49:57Z,2026-02-08 00:49 AWST,Not Applicable,00,Not Applic,00000000,EQUITY,ASXListedCompanies.csv
TTM,TTM.AX,TITAN MINERALS LIMITED,Materials,,2026-02-07T16:49:57Z,2026-02-08 00:49 AWST,Materials,15,Materials,15100000,EQUITY,ASXListedCompanies.csv
TTT,TTT.AX,TITOMIC LIMITED,Materials,,2026-02-07T16:49:57Z,2026-02-08 00:49 AWST,Materials,15,Materials,15100000,EQUITY,ASXListedCompanies.csv
TTX,TTX.AX,TETRATHERIX LIMITED,"Pharmaceuticals, Biotechnology & Life Sciences",,2026-02-07T16:49:57Z,2026-02-08 00:49 AWST,Health Care,35,"Pharmaceuticals, Biotechnology & Life Sciences",35200000,EQUITY,ASXListedCompanies.csv
TTZ,TTZ.AX,TORRENS SERIES 2016-1 TRUST,Not Applic,,2026-02-07T16:49:57Z,2026-02-08 00:49 AWST,Not Applicable,00,Not Applic,00000000,EQUITY,ASXListedCompanies.csv
TUA,TUA.AX,TUAS LIMITED,Telecommunication Services,,2026-02-07T16:49:57Z,2026-02-08 00:49 AWST,Communication Services,50,Telecommunication Services,50100000,EQUITY,ASXListedCompanies.csv
TVL,TVL.AX,TOUCH VENTURES LIMITED,Financial Services,,2026-02-07T16:49:57Z,2026-02-08 00:49 AWST,Financials,40,Financial Services,40200000,EQUITY,ASXListedCompanies.csv
TVN,TVN.AX,TIVAN LIMITED,Materials,,2026-02-07T16:49:57Z,2026-02-08 00:49 AWST,Materials,15,Materials,15100000,EQUITY,ASXListedCompanies.csv
TWD,TWD.AX,TAMAWOOD LIMITED,Consumer Durables & Apparel,,2026-02-07T16:49:57Z,2026-02-08 00:49 AWST,Consumer Discretionary,25,Consumer Durables & Apparel,25200000,EQUITY,ASXListedCompanies.csv
TWE,TWE.AX,TREASURY WINE ESTATES LIMITED,"Food, Beverage & Tobacco",,2026-02-07T16:49:57Z,2026-02-08 00:49 AWST,Consumer Staples,30,"Food, Beverage & Tobacco",30200000,EQUITY,ASXListedCompanies.csv
TWL,TWL.AX,TRADE WINDOW HOLDINGS LIMITED,Class Pend,,2026-02-07T16:49:57Z,2026-02-08 00:49 AWST,Classification Pending,99,Class Pend,99999999,EQUITY,ASXListedCompanies.csv
TWR,TWR.AX,TOWER LIMITED,Insurance,,2026-02-07T16:49:57Z,2026-02-08 00:49 AWST,Financials,40,Insurance,40300000,EQUITY,ASXListedCompanies.csv
TXR,TXR.AX,TALONX RESOURCES LIMITED,Materials,,2026-02-07T16:49:57Z,2026-02-08 00:49 AWST,Materials,15,Materials,15100000,EQUITY,ASXListedCompanies.csv
TYR,TYR.AX,TYRO PAYMENTS LIMITED,Financial Services,,2026-02-07T16:49:57Z,2026-02-08 00:49 AWST,Financials,40,Financial Services,40200000,EQUITY,ASXListedCompanies.csv
TYX,TYX.AX,TYRANNA RESOURCES LIMITED,Materials,,2026-02-07T16:49:57Z,2026-02-08 00:49 AWST,Materials,15,Materials,15100000,EQUITY,ASXListedCompanies.csv
TZL,TZL.AX,TZ LIMITED,Technology Hardware & Equipment,,2026-02-07T16:49:57Z,2026-02-08 00:49 AWST,Information Technology,45,Technology Hardware & Equipment,45200000,EQUITY,ASXListedCompanies.csv
TZN,TZN.AX,TERRAMIN AUSTRALIA LIMITED.,Materials,,2026-02-07T16:49:57Z,2026-02-08 00:49 AWST,Materials,15,Materials,15100000,EQUITY,ASXListedCompanies.csv
U100,U100.AX,Global X US 100 ETF,ETF/ETP,Spotlight ETP List,2026-02-07T16:49:57Z,2026-02-08 00:49 AWST,,,,,ETF_ETP,ASX Investment Products Monthly Report
UAM01,UAM01.AX,UBS Australian Small Companies Fund,ETF/ETP,Spotlight mFund List,2026-02-07T16:49:57Z,2026-02-08 00:49 AWST,,,,,ETF_ETP,ASX Investment Products Monthly Report
UAM02,UAM02.AX,UBS Microcap Fund,ETF/ETP,Spotlight mFund List,2026-02-07T16:49:57Z,2026-02-08 00:49 AWST,,,,,ETF_ETP,ASX Investment Products Monthly Report
UAM04,UAM04.AX,UBS Australian Bond Fund,ETF/ETP,Spotlight mFund List,2026-02-07T16:49:57Z,2026-02-08 00:49 AWST,,,,,ETF_ETP,ASX Investment Products Monthly Report
UAM05,UAM05.AX,UBS Income Solution Fund,ETF/ETP,Spotlight mFund List,2026-02-07T16:49:57Z,2026-02-08 00:49 AWST,,,,,ETF_ETP,ASX Investment Products Monthly Report
UAM06,UAM06.AX,UBS Diversified Fixed Income Fund,ETF/ETP,Spotlight mFund List,2026-02-07T16:49:57Z,2026-02-08 00:49 AWST,,,,,ETF_ETP,ASX Investment Products Monthly Report
UAM11,UAM11.AX,UBS Property Securities Fund,ETF/ETP,Spotlight mFund List,2026-02-07T16:49:57Z,2026-02-08 00:49 AWST,,,,,ETF_ETP,ASX Investment Products Monthly Report
UAM14,UAM14.AX,UBS Emerging Markets Equity Fund,ETF/ETP,Spotlight mFund List,2026-02-07T16:49:57Z,2026-02-08 00:49 AWST,,,,,ETF_ETP,ASX Investment Products Monthly Report
UBI,UBI.AX,UNIVERSAL BIOSENSORS INC.,Health Care Equipment & Services,,2026-02-07T16:49:57Z,2026-02-08 00:49 AWST,Health Care,35,Health Care Equipment & Services,35100000,EQUITY,ASXListedCompanies.csv
UBN,UBN.AX,URBANISE.COM LIMITED,Software & Services,,2026-02-07T16:49:57Z,2026-02-08 00:49 AWST,Information Technology,45,Software & Services,45100000,EQUITY,ASXListedCompanies.csv
UCM,UCM.AX,USCOM LIMITED,Health Care Equipment & Services,,2026-02-07T16:49:57Z,2026-02-08 00:49 AWST,Health Care,35,Health Care Equipment & Services,35100000,EQUITY,ASXListedCompanies.csv
ULTB,ULTB.AX,iShares 20+ Year U.S. Treasury Bond (AUD Hedged) ETF,ETF/ETP,Spotlight ETP List,2026-02-07T16:49:57Z,2026-02-08 00:49 AWST,,,,,ETF_ETP,ASX Investment Products Monthly Report
UM1,UM1.AX,UNITY METALS LIMITED,Materials,,2026-02-07T16:49:57Z,2026-02-08 00:49 AWST,Materials,15,Materials,15100000,EQUITY,ASXListedCompanies.csv
UMAX,UMAX.AX,Betashares S&P 500 Yield Maximiser Complex ETF,ETF/ETP,Spotlight ETP List,2026-02-07T16:49:57Z,2026-02-08 00:49 AWST,,,,,ETF_ETP,ASX Investment Products Monthly Report
UNI,UNI.AX,UNIVERSAL STORE HOLDINGS LIMITED,Consumer Discretionary Distribution & Retail,,2026-02-07T16:49:57Z,2026-02-08 00:49 AWST,Consumer Discretionary,25,Consumer Discretionary Distribution & Retail,25500000,EQUITY,ASXListedCompanies.csv
UNT,UNT.AX,UNITH LTD,Media & Entertainment,,2026-02-07T16:49:57Z,2026-02-08 00:49 AWST,Communication Services,50,Media & Entertainment,50200000,EQUITY,ASXListedCompanies.csv
UOS,UOS.AX,UNITED OVERSEAS AUSTRALIA LIMITED,Real Estate Management & Development,,2026-02-07T16:49:57Z,2026-02-08 00:49 AWST,Real Estate,60,Real Estate Management & Development,60200000,EQUITY,ASXListedCompanies.csv
URAN,URAN.AX,VanEck Uranium and Energy Innovation ETF,ETF/ETP,Spotlight ETP List,2026-02-07T16:49:57Z,2026-02-08 00:49 AWST,,,,,ETF_ETP,ASX Investment Products Monthly Report
URF,URF.AX,US MASTERS RESIDENTIAL PROPERTY FUND,Equity Real Estate Investment Trusts (REITs),,2026-02-07T16:49:57Z,2026-02-08 00:49 AWST,Real Estate,60,Equity Real Estate Investment Trusts (REITs),60100000,EQUITY,ASXListedCompanies.csv
URNM,URNM.AX,Betashares Global Uranium ETF,ETF/ETP,Spotlight ETP List,2026-02-07T16:49:57Z,2026-02-08 00:49 AWST,,,,,ETF_ETP,ASX Investment Products Monthly Report
US10,US10.AX,Betashares U.S. Treasury Bond 7-10 Year Currency Hedged ETF,ETF/ETP,Spotlight ETP List,2026-02-07T16:49:57Z,2026-02-08 00:49 AWST,,,,,ETF_ETP,ASX Investment Products Monthly Report
USC,USC.AX,US1 CRITICAL MINERALS LIMITED,Materials,,2026-02-07T16:49:57Z,2026-02-08 00:49 AWST,Materials,15,Materials,15100000,EQUITY,ASXListedCompanies.csv
USD,USD.AX,Betashares U.S Dollar ETF,ETF/ETP,Spotlight ETP List,2026-02-07T16:49:57Z,2026-02-08 00:49 AWST,,,,,ETF_ETP,ASX Investment Products Monthly Report
USHY,USHY.AX,Global X USD High Yield Bond ETF (Currency Hedged),ETF/ETP,Spotlight ETP List,2026-02-07T16:49:57Z,2026-02-08 00:49 AWST,,,,,ETF_ETP,ASX Investment Products Monthly Report
USIG,USIG.AX,Global X USD Corporate Bond ETF (Currency Hedged),ETF/ETP,Spotlight ETP List,2026-02-07T16:49:57Z,2026-02-08 00:49 AWST,,,,,ETF_ETP,ASX Investment Products Monthly Report
USL,USL.AX,UNICO SILVER LIMITED,Materials,,2026-02-07T16:49:57Z,2026-02-08 00:49 AWST,Materials,15,Materials,15100000,EQUITY,ASXListedCompanies.csv
USTB,USTB.AX,Global X US Treasury Bond ETF (Currency Hedged),ETF/ETP,Spotlight ETP List,2026-02-07T16:49:57Z,2026-02-08 00:49 AWST,,,,,ETF_ETP,ASX Investment Products Monthly Report
UTIP,UTIP.AX,Betashares Inflation-Protected U.S. Treasury Bond Currency Hedged ETF,ETF/ETP,Spotlight ETP List,2026-02-07T16:49:57Z,2026-02-08 00:49 AWST,,,,,ETF_ETP,ASX Investment Products Monthly Report
UWC,UWC.AX,UNDERWOOD CAPITAL LIMITED,Not Applic,,2026-02-07T16:49:57Z,2026-02-08 00:49 AWST,Not Applicable,00,Not Applic,00000000,EQUITY,ASXListedCompanies.csv
UYLD,UYLD.AX,Global X S&P 500 Covered Call ETF,ETF/ETP,Spotlight ETP List,2026-02-07T16:49:57Z,2026-02-08 00:49 AWST,,,,,ETF_ETP,ASX Investment Products Monthly Report
VACF,VACF.AX,Vanguard Australian Corporate Fixed Interest Index ETF,ETF/ETP,Spotlight ETP List,2026-02-07T16:49:57Z,2026-02-08 00:49 AWST,,,,,ETF_ETP,ASX Investment Products Monthly Report
VAE,VAE.AX,Vanguard FTSE Asia Ex-Japan Shares Index ETF,ETF/ETP,Spotlight ETP List,2026-02-07T16:49:57Z,2026-02-08 00:49 AWST,,,,,ETF_ETP,ASX Investment Products Monthly Report
VAF,VAF.AX,Vanguard Australian Fixed Interest Index ETF,ETF/ETP,Spotlight ETP List,2026-02-07T16:49:57Z,2026-02-08 00:49 AWST,,,,,ETF_ETP,ASX Investment Products Monthly Report
VAP,VAP.AX,Vanguard Australian Property Securities Index ETF,ETF/ETP,Spotlight ETP List,2026-02-07T16:49:57Z,2026-02-08 00:49 AWST,,,,,ETF_ETP,ASX Investment Products Monthly Report
VAR,VAR.AX,VARISCAN MINES LIMITED,Materials,,2026-02-07T16:49:57Z,2026-02-08 00:49 AWST,Materials,15,Materials,15100000,EQUITY,ASXListedCompanies.csv
VAS,VAS.AX,Vanguard Australian Shares Index ETF,ETF/ETP,Spotlight ETP List,2026-02-07T16:49:57Z,2026-02-08 00:49 AWST,,,,,ETF_ETP,ASX Investment Products Monthly Report
VAU,VAU.AX,VAULT MINERALS LIMITED,Materials,,2026-02-07T16:49:57Z,2026-02-08 00:49 AWST,Materials,15,Materials,15100000,EQUITY,ASXListedCompanies.csv
VBC,VBC.AX,VERBREC LIMITED,Capital Goods,,2026-02-07T16:49:57Z,2026-02-08 00:49 AWST,Industrials,20,Capital Goods,20100000,EQUITY,ASXListedCompanies.csv
VBLD,VBLD.AX,Vanguard Global Infrastructure Index ETF,ETF/ETP,Spotlight ETP List,2026-02-07T16:49:57Z,2026-02-08 00:49 AWST,,,,,ETF_ETP,ASX Investment Products Monthly Report
VBND,VBND.AX,Vanguard Global Aggregate Bond Index (Hedged) ETF,ETF/ETP,Spotlight ETP List,2026-02-07T16:49:57Z,2026-02-08 00:49 AWST,,,,,ETF_ETP,ASX Investment Products Monthly Report
VBS,VBS.AX,VECTUS BIOSYSTEMS LIMITED,"Pharmaceuticals, Biotechnology & Life Sciences",,2026-02-07T16:49:57Z,2026-02-08 00:49 AWST,Health Care,35,"Pharmaceuticals, Biotechnology & Life Sciences",35200000,EQUITY,ASXListedCompanies.csv
VBTC,VBTC.AX,VanEck Bitcoin ETF,ETF/ETP,Spotlight ETP List,2026-02-07T16:49:57Z,2026-02-08 00:49 AWST,,,,,ETF_ETP,ASX Investment Products Monthly Report
VBX,VBX.AX,VBX LIMITED,Materials,,2026-02-07T16:49:57Z,2026-02-08 00:49 AWST,Materials,15,Materials,15100000,EQUITY,ASXListedCompanies.csv
VCD,VCD.AX,VICINITY CENTRES TRUST,Not Applic,,2026-02-07T16:49:57Z,2026-02-08 00:49 AWST,Not Applicable,00,Not Applic,00000000,EQUITY,ASXListedCompanies.csv
VCF,VCF.AX,Vanguard International Credit Securities Index (Hedged) ETF,ETF/ETP,Spotlight ETP List,2026-02-07T16:49:57Z,2026-02-08 00:49 AWST,,,,,ETF_ETP,ASX Investment Products Monthly Report
VCX,VCX.AX,VICINITY CENTRES,Equity Real Estate Investment Trusts (REITs),,2026-02-07T16:49:57Z,2026-02-08 00:49 AWST,Real Estate,60,Equity Real Estate Investment Trusts (REITs),60100000,EQUITY,ASXListedCompanies.csv
VDAL,VDAL.AX,Vanguard Diversified All Growth Index ETF,ETF/ETP,Spotlight ETP List,2026-02-07T16:49:57Z,2026-02-08 00:49 AWST,,,,,ETF_ETP,ASX Investment Products Monthly Report
VDBA,VDBA.AX,Vanguard Diversified Balanced Index ETF,ETF/ETP,Spotlight ETP List,2026-02-07T16:49:57Z,2026-02-08 00:49 AWST,,,,,ETF_ETP,ASX Investment Products Monthly Report
VDCO,VDCO.AX,Vanguard Diversified Conservative Index ETF,ETF/ETP,Spotlight ETP List,2026-02-07T16:49:57Z,2026-02-08 00:49 AWST,,,,,ETF_ETP,ASX Investment Products Monthly Report
VDGR,VDGR.AX,Vanguard Diversified Growth Index ETF,ETF/ETP,Spotlight ETP List,2026-02-07T16:49:57Z,2026-02-08 00:49 AWST,,,,,ETF_ETP,ASX Investment Products Monthly Report
VDHG,VDHG.AX,Vanguard Diversified High Growth Index ETF,ETF/ETP,Spotlight ETP List,2026-02-07T16:49:57Z,2026-02-08 00:49 AWST,,,,,ETF_ETP,ASX Investment Products Monthly Report
VDIF,VDIF.AX,Vanguard Diversified Income ETF,ETF/ETP,Spotlight ETP List,2026-02-07T16:49:57Z,2026-02-08 00:49 AWST,,,,,ETF_ETP,ASX Investment Products Monthly Report
VEA,VEA.AX,VIVA ENERGY GROUP LIMITED,Energy,,2026-02-07T16:49:57Z,2026-02-08 00:49 AWST,Energy,10,Energy,10100000,EQUITY,ASXListedCompanies.csv
VEE,VEE.AX,VEEM LTD,Capital Goods,,2026-02-07T16:49:57Z,2026-02-08 00:49 AWST,Industrials,20,Capital Goods,20100000,EQUITY,ASXListedCompanies.csv
VEFI,VEFI.AX,Vanguard Ethically Conscious Global Aggregate Bond Index (Hedged) ETF,ETF/ETP,Spotlight ETP List,2026-02-07T16:49:57Z,2026-02-08 00:49 AWST,,,,,ETF_ETP,ASX Investment Products Monthly Report
VEN,VEN.AX,VINTAGE ENERGY LTD,Energy,,2026-02-07T16:49:57Z,2026-02-08 00:49 AWST,Energy,10,Energy,10100000,EQUITY,ASXListedCompanies.csv
VEQ,VEQ.AX,Vanguard FTSE Europe Shares ETF,ETF/ETP,Spotlight ETP List,2026-02-07T16:49:57Z,2026-02-08 00:49 AWST,,,,,ETF_ETP,ASX Investment Products Monthly Report
VESG,VESG.AX,Vanguard Ethically Conscious International Shares Index ETF,ETF/ETP,Spotlight ETP List,2026-02-07T16:49:57Z,2026-02-08 00:49 AWST,,,,,ETF_ETP,ASX Investment Products Monthly Report
VETH,VETH.AX,Vanguard Ethically Conscious Australian Shares ETF,ETF/ETP,Spotlight ETP List,2026-02-07T16:49:57Z,2026-02-08 00:49 AWST,,,,,ETF_ETP,ASX Investment Products Monthly Report
VEU,VEU.AX,Vanguard All-World ex US Shares Index ETF,ETF/ETP,Spotlight ETP List,2026-02-07T16:49:57Z,2026-02-08 00:49 AWST,,,,,ETF_ETP,ASX Investment Products Monthly Report
VFX,VFX.AX,VISIONFLEX GROUP LIMITED,Health Care Equipment & Services,,2026-02-07T16:49:57Z,2026-02-08 00:49 AWST,Health Care,35,Health Care Equipment & Services,35100000,EQUITY,ASXListedCompanies.csv
VFY,VFY.AX,VITRAFY LIFE SCIENCES LIMITED,"Pharmaceuticals, Biotechnology & Life Sciences",,2026-02-07T16:49:57Z,2026-02-08 00:49 AWST,Health Care,35,"Pharmaceuticals, Biotechnology & Life Sciences",35200000,EQUITY,ASXListedCompanies.csv
VGAD,VGAD.AX,Vanguard MSCI Index International Shares (Hedged) ETF,ETF/ETP,Spotlight ETP List,2026-02-07T16:49:57Z,2026-02-08 00:49 AWST,,,,,ETF_ETP,ASX Investment Products Monthly Report
VGB,VGB.AX,Vanguard Australian Government Bond Index ETF,ETF/ETP,Spotlight ETP List,2026-02-07T16:49:57Z,2026-02-08 00:49 AWST,,,,,ETF_ETP,ASX Investment Products Monthly Report
VGE,VGE.AX,Vanguard FTSE Emerging Markets Shares ETF,ETF/ETP,Spotlight ETP List,2026-02-07T16:49:57Z,2026-02-08 00:49 AWST,,,,,ETF_ETP,ASX Investment Products Monthly Report
VGL,VGL.AX,VISTA GROUP INTERNATIONAL LIMITED.,Software & Services,,2026-02-07T16:49:57Z,2026-02-08 00:49 AWST,Information Technology,45,Software & Services,45100000,EQUITY,ASXListedCompanies.csv
VGN,VGN.AX,VIRGIN AUSTRALIA HOLDINGS LIMITED.,Transportation,,2026-02-07T16:49:57Z,2026-02-08 00:49 AWST,Industrials,20,Transportation,20300000,EQUITY,ASXListedCompanies.csv
VGS,VGS.AX,Vanguard MSCI Index International Shares ETF,ETF/ETP,Spotlight ETP List,2026-02-07T16:49:57Z,2026-02-08 00:49 AWST,,,,,ETF_ETP,ASX Investment Products Monthly Report
VHL,VHL.AX,VITASORA HEALTH LIMITED,Health Care Equipment & Services,,2026-02-07T16:49:57Z,2026-02-08 00:49 AWST,Health Care,35,Health Care Equipment & Services,35100000,EQUITY,ASXListedCompanies.csv
VHM,VHM.AX,VHM LIMITED,Materials,,2026-02-07T16:49:57Z,2026-02-08 00:49 AWST,Materials,15,Materials,15100000,EQUITY,ASXListedCompanies.csv
VHY,VHY.AX,Vanguard Australian Shares High Yield ETF,ETF/ETP,Spotlight ETP List,2026-02-07T16:49:57Z,2026-02-08 00:49 AWST,,,,,ETF_ETP,ASX Investment Products Monthly Report
VIF,VIF.AX,Vanguard International Fixed Interest Index (Hedged) ETF,ETF/ETP,Spotlight ETP List,2026-02-07T16:49:57Z,2026-02-08 00:49 AWST,,,,,ETF_ETP,ASX Investment Products Monthly Report
VIG,VIG.AX,VICTOR GROUP HOLDINGS LIMITED,Software & Services,,2026-02-07T16:49:57Z,2026-02-08 00:49 AWST,Information Technology,45,Software & Services,45100000,EQUITY,ASXListedCompanies.csv
VISM,VISM.AX,Vanguard MSCI International Small Companies Index ETF,ETF/ETP,Spotlight ETP List,2026-02-07T16:49:57Z,2026-02-08 00:49 AWST,,,,,ETF_ETP,ASX Investment Products Monthly Report
VIT,VIT.AX,VITURA HEALTH LIMITED,Health Care Equipment & Services,,2026-02-07T16:49:57Z,2026-02-08 00:49 AWST,Health Care,35,Health Care Equipment & Services,35100000,EQUITY,ASXListedCompanies.csv
VKA,VKA.AX,VIKING MINES LIMITED,Materials,,2026-02-07T16:49:57Z,2026-02-08 00:49 AWST,Materials,15,Materials,15100000,EQUITY,ASXListedCompanies.csv
VLC,VLC.AX,Vanguard MSCI Australian Large Companies Index ETF,ETF/ETP,Spotlight ETP List,2026-02-07T16:49:57Z,2026-02-08 00:49 AWST,,,,,ETF_ETP,ASX Investment Products Monthly Report
VLS,VLS.AX,VITA LIFE SCIENCES LIMITED..,"Pharmaceuticals, Biotechnology & Life Sciences",,2026-02-07T16:49:57Z,2026-02-08 00:49 AWST,Health Care,35,"Pharmaceuticals, Biotechnology & Life Sciences",35200000,EQUITY,ASXListedCompanies.csv
VLUE,VLUE.AX,VanEck MSCI International Value ETF,ETF/ETP,Spotlight ETP List,2026-02-07T16:49:57Z,2026-02-08 00:49 AWST,,,,,ETF_ETP,ASX Investment Products Monthly Report
VMC,VMC.AX,VENUS METALS CORPORATION LIMITED,Materials,,2026-02-07T16:49:57Z,2026-02-08 00:49 AWST,Materials,15,Materials,15100000,EQUITY,ASXListedCompanies.csv
VMIN,VMIN.AX,Vanguard Global Minimum Volatility Active ETF,ETF/ETP,Spotlight ETP List,2026-02-07T16:49:57Z,2026-02-08 00:49 AWST,,,,,ETF_ETP,ASX Investment Products Monthly Report
VML,VML.AX,VITAL METALS LIMITED,Materials,,2026-02-07T16:49:57Z,2026-02-08 00:49 AWST,Materials,15,Materials,15100000,EQUITY,ASXListedCompanies.csv
VMM,VMM.AX,VIRIDIS MINING AND MINERALS LIMITED,Materials,,2026-02-07T16:49:57Z,2026-02-08 00:49 AWST,Materials,15,Materials,15100000,EQUITY,ASXListedCompanies.csv
VMS,VMS.AX,VENARI MINERALS NL,Materials,,2026-02-07T16:49:57Z,2026-02-08 00:49 AWST,Materials,15,Materials,15100000,EQUITY,ASXListedCompanies.csv
VMT,VMT.AX,VMOTO LIMITED,Automobiles & Components,,2026-02-07T16:49:57Z,2026-02-08 00:49 AWST,Consumer Discretionary,25,Automobiles & Components,25100000,EQUITY,ASXListedCompanies.csv
VNGS,VNGS.AX,Vaughan Nelson Global Equity SMID Fund – Active ETF,ETF/ETP,Spotlight ETP List,2026-02-07T16:49:57Z,2026-02-08 00:49 AWST,,,,,ETF_ETP,ASX Investment Products Monthly Report
VNL,VNL.AX,VINYL GROUP LTD,Software & Services,,2026-02-07T16:49:57Z,2026-02-08 00:49 AWST,Information Technology,45,Software & Services,45100000,EQUITY,ASXListedCompanies.csv
VNT,VNT.AX,VENTIA SERVICES GROUP LIMITED,Capital Goods,,2026-02-07T16:49:57Z,2026-02-08 00:49 AWST,Industrials,20,Capital Goods,20100000,EQUITY,ASXListedCompanies.csv
VPG,VPG.AX,VODAFONE GROUP PLC.,Not Applic,,2026-02-07T16:49:57Z,2026-02-08 00:49 AWST,Not Applicable,00,Not Applic,00000000,EQUITY,ASXListedCompanies.csv
VPR,VPR.AX,VOLT GROUP LIMITED,Utilities,,2026-02-07T16:49:57Z,2026-02-08 00:49 AWST,Utilities,55,Utilities,55100000,EQUITY,ASXListedCompanies.csv
VR1,VR1.AX,VECTION TECHNOLOGIES LTD,Software & Services,,2026-02-07T16:49:57Z,2026-02-08 00:49 AWST,Information Technology,45,Software & Services,45100000,EQUITY,ASXListedCompanies.csv
VR8,VR8.AX,VANADIUM RESOURCES LIMITED,Materials,,2026-02-07T16:49:57Z,2026-02-08 00:49 AWST,Materials,15,Materials,15100000,EQUITY,ASXListedCompanies.csv
VRC,VRC.AX,VOLT RESOURCES LIMITED,Materials,,2026-02-07T16:49:57Z,2026-02-08 00:49 AWST,Materials,15,Materials,15100000,EQUITY,ASXListedCompanies.csv
VRL,VRL.AX,VERITY RESOURCES LIMITED,Materials,,2026-02-07T16:49:57Z,2026-02-08 00:49 AWST,Materials,15,Materials,15100000,EQUITY,ASXListedCompanies.csv
VRS,VRS.AX,VERIS LIMITED,Commercial & Professional Services,,2026-02-07T16:49:57Z,2026-02-08 00:49 AWST,Industrials,20,Commercial & Professional Services,20200000,EQUITY,ASXListedCompanies.csv
VRX,VRX.AX,VRX SILICA LIMITED,Materials,,2026-02-07T16:49:57Z,2026-02-08 00:49 AWST,Materials,15,Materials,15100000,EQUITY,ASXListedCompanies.csv
VSL,VSL.AX,VULCAN STEEL LIMITED,Materials,,2026-02-07T16:49:57Z,2026-02-08 00:49 AWST,Materials,15,Materials,15100000,EQUITY,ASXListedCompanies.csv
VSO,VSO.AX,Vanguard MSCI Australian Small Companies Index ETF,ETF/ETP,Spotlight ETP List,2026-02-07T16:49:57Z,2026-02-08 00:49 AWST,,,,,ETF_ETP,ASX Investment Products Monthly Report
VSR,VSR.AX,VOLTAIC STRATEGIC RESOURCES LTD,Energy,,2026-02-07T16:49:57Z,2026-02-08 00:49 AWST,Energy,10,Energy,10100000,EQUITY,ASXListedCompanies.csv
VTA,VTA.AX,VITA RESOURCES NL,Materials,,2026-02-07T16:49:57Z,2026-02-08 00:49 AWST,Materials,15,Materials,15100000,EQUITY,ASXListedCompanies.csv
VTM,VTM.AX,VICTORY METALS LIMITED,Materials,,2026-02-07T16:49:57Z,2026-02-08 00:49 AWST,Materials,15,Materials,15100000,EQUITY,ASXListedCompanies.csv
VTS,VTS.AX,Vanguard US Total Market Shares Index ETF,ETF/ETP,Spotlight ETP List,2026-02-07T16:49:57Z,2026-02-08 00:49 AWST,,,,,ETF_ETP,ASX Investment Products Monthly Report
VTX,VTX.AX,VERTEX MINERALS LIMITED,Materials,,2026-02-07T16:49:57Z,2026-02-08 00:49 AWST,Materials,15,Materials,15100000,EQUITY,ASXListedCompanies.csv
VUL,VUL.AX,VULCAN ENERGY RESOURCES LIMITED,Materials,,2026-02-07T16:49:57Z,2026-02-08 00:49 AWST,Materials,15,Materials,15100000,EQUITY,ASXListedCompanies.csv
VVA,VVA.AX,VIVA LEISURE LIMITED,Consumer Services,,2026-02-07T16:49:57Z,2026-02-08 00:49 AWST,Consumer Discretionary,25,Consumer Services,25300000,EQUITY,ASXListedCompanies.csv
VVLU,VVLU.AX,Vanguard Global Value Equity Active ETF,ETF/ETP,Spotlight ETP List,2026-02-07T16:49:57Z,2026-02-08 00:49 AWST,,,,,ETF_ETP,ASX Investment Products Monthly Report
VYS,VYS.AX,VYSARN LIMITED,Materials,,2026-02-07T16:49:57Z,2026-02-08 00:49 AWST,Materials,15,Materials,15100000,EQUITY,ASXListedCompanies.csv
W2V,W2V.AX,WAY 2 VAT LTD.,Software & Services,,2026-02-07T16:49:57Z,2026-02-08 00:49 AWST,Information Technology,45,Software & Services,45100000,EQUITY,ASXListedCompanies.csv
WA1,WA1.AX,WA1 RESOURCES LTD,Materials,,2026-02-07T16:49:57Z,2026-02-08 00:49 AWST,Materials,15,Materials,15100000,EQUITY,ASXListedCompanies.csv
WAA,WAA.AX,WAM ACTIVE LIMITED,Not Applic,,2026-02-07T16:49:57Z,2026-02-08 00:49 AWST,Not Applicable,00,Not Applic,00000000,EQUITY,ASXListedCompanies.csv
WAF,WAF.AX,WEST AFRICAN RESOURCES LIMITED,Materials,,2026-02-07T16:49:57Z,2026-02-08 00:49 AWST,Materials,15,Materials,15100000,EQUITY,ASXListedCompanies.csv
WAG,WAG.AX,THE AUSTRALIAN WEALTH ADVISORS GROUP LIMITED,Financial Services,,2026-02-07T16:49:57Z,2026-02-08 00:49 AWST,Financials,40,Financial Services,40200000,EQUITY,ASXListedCompanies.csv
WAK,WAK.AX,WA KAOLIN LIMITED,Materials,,2026-02-07T16:49:57Z,2026-02-08 00:49 AWST,Materials,15,Materials,15100000,EQUITY,ASXListedCompanies.csv
WAM,WAM.AX,WAM CAPITAL LIMITED,Not Applic,,2026-02-07T16:49:57Z,2026-02-08 00:49 AWST,Not Applicable,00,Not Applic,00000000,EQUITY,ASXListedCompanies.csv
WAR,WAR.AX,WAM STRATEGIC VALUE LIMITED,Not Applic,,2026-02-07T16:49:57Z,2026-02-08 00:49 AWST,Not Applicable,00,Not Applic,00000000,EQUITY,ASXListedCompanies.csv
WAT,WAT.AX,WATERCO LIMITED,Consumer Durables & Apparel,,2026-02-07T16:49:57Z,2026-02-08 00:49 AWST,Consumer Discretionary,25,Consumer Durables & Apparel,25200000,EQUITY,ASXListedCompanies.csv
WAX,WAX.AX,WAM RESEARCH LIMITED,Not Applic,,2026-02-07T16:49:57Z,2026-02-08 00:49 AWST,Not Applicable,00,Not Applic,00000000,EQUITY,ASXListedCompanies.csv
WB1,WB1.AX,SERIES 2020-1 WST TRUST,Not Applic,,2026-02-07T16:49:57Z,2026-02-08 00:49 AWST,Not Applicable,00,Not Applic,00000000,EQUITY,ASXListedCompanies.csv
WBC,WBC.AX,WESTPAC BANKING CORPORATION,Banks,,2026-02-07T16:49:57Z,2026-02-08 00:49 AWST,Financials,40,Banks,40100000,EQUITY,ASXListedCompanies.csv
WBND,WBND.AX,Betashares Global Aggregate Bond Currency Hedged ETF,ETF/ETP,Spotlight ETP List,2026-02-07T16:49:57Z,2026-02-08 00:49 AWST,,,,,ETF_ETP,ASX Investment Products Monthly Report
WBT,WBT.AX,WEEBIT NANO LTD,Semiconductors & Semiconductor Equipment,,2026-02-07T16:49:57Z,2026-02-08 00:49 AWST,Information Technology,45,Semiconductors & Semiconductor Equipment,45300000,EQUITY,ASXListedCompanies.csv
WC1,WC1.AX,WEST COBAR METALS LIMITED,Materials,,2026-02-07T16:49:57Z,2026-02-08 00:49 AWST,Materials,15,Materials,15100000,EQUITY,ASXListedCompanies.csv
WC8,WC8.AX,WILDCAT RESOURCES LIMITED,Materials,,2026-02-07T16:49:57Z,2026-02-08 00:49 AWST,Materials,15,Materials,15100000,EQUITY,ASXListedCompanies.csv
WCE,WCE.AX,WEST COAST SILVER LIMITED,Materials,,2026-02-07T16:49:57Z,2026-02-08 00:49 AWST,Materials,15,Materials,15100000,EQUITY,ASXListedCompanies.csv
WCMQ,WCMQ.AX,WCM Quality Global Growth Fund – Active ETF,ETF/ETP,Spotlight ETP List,2026-02-07T16:49:57Z,2026-02-08 00:49 AWST,,,,,ETF_ETP,ASX Investment Products Monthly Report
WCN,WCN.AX,WHITE CLIFF MINERALS LIMITED,Materials,,2026-02-07T16:49:57Z,2026-02-08 00:49 AWST,Materials,15,Materials,15100000,EQUITY,ASXListedCompanies.csv
WDIV,WDIV.AX,SPDR S&P Global Dividend ETF,ETF/ETP,Spotlight ETP List,2026-02-07T16:49:57Z,2026-02-08 00:49 AWST,,,,,ETF_ETP,ASX Investment Products Monthly Report
WDMF,WDMF.AX,iShares Edge MSCI World Multifactor ETF,ETF/ETP,Spotlight ETP List,2026-02-07T16:49:57Z,2026-02-08 00:49 AWST,,,,,ETF_ETP,ASX Investment Products Monthly Report
WDS,WDS.AX,WOODSIDE ENERGY GROUP LTD,Energy,,2026-02-07T16:49:57Z,2026-02-08 00:49 AWST,Energy,10,Energy,10100000,EQUITY,ASXListedCompanies.csv
WE1,WE1.AX,SERIES 2019-1 WST TRUST,Not Applic,,2026-02-07T16:49:57Z,2026-02-08 00:49 AWST,Not Applicable,00,Not Applic,00000000,EQUITY,ASXListedCompanies.csv
WEB,WEB.AX,WEB TRAVEL GROUP LIMITED,Consumer Services,,2026-02-07T16:49:57Z,2026-02-08 00:49 AWST,Consumer Discretionary,25,Consumer Services,25300000,EQUITY,ASXListedCompanies.csv
WEC,WEC.AX,WHITE ENERGY COMPANY LIMITED,Energy,,2026-02-07T16:49:57Z,2026-02-08 00:49 AWST,Energy,10,Energy,10100000,EQUITY,ASXListedCompanies.csv
WEF,WEF.AX,WEA FINANCE LLC AND WESTFIELD UK & EUROPE FINANCE PLC,Not Applic,,2026-02-07T16:49:57Z,2026-02-08 00:49 AWST,Not Applicable,00,Not Applic,00000000,EQUITY,ASXListedCompanies.csv
WEL,WEL.AX,WINCHESTER ENERGY LTD,Energy,,2026-02-07T16:49:57Z,2026-02-08 00:49 AWST,Energy,10,Energy,10100000,EQUITY,ASXListedCompanies.csv
WEMG,WEMG.AX,SPDR S&P Emerging Markets Carbon Aware ETF,ETF/ETP,Spotlight ETP List,2026-02-07T16:49:57Z,2026-02-08 00:49 AWST,,,,,ETF_ETP,ASX Investment Products Monthly Report
WEN,WEN.AX,WESTFIELD UK & EUROPE FINANCE PLC,Not Applic,,2026-02-07T16:49:57Z,2026-02-08 00:49 AWST,Not Applicable,00,Not Applic,00000000,EQUITY,ASXListedCompanies.csv
WES,WES.AX,WESFARMERS LIMITED,Consumer Discretionary Distribution & Retail,,2026-02-07T16:49:57Z,2026-02-08 00:49 AWST,Consumer Discretionary,25,Consumer Discretionary Distribution & Retail,25500000,EQUITY,ASXListedCompanies.csv
WGB,WGB.AX,WAM GLOBAL LIMITED,Not Applic,,2026-02-07T16:49:57Z,2026-02-08 00:49 AWST,Not Applicable,00,Not Applic,00000000,EQUITY,ASXListedCompanies.csv
WGN,WGN.AX,WAGNERS HOLDING COMPANY LIMITED,Materials,,2026-02-07T16:49:57Z,2026-02-08 00:49 AWST,Materials,15,Materials,15100000,EQUITY,ASXListedCompanies.csv
WGR,WGR.AX,WESTERN GOLD RESOURCES LIMITED.,Materials,,2026-02-07T16:49:57Z,2026-02-08 00:49 AWST,Materials,15,Materials,15100000,EQUITY,ASXListedCompanies.csv
WGX,WGX.AX,WESTGOLD RESOURCES LIMITED.,Materials,,2026-02-07T16:49:57Z,2026-02-08 00:49 AWST,Materials,15,Materials,15100000,EQUITY,ASXListedCompanies.csv
WHC,WHC.AX,WHITEHAVEN COAL LIMITED,Energy,,2026-02-07T16:49:57Z,2026-02-08 00:49 AWST,Energy,10,Energy,10100000,EQUITY,ASXListedCompanies.csv
WHF,WHF.AX,WHITEFIELD INDUSTRIALS LIMITED,Not Applic,,2026-02-07T16:49:57Z,2026-02-08 00:49 AWST,Not Applicable,00,Not Applic,00000000,EQUITY,ASXListedCompanies.csv
WHI,WHI.AX,WHITEFIELD INCOME LIMITED,Not Applic,,2026-02-07T16:49:57Z,2026-02-08 00:49 AWST,Not Applicable,00,Not Applic,00000000,EQUITY,ASXListedCompanies.csv
WHK,WHK.AX,WHITEHAWK LIMITED,Software & Services,,2026-02-07T16:49:57Z,2026-02-08 00:49 AWST,Information Technology,45,Software & Services,45100000,EQUITY,ASXListedCompanies.csv
WIA,WIA.AX,WIA GOLD LIMITED,Materials,,2026-02-07T16:49:57Z,2026-02-08 00:49 AWST,Materials,15,Materials,15100000,EQUITY,ASXListedCompanies.csv
WIN,WIN.AX,WIN METALS LTD,Materials,,2026-02-07T16:49:57Z,2026-02-08 00:49 AWST,Materials,15,Materials,15100000,EQUITY,ASXListedCompanies.csv
WIRE,WIRE.AX,Global X Copper Miners ETF,ETF/ETP,Spotlight ETP List,2026-02-07T16:49:57Z,2026-02-08 00:49 AWST,,,,,ETF_ETP,ASX Investment Products Monthly Report
WJL,WJL.AX,WEBJET GROUP LIMITED,Consumer Services,,2026-02-07T16:49:57Z,2026-02-08 00:49 AWST,Consumer Discretionary,25,Consumer Services,25300000,EQUITY,ASXListedCompanies.csv
WLE,WLE.AX,WAM LEADERS LIMITED,Not Applic,,2026-02-07T16:49:57Z,2026-02-08 00:49 AWST,Not Applicable,00,Not Applic,00000000,EQUITY,ASXListedCompanies.csv
WMA,WMA.AX,WAM ALTERNATIVE ASSETS LIMITED,Not Applic,,2026-02-07T16:49:57Z,2026-02-08 00:49 AWST,Not Applicable,00,Not Applic,00000000,EQUITY,ASXListedCompanies.csv
WMG,WMG.AX,WESTERN MINES GROUP LTD,Materials,,2026-02-07T16:49:57Z,2026-02-08 00:49 AWST,Materials,15,Materials,15100000,EQUITY,ASXListedCompanies.csv
WMI,WMI.AX,WAM MICROCAP LIMITED,Not Applic,,2026-02-07T16:49:57Z,2026-02-08 00:49 AWST,Not Applicable,00,Not Applic,00000000,EQUITY,ASXListedCompanies.csv
WMX,WMX.AX,WAM INCOME MAXIMISER LIMITED,Not Applic,,2026-02-07T16:49:57Z,2026-02-08 00:49 AWST,Not Applicable,00,Not Applic,00000000,EQUITY,ASXListedCompanies.csv
WNR,WNR.AX,WINGARA AG LTD,"Food, Beverage & Tobacco",,2026-02-07T16:49:57Z,2026-02-08 00:49 AWST,Consumer Staples,30,"Food, Beverage & Tobacco",30200000,EQUITY,ASXListedCompanies.csv
WNX,WNX.AX,WELLNEX LIFE LIMITED,"Food, Beverage & Tobacco",,2026-02-07T16:49:57Z,2026-02-08 00:49 AWST,Consumer Staples,30,"Food, Beverage & Tobacco",30200000,EQUITY,ASXListedCompanies.csv
WOA,WOA.AX,WIDE OPEN AGRICULTURE LTD,"Food, Beverage & Tobacco",,2026-02-07T16:49:57Z,2026-02-08 00:49 AWST,Consumer Staples,30,"Food, Beverage & Tobacco",30200000,EQUITY,ASXListedCompanies.csv
WOR,WOR.AX,WORLEY LIMITED,Capital Goods,,2026-02-07T16:49:57Z,2026-02-08 00:49 AWST,Industrials,20,Capital Goods,20100000,EQUITY,ASXListedCompanies.csv
WOT,WOT.AX,WOTSO,Real Estate Management & Development,,2026-02-07T16:49:57Z,2026-02-08 00:49 AWST,Real Estate,60,Real Estate Management & Development,60200000,EQUITY,ASXListedCompanies.csv
WOW,WOW.AX,WOOLWORTHS GROUP LIMITED,Consumer Staples Distribution & Retail,,2026-02-07T16:49:57Z,2026-02-08 00:49 AWST,Consumer Staples,30,Consumer Staples Distribution & Retail,30100000,EQUITY,ASXListedCompanies.csv
WPR,WPR.AX,WAYPOINT REIT,Equity Real Estate Investment Trusts (REITs),,2026-02-07T16:49:57Z,2026-02-08 00:49 AWST,Real Estate,60,Equity Real Estate Investment Trusts (REITs),60100000,EQUITY,ASXListedCompanies.csv
WQG,WQG.AX,WCM GLOBAL GROWTH LIMITED,Not Applic,,2026-02-07T16:49:57Z,2026-02-08 00:49 AWST,Not Applicable,00,Not Applic,00000000,EQUITY,ASXListedCompanies.csv
WR1,WR1.AX,WINSOME RESOURCES LIMITED,Materials,,2026-02-07T16:49:57Z,2026-02-08 00:49 AWST,Materials,15,Materials,15100000,EQUITY,ASXListedCompanies.csv
WRK,WRK.AX,WRKR LTD,Software & Services,,2026-02-07T16:49:57Z,2026-02-08 00:49 AWST,Information Technology,45,Software & Services,45100000,EQUITY,ASXListedCompanies.csv
WRLD,WRLD.AX,Betashares Managed Risk Global Shares Complex ETF,ETF/ETP,Spotlight ETP List,2026-02-07T16:49:57Z,2026-02-08 00:49 AWST,,,,,ETF_ETP,ASX Investment Products Monthly Report
WS1,WS1.AX,SERIES 2024-1 WST TRUST,Not Applic,,2026-02-07T16:49:57Z,2026-02-08 00:49 AWST,Not Applicable,00,Not Applic,00000000,EQUITY,ASXListedCompanies.csv
WS2,WS2.AX,SERIES 2024-2 WST TRUST,Not Applic,,2026-02-07T16:49:57Z,2026-02-08 00:49 AWST,Not Applicable,00,Not Applic,00000000,EQUITY,ASXListedCompanies.csv
WSE,WSE.AX,SERIES 2021-1 WST TRUST,Not Applic,,2026-02-07T16:49:57Z,2026-02-08 00:49 AWST,Not Applicable,00,Not Applic,00000000,EQUITY,ASXListedCompanies.csv
WSI,WSI.AX,WESTSTAR INDUSTRIAL LIMITED,Materials,,2026-02-07T16:49:57Z,2026-02-08 00:49 AWST,Materials,15,Materials,15100000,EQUITY,ASXListedCompanies.csv
WSR,WSR.AX,WESTAR RESOURCES LIMITED,Materials,,2026-02-07T16:49:57Z,2026-02-08 00:49 AWST,Materials,15,Materials,15100000,EQUITY,ASXListedCompanies.csv
WTC,WTC.AX,WISETECH GLOBAL LIMITED,Software & Services,,2026-02-07T16:49:57Z,2026-02-08 00:49 AWST,Information Technology,45,Software & Services,45100000,EQUITY,ASXListedCompanies.csv
WTL,WTL.AX,WT FINANCIAL GROUP LIMITED,Financial Services,,2026-02-07T16:49:57Z,2026-02-08 00:49 AWST,Financials,40,Financial Services,40200000,EQUITY,ASXListedCompanies.csv
WTM,WTM.AX,WARATAH MINERALS LIMITED,Materials,,2026-02-07T16:49:57Z,2026-02-08 00:49 AWST,Materials,15,Materials,15100000,EQUITY,ASXListedCompanies.csv
WTN,WTN.AX,WINTON LAND LIMITED,Real Estate Management & Development,,2026-02-07T16:49:57Z,2026-02-08 00:49 AWST,Real Estate,60,Real Estate Management & Development,60200000,EQUITY,ASXListedCompanies.csv
WVOL,WVOL.AX,iShares Edge MSCI World Minimum Volatility ETF,ETF/ETP,Spotlight ETP List,2026-02-07T16:49:57Z,2026-02-08 00:49 AWST,,,,,ETF_ETP,ASX Investment Products Monthly Report
WWG,WWG.AX,WISEWAY GROUP LIMITED,Transportation,,2026-02-07T16:49:57Z,2026-02-08 00:49 AWST,Industrials,20,Transportation,20300000,EQUITY,ASXListedCompanies.csv
WWI,WWI.AX,WEST WITS MINING LIMITED,Materials,,2026-02-07T16:49:57Z,2026-02-08 00:49 AWST,Materials,15,Materials,15100000,EQUITY,ASXListedCompanies.csv
WWWW,WWWW.AX,ETFS US Technology ETF,ETF/ETP,Spotlight ETP List,2026-02-07T16:49:57Z,2026-02-08 00:49 AWST,,,,,ETF_ETP,ASX Investment Products Monthly Report
WXHG,WXHG.AX,SPDR S&P World ex Australia Carbon Aware (Hedged) ETF,ETF/ETP,Spotlight ETP List,2026-02-07T16:49:57Z,2026-02-08 00:49 AWST,,,,,ETF_ETP,ASX Investment Products Monthly Report
WXOZ,WXOZ.AX,SPDR S&P World ex Australia Carbon Aware ETF,ETF/ETP,Spotlight ETP List,2026-02-07T16:49:57Z,2026-02-08 00:49 AWST,,,,,ETF_ETP,ASX Investment Products Monthly Report
WYX,WYX.AX,WESTERN YILGARN NL,Materials,,2026-02-07T16:49:57Z,2026-02-08 00:49 AWST,Materials,15,Materials,15100000,EQUITY,ASXListedCompanies.csv
WZR,WZR.AX,WISR LIMITED,Financial Services,,2026-02-07T16:49:57Z,2026-02-08 00:49 AWST,Financials,40,Financial Services,40200000,EQUITY,ASXListedCompanies.csv
X2M,X2M.AX,X2M CONNECT LIMITED,Technology Hardware & Equipment,,2026-02-07T16:49:57Z,2026-02-08 00:49 AWST,Information Technology,45,Technology Hardware & Equipment,45200000,EQUITY,ASXListedCompanies.csv
XALG,XALG.AX,Alphinity Global Equity Fund - Active ETF,ETF/ETP,Spotlight ETP List,2026-02-07T16:49:57Z,2026-02-08 00:49 AWST,,,,,ETF_ETP,ASX Investment Products Monthly Report
XARO,XARO.AX,Ardea Real Outcome Bond Complex ETF,ETF/ETP,Spotlight ETP List,2026-02-07T16:49:57Z,2026-02-08 00:49 AWST,,,,,ETF_ETP,ASX Investment Products Monthly Report
XASG,XASG.AX,Alphinity Global Sustainable Equity Fund - Active ETF,ETF/ETP,Spotlight ETP List,2026-02-07T16:49:57Z,2026-02-08 00:49 AWST,,,,,ETF_ETP,ASX Investment Products Monthly Report
XCL,XCL.AX,AUSTRALIAN COMMONWEALTH GOVERNMENT LOANS,Not Applic,,2026-02-07T16:49:57Z,2026-02-08 00:49 AWST,Not Applicable,00,Not Applic,00000000,EQUITY,ASXListedCompanies.csv
XF1,XF1.AX,XREF LIMITED,Software & Services,,2026-02-07T16:49:57Z,2026-02-08 00:49 AWST,Information Technology,45,Software & Services,45100000,EQUITY,ASXListedCompanies.csv
XGL,XGL.AX,XAMBLE GROUP LIMITED,Media & Entertainment,,2026-02-07T16:49:57Z,2026-02-08 00:49 AWST,Communication Services,50,Media & Entertainment,50200000,EQUITY,ASXListedCompanies.csv
XGOV,XGOV.AX,VanEck 10+ Year Australian Government Bond ETF,ETF/ETP,Spotlight ETP List,2026-02-07T16:49:57Z,2026-02-08 00:49 AWST,,,,,ETF_ETP,ASX Investment Products Monthly Report
XIFAI,XIFAI.AX,S&P/ASX Infrastructure Index Accumulation,ETF/ETP,Spotlight ETP List,2026-02-07T16:49:57Z,2026-02-08 00:49 AWST,,,,,ETF_ETP,ASX Investment Products Monthly Report
XJOAI,XJOAI.AX,S&P/ASX 200 Accumulation,ETF/ETP,Spotlight ETP List,2026-02-07T16:49:57Z,2026-02-08 00:49 AWST,,,,,ETF_ETP,ASX Investment Products Monthly Report
XMET,XMET.AX,Betashares Energy Transition Metals ETF,ETF/ETP,Spotlight ETP List,2026-02-07T16:49:57Z,2026-02-08 00:49 AWST,,,,,ETF_ETP,ASX Investment Products Monthly Report
XNC,XNC.AX,NEW SOUTH WALES TREASURY CORPORATION,Not Applic,,2026-02-07T16:49:57Z,2026-02-08 00:49 AWST,Not Applicable,00,Not Applic,00000000,EQUITY,ASXListedCompanies.csv
XPD,XPD.AX,XPEDRA RESOURCES LIMITED,Materials,,2026-02-07T16:49:57Z,2026-02-08 00:49 AWST,Materials,15,Materials,15100000,EQUITY,ASXListedCompanies.csv
XPJAI,XPJAI.AX,S&P/ASX 200 A-REIT Accumulation,ETF/ETP,Spotlight ETP List,2026-02-07T16:49:57Z,2026-02-08 00:49 AWST,,,,,ETF_ETP,ASX Investment Products Monthly Report
XPN,XPN.AX,XPON TECHNOLOGIES GROUP LIMITED,Software & Services,,2026-02-07T16:49:57Z,2026-02-08 00:49 AWST,Information Technology,45,Software & Services,45100000,EQUITY,ASXListedCompanies.csv
XQL,XQL.AX,QUEENSLAND TREASURY CORPORATION,Not Applic,,2026-02-07T16:49:57Z,2026-02-08 00:49 AWST,Not Applicable,00,Not Applic,00000000,EQUITY,ASXListedCompanies.csv
XRA,XRA.AX,XENORA MINERALS LTD,Materials,,2026-02-07T16:49:57Z,2026-02-08 00:49 AWST,Materials,15,Materials,15100000,EQUITY,ASXListedCompanies.csv
XRF,XRF.AX,XRF SCIENTIFIC LIMITED,Capital Goods,,2026-02-07T16:49:57Z,2026-02-08 00:49 AWST,Industrials,20,Capital Goods,20100000,EQUITY,ASXListedCompanies.csv
XRG,XRG.AX,XREALITY GROUP LTD,Consumer Services,,2026-02-07T16:49:57Z,2026-02-08 00:49 AWST,Consumer Discretionary,25,Consumer Services,25300000,EQUITY,ASXListedCompanies.csv
XRO,XRO.AX,XERO LIMITED,Software & Services,,2026-02-07T16:49:57Z,2026-02-08 00:49 AWST,Information Technology,45,Software & Services,45100000,EQUITY,ASXListedCompanies.csv
XSOAI,XSOAI.AX,S&P/ASX Small Ords Accumulation,ETF/ETP,Spotlight ETP List,2026-02-07T16:49:57Z,2026-02-08 00:49 AWST,,,,,ETF_ETP,ASX Investment Products Monthly Report
XST,XST.AX,XSTATE RESOURCES LIMITED,Energy,,2026-02-07T16:49:57Z,2026-02-08 00:49 AWST,Energy,10,Energy,10100000,EQUITY,ASXListedCompanies.csv
XVG,XVG.AX,TREASURY CORPORATION OF VICTORIA,Not Applic,,2026-02-07T16:49:57Z,2026-02-08 00:49 AWST,Not Applicable,00,Not Applic,00000000,EQUITY,ASXListedCompanies.csv
XX20,XX20.AX,First Sentier ex-20 Australian Share Fund Active ETF,ETF/ETP,Spotlight ETP List,2026-02-07T16:49:57Z,2026-02-08 00:49 AWST,,,,,ETF_ETP,ASX Investment Products Monthly Report
XYZ,XYZ.AX,"BLOCK, INC.",Financial Services,,2026-02-07T16:49:57Z,2026-02-08 00:49 AWST,Financials,40,Financial Services,40200000,EQUITY,ASXListedCompanies.csv
YAL,YAL.AX,YANCOAL AUSTRALIA LIMITED,Energy,,2026-02-07T16:49:57Z,2026-02-08 00:49 AWST,Energy,10,Energy,10100000,EQUITY,ASXListedCompanies.csv
YANK,YANK.AX,Betashares Strong Us Dollar Complex ETF,ETF/ETP,Spotlight ETP List,2026-02-07T16:49:57Z,2026-02-08 00:49 AWST,,,,,ETF_ETP,ASX Investment Products Monthly Report
YAR,YAR.AX,YARI MINERALS LIMITED,Materials,,2026-02-07T16:49:57Z,2026-02-08 00:49 AWST,Materials,15,Materials,15100000,EQUITY,ASXListedCompanies.csv
YMAX,YMAX.AX,Betashares Australian Top 20 Equities Yield Maximiser Complex ETF,ETF/ETP,Spotlight ETP List,2026-02-07T16:49:57Z,2026-02-08 00:49 AWST,,,,,ETF_ETP,ASX Investment Products Monthly Report
YOJ,YOJ.AX,YOJEE LIMITED,Software & Services,,2026-02-07T16:49:57Z,2026-02-08 00:49 AWST,Information Technology,45,Software & Services,45100000,EQUITY,ASXListedCompanies.csv
YOW,YOW.AX,YOWIE GROUP LTD,"Food, Beverage & Tobacco",,2026-02-07T16:49:57Z,2026-02-08 00:49 AWST,Consumer Staples,30,"Food, Beverage & Tobacco",30200000,EQUITY,ASXListedCompanies.csv
YRL,YRL.AX,YANDAL RESOURCES LIMITED,Materials,,2026-02-07T16:49:57Z,2026-02-08 00:49 AWST,Materials,15,Materials,15100000,EQUITY,ASXListedCompanies.csv
YUG,YUG.AX,YUGO METALS LIMITED,Materials,,2026-02-07T16:49:57Z,2026-02-08 00:49 AWST,Materials,15,Materials,15100000,EQUITY,ASXListedCompanies.csv
ZAG,ZAG.AX,ZULEIKA GOLD LIMITED,Materials,,2026-02-07T16:49:57Z,2026-02-08 00:49 AWST,Materials,15,Materials,15100000,EQUITY,ASXListedCompanies.csv
ZEO,ZEO.AX,ZEOTECH LIMITED,Materials,,2026-02-07T16:49:57Z,2026-02-08 00:49 AWST,Materials,15,Materials,15100000,EQUITY,ASXListedCompanies.csv
ZEU,ZEU.AX,ZEUS RESOURCES LIMITED,Energy,,2026-02-07T16:49:57Z,2026-02-08 00:49 AWST,Energy,10,Energy,10100000,EQUITY,ASXListedCompanies.csv
ZGL,ZGL.AX,ZICOM GROUP LIMITED,Capital Goods,,2026-02-07T16:49:57Z,2026-02-08 00:49 AWST,Industrials,20,Capital Goods,20100000,EQUITY,ASXListedCompanies.csv
ZIM,ZIM.AX,ZIMPLATS HOLDINGS LIMITED,Materials,,2026-02-07T16:49:57Z,2026-02-08 00:49 AWST,Materials,15,Materials,15100000,EQUITY,ASXListedCompanies.csv
ZIP,ZIP.AX,ZIP CO LIMITED..,Financial Services,,2026-02-07T16:49:57Z,2026-02-08 00:49 AWST,Financials,40,Financial Services,40200000,EQUITY,ASXListedCompanies.csv
ZLD,ZLD.AX,ZELIRA THERAPEUTICS LIMITED,"Pharmaceuticals, Biotechnology & Life Sciences",,2026-02-07T16:49:57Z,2026-02-08 00:49 AWST,Health Care,35,"Pharmaceuticals, Biotechnology & Life Sciences",35200000,EQUITY,ASXListedCompanies.csv
ZMI,ZMI.AX,ZINC OF IRELAND NL,Materials,,2026-02-07T16:49:57Z,2026-02-08 00:49 AWST,Materials,15,Materials,15100000,EQUITY,ASXListedCompanies.csv
ZMM,ZMM.AX,ZIMI LIMITED,Technology Hardware & Equipment,,2026-02-07T16:49:57Z,2026-02-08 00:49 AWST,Information Technology,45,Technology Hardware & Equipment,45200000,EQUITY,ASXListedCompanies.csv
ZNC,ZNC.AX,ZENITH MINERALS LIMITED,Materials,,2026-02-07T16:49:57Z,2026-02-08 00:49 AWST,Materials,15,Materials,15100000,EQUITY,ASXListedCompanies.csv
ZNO,ZNO.AX,ZOONO GROUP LIMITED,Materials,,2026-02-07T16:49:57Z,2026-02-08 00:49 AWST,Materials,15,Materials,15100000,EQUITY,ASXListedCompanies.csv
ZOR,ZOR.AX,ORDINARY (UNLISTED/LISTED - COSACS),Not Applic,,2026-02-07T16:49:57Z,2026-02-08 00:49 AWST,Not Applicable,00,Not Applic,00000000,EQUITY,ASXListedCompanies.csv
ZYAU,ZYAU.AX,Global X S&P/ASX 200 High Dividend ETF,ETF/ETP,Spotlight ETP List,2026-02-07T16:49:57Z,2026-02-08 00:49 AWST,,,,,ETF_ETP,ASX Investment Products Monthly Report
ZYUS,ZYUS.AX,Global X S&P 500 High Yield Low Volatility ETF,ETF/ETP,Spotlight ETP List,2026-02-07T16:49:57Z,2026-02-08 00:49 AWST,,,,,ETF_ETP,ASX Investment Products Monthly Report
